ID,Slug,Title_DE,Title_NL,Category,Subcategory,Makes,CostPrice,Main_Image,All_Images
2094,support-ticket-obd-hilfestellung,Support Ticket - OBD Hilfestellung,Accessoire · Support Ticket - OBD Hilfestellung,,,,17.85,https://autosleutel-specialist.nl/images/products/akey_2094_3475e789.jpg,https://autosleutel-specialist.nl/images/products/akey_2094_3475e789.jpg
2095,technischer-support-1-jahr,Technischer Support 1 Jahr,Accessoire · Technischer Support 1 Jahr,,,,595,https://autosleutel-specialist.nl/images/products/akey_2095_240a6daf.jpg,https://autosleutel-specialist.nl/images/products/akey_2095_240a6daf.jpg
2096,technischer-support-6-monate,Technischer Support 6 Monate,Accessoire · Technischer Support 6 Monate,,,,333.2,https://autosleutel-specialist.nl/images/products/akey_2096_a4fc0119.jpg,https://autosleutel-specialist.nl/images/products/akey_2096_a4fc0119.jpg
2097,aub101-board-geschikt-voor-audi-a6l-q7-3-knops-met-8e-chip-315mhz-434mhz-fsk,AUB101 Board geschikt voor Audi A6L Q7 3-knops met 8E chip 315mhz & 434mhz FSK,Afstandsbediening · Audi · AUB101 Board geschikt voor A6L Q7 3-knops,afstandsbedieningen,printplaat,Audi,34.51,https://autosleutel-specialist.nl/images/products/akey_2097_a73db865.jpg,https://autosleutel-specialist.nl/images/products/akey_2097_a73db865.jpg
2098,autosleutel-compatibel-met-audi-aur114x,Autosleutel compatibel met Audi - AUR114X,Smart key · Audi · Autosleutel compatibel met - AUR114X,smart-keys,smart key,Audi,59.38,https://autosleutel-specialist.nl/images/products/akey_2098_fa98e887.jpg,https://autosleutel-specialist.nl/images/products/akey_2098_fa98e887.jpg
2099,autosleutel-compatibel-met-audi-aur116iea,Autosleutel compatibel met Audi - AUR116IEA,Smart key · Audi · Autosleutel compatibel met - AUR116IEA,smart-keys,smart key,Audi,21.3,https://autosleutel-specialist.nl/images/products/akey_2099_551c6821.jpg,https://autosleutel-specialist.nl/images/products/akey_2099_551c6821.jpg
2100,autosleutel-compatibel-met-audi-aur117iea,Autosleutel compatibel met Audi - AUR117IEA,Smart key · Audi · Autosleutel compatibel met - AUR117IEA,smart-keys,smart key,Audi,29.75,https://autosleutel-specialist.nl/images/products/akey_2100_863424a6.jpg,https://autosleutel-specialist.nl/images/products/akey_2100_863424a6.jpg
2101,autosleutel-compatibel-met-audi-aur118,Autosleutel compatibel met Audi - AUR118,Smart key · Audi · Autosleutel compatibel met - AUR118,smart-keys,smart key,Audi,58.31,https://autosleutel-specialist.nl/images/products/akey_2101_0b4e3295.jpg,https://autosleutel-specialist.nl/images/products/akey_2101_0b4e3295.jpg
2102,autosleutel-compatibel-met-audi-aur119,Autosleutel compatibel met Audi - AUR119,Transponderchip · Audi · Autosleutel compatibel met - AUR119,transponders,transponder,Audi,23.68,https://autosleutel-specialist.nl/images/products/akey_2102_7327d580.jpg,https://autosleutel-specialist.nl/images/products/akey_2102_7327d580.jpg
2103,xsadj1en-autosleutel-compatibel-met-audi-smartkeylessgo,XSADJ1EN  Autosleutel compatibel met Audi Smartkeylessgo,Smart key · Audi · XSADJ1EN Autosleutel compatibel met Smartk,smart-keys,smart key,Audi,45.22,https://autosleutel-specialist.nl/images/products/akey_2103_b222744e.jpg,https://autosleutel-specialist.nl/images/products/akey_2103_b222744e.jpg
2104,xsma41en-3-knops-platine-geschikt-voor-vag,XSMA41EN 3-knops Platine geschikt voor VAG,"Afstandsbediening · Volkswagen, Audi, Porsche · XSMA41EN 3-knops Platine geschikt voor VAG",afstandsbedieningen,printplaat,"Volkswagen, Audi, Porsche",34.51,https://autosleutel-specialist.nl/images/products/akey_2104_32759e7e.jpg,https://autosleutel-specialist.nl/images/products/akey_2104_32759e7e.jpg
2105,xsma4yen-3-knops-platine-geschikt-voor-audi,XSMA4YEN 3-knops Platine geschikt voor Audi,"Afstandsbediening · Volkswagen, Audi, Porsche · XSMA4YEN 3-knops Platine geschikt voor",afstandsbedieningen,printplaat,"Volkswagen, Audi, Porsche",41.65,https://autosleutel-specialist.nl/images/products/akey_2105_3eb92e34.jpg,https://autosleutel-specialist.nl/images/products/akey_2105_3eb92e34.jpg
2106,xsma8yen-3-knops-platine-geschikt-voor-audi,XSMA8YEN 3-knops Platine geschikt voor Audi,Afstandsbediening · Audi · XSMA8YEN 3-knops Platine geschikt voor,afstandsbedieningen,printplaat,Audi,41.65,https://autosleutel-specialist.nl/images/products/akey_2106_917d1977.jpg,https://autosleutel-specialist.nl/images/products/akey_2106_917d1977.jpg
2107,xzadm1en-3-knops-fernbedienungsplatine-geschikt-voor-audi,XZADM1EN 3-knops Fernbedienungsplatine geschikt voor Audi,"Afstandsbediening · Audi, Mini · XZADM1EN 3-knops Fernbedienungsplatine ges",afstandsbedieningen,printplaat,"Audi, Mini",15.35,https://autosleutel-specialist.nl/images/products/akey_2107_26940239.jpg,https://autosleutel-specialist.nl/images/products/akey_2107_26940239.jpg
2108,autosleutel-compatibel-met-bmr105-868mhz,Autosleutel compatibel met - BMR105 - 868Mhz.,Sleutelbehuizing · BMW · Autosleutel compatibel met - BMR105 - 868M,behuizingen,noodsleutel,BMW,16.9,https://autosleutel-specialist.nl/images/products/akey_2108_18ee9ddb.jpg,https://autosleutel-specialist.nl/images/products/akey_2108_18ee9ddb.jpg
2109,autosleutel-compatibel-met-bmw-bmr102-433mhz,Autosleutel compatibel met BMW - BMR102 - 433Mhz.,Accessoire · BMW · Autosleutel compatibel met - BMR102 - 433M,,,BMW,11.84,https://autosleutel-specialist.nl/images/products/akey_2109_a170c9a2.jpg,https://autosleutel-specialist.nl/images/products/akey_2109_a170c9a2.jpg
2110,autosleutel-compatibel-met-bmw-bmr104-868mhz,Autosleutel compatibel met BMW - BMR104 - 868Mhz.,Transponderchip · BMW · Autosleutel compatibel met - BMR104 - 868M,transponders,transponder,BMW,15.35,https://autosleutel-specialist.nl/images/products/akey_2110_46171850.jpg,https://autosleutel-specialist.nl/images/products/akey_2110_46171850.jpg
2111,autosleutel-compatibel-met-bmw-bmr106-315mhz,Autosleutel compatibel met BMW - BMR106 - 315Mhz.,Transponderchip · BMW · Autosleutel compatibel met - BMR106 - 315M,transponders,transponder,BMW,15.35,https://autosleutel-specialist.nl/images/products/akey_2111_225ebd0a.jpg,https://autosleutel-specialist.nl/images/products/akey_2111_225ebd0a.jpg
2112,autosleutel-compatibel-met-bmw-bmr108-433mhz,Autosleutel compatibel met BMW - BMR108 - 433Mhz,Sleutelbehuizing · BMW · Autosleutel compatibel met - BMR108 - 433M,behuizingen,noodsleutel,BMW,15.35,https://autosleutel-specialist.nl/images/products/akey_2112_b4f0f259.jpg,https://autosleutel-specialist.nl/images/products/akey_2112_b4f0f259.jpg
2113,autosleutel-compatibel-met-bmw-bmr109iea-868mhz,Autosleutel compatibel met BMW - BMR109IEA 868Mhz.,Smart key · BMW · Autosleutel compatibel met - BMR109IEA 868,smart-keys,smart key,BMW,29.63,https://autosleutel-specialist.nl/images/products/akey_2113_0965634e.jpg,https://autosleutel-specialist.nl/images/products/akey_2113_0965634e.jpg
2114,autosleutel-compatibel-met-bmw-bmr130-868mhz,Autosleutel compatibel met BMW - BMR130 - 868Mhz.,Smart key · BMW · Autosleutel compatibel met - BMR130 - 868M,smart-keys,smart key,BMW,17.73,https://autosleutel-specialist.nl/images/products/akey_2114_9ce9bfec.jpg,https://autosleutel-specialist.nl/images/products/akey_2114_9ce9bfec.jpg
2115,xsbmb1en-4-knops-platine-geschikt-voor-bmw,XSBMB1EN  4-knops Platine geschikt voor BMW,"Afstandsbediening · BMW, Mini · XSBMB1EN 4-knops Platine geschikt voor",afstandsbedieningen,printplaat,"BMW, Mini",19.04,https://autosleutel-specialist.nl/images/products/akey_2115_6f5e888d.jpg,https://autosleutel-specialist.nl/images/products/akey_2115_6f5e888d.jpg
2116,xkbu01en-bui-c-style-flip-4btn,XKBU01EN BUI.C Style  (Flip-4BTN),Accessoire · 4 knoppen · XKBU01EN BUI.C Flip-4BTN,,,,9.4,https://autosleutel-specialist.nl/images/products/akey_2116_fe89c59f.jpg,https://autosleutel-specialist.nl/images/products/akey_2116_fe89c59f.jpg
2117,xnbu21en-bui-k-style-flip-4btn,XNBU21EN BUI.K Style  (Flip-4BTN),Accessoire · 4 knoppen · XNBU21EN BUI.K Flip-4BTN,,,,11.78,https://autosleutel-specialist.nl/images/products/akey_2117_3aeb7bb3.jpg,https://autosleutel-specialist.nl/images/products/akey_2117_3aeb7bb3.jpg
2118,autel-universal-smartkey-geschikt-voor-chrysler-fiat,Autel Universal Smartkey geschikt voor Chrysler / Fiat,"Smart key · Volkswagen, BMW, Audi · Autel Smartkey geschikt voor /",smart-keys,smart key,"Volkswagen, BMW, Audi, Nissan, Honda, Volvo, Fiat, Chrysler, Dodge",23.8,https://autosleutel-specialist.nl/images/products/akey_2118_1e251ab5.jpg,https://autosleutel-specialist.nl/images/products/akey_2118_1e251ab5.jpg
2119,autosleutel-compatibel-met-jeep-renagade-jpr105e,Autosleutel compatibel met - Jeep Renagade JPR105E,"Transponderchip · Jeep, Chrysler · Autosleutel compatibel met - Renagade JPR1",transponders,transponder,"Jeep, Chrysler",37.49,https://autosleutel-specialist.nl/images/products/akey_2119_21bb340f.jpg,https://autosleutel-specialist.nl/images/products/akey_2119_21bb340f.jpg
2120,autosleutel-compatibel-met-chrysler-chyr102,Autosleutel compatibel met Chrysler - CHYR102,"Transponderchip · Chrysler, Dodge · Autosleutel compatibel met - CHYR102",transponders,transponder,"Chrysler, Dodge",15.35,https://autosleutel-specialist.nl/images/products/akey_2120_d24e5da8.jpg,https://autosleutel-specialist.nl/images/products/akey_2120_d24e5da8.jpg
2121,autosleutel-compatibel-met-chrysler-chyr103,Autosleutel compatibel met Chrysler - CHYR103,"Smart key · Jeep, Chrysler, Dodge · Autosleutel compatibel met - CHYR103",smart-keys,smart key,"Jeep, Chrysler, Dodge",47.48,https://autosleutel-specialist.nl/images/products/akey_2121_8d057f96.jpg,https://autosleutel-specialist.nl/images/products/akey_2121_8d057f96.jpg
2122,autosleutel-compatibel-met-chrysler-chyr104,Autosleutel compatibel met Chrysler - CHYR104,Transponderchip · Chrysler · Autosleutel compatibel met - CHYR104,transponders,transponder,Chrysler,15.35,https://autosleutel-specialist.nl/images/products/akey_2122_2678e561.jpg,https://autosleutel-specialist.nl/images/products/akey_2122_2678e561.jpg
2123,autosleutel-compatibel-met-chrysler-chyr105,Autosleutel compatibel met Chrysler - CHYR105+,Sleutelbehuizing · Chrysler · Autosleutel compatibel met - CHYR105+,behuizingen,noodsleutel,Chrysler,11.78,https://autosleutel-specialist.nl/images/products/akey_2123_3d024fd0.jpg,https://autosleutel-specialist.nl/images/products/akey_2123_3d024fd0.jpg
2124,autosleutel-compatibel-met-chrysler-chyr106,Autosleutel compatibel met Chrysler - CHYR106+,Transponderchip · Chrysler · Autosleutel compatibel met - CHYR106+,transponders,transponder,Chrysler,17.73,https://autosleutel-specialist.nl/images/products/akey_2124_5e7f92a4.jpg,https://autosleutel-specialist.nl/images/products/akey_2124_5e7f92a4.jpg
2125,autosleutel-compatibel-met-chrysler-chyr107,Autosleutel compatibel met Chrysler - CHYR107+,Transponderchip · Chrysler · Autosleutel compatibel met - CHYR107+,transponders,transponder,Chrysler,17.73,https://autosleutel-specialist.nl/images/products/akey_2125_24548ec5.jpg,https://autosleutel-specialist.nl/images/products/akey_2125_24548ec5.jpg
2126,autosleutel-compatibel-met-chrysler-chyr109,Autosleutel compatibel met Chrysler - CHYR109,Transponderchip · Chrysler · Autosleutel compatibel met - CHYR109,transponders,transponder,Chrysler,15.35,https://autosleutel-specialist.nl/images/products/akey_2126_37637a02.jpg,https://autosleutel-specialist.nl/images/products/akey_2126_37637a02.jpg
2127,autosleutel-compatibel-met-chrysler-chyr110,Autosleutel compatibel met Chrysler - CHYR110,Transponderchip · Chrysler · Autosleutel compatibel met - CHYR110,transponders,transponder,Chrysler,15.35,https://autosleutel-specialist.nl/images/products/akey_2127_56696de7.jpg,https://autosleutel-specialist.nl/images/products/akey_2127_56696de7.jpg
2128,autosleutel-compatibel-met-chrysler-chyr111,Autosleutel compatibel met Chrysler - CHYR111,Transponderchip · Chrysler · Autosleutel compatibel met - CHYR111,transponders,transponder,Chrysler,15.35,https://autosleutel-specialist.nl/images/products/akey_2128_21e63981.jpg,https://autosleutel-specialist.nl/images/products/akey_2128_21e63981.jpg
2129,autosleutel-compatibel-met-chrysler-chyr112,Autosleutel compatibel met Chrysler - CHYR112,Transponderchip · Chrysler · Autosleutel compatibel met - CHYR112,transponders,transponder,Chrysler,15.35,https://autosleutel-specialist.nl/images/products/akey_2129_f76ca40b.jpg,https://autosleutel-specialist.nl/images/products/akey_2129_f76ca40b.jpg
2130,autosleutel-compatibel-met-chrysler-chyr113,Autosleutel compatibel met Chrysler - CHYR113,Transponderchip · Chrysler · Autosleutel compatibel met - CHYR113,transponders,transponder,Chrysler,15.35,https://autosleutel-specialist.nl/images/products/akey_2130_ac3e417c.jpg,https://autosleutel-specialist.nl/images/products/akey_2130_ac3e417c.jpg
2131,autosleutel-compatibel-met-chrysler-chyr130,Autosleutel compatibel met Chrysler - CHYR130,Transponderchip · Chrysler · Autosleutel compatibel met - CHYR130,transponders,transponder,Chrysler,15.35,https://autosleutel-specialist.nl/images/products/akey_2131_7bc781f2.jpg,https://autosleutel-specialist.nl/images/products/akey_2131_7bc781f2.jpg
2132,autosleutel-compatibel-met-chrysler-chyr131,Autosleutel compatibel met Chrysler - CHYR131,Transponderchip · Chrysler · Autosleutel compatibel met - CHYR131,transponders,transponder,Chrysler,11.78,https://autosleutel-specialist.nl/images/products/akey_2132_11ed569f.jpg,https://autosleutel-specialist.nl/images/products/akey_2132_11ed569f.jpg
2133,autosleutel-compatibel-met-chrysler-chyr132,Autosleutel compatibel met Chrysler - CHYR132,Transponderchip · Chrysler · Autosleutel compatibel met - CHYR132,transponders,transponder,Chrysler,11.78,https://autosleutel-specialist.nl/images/products/akey_2133_8195a31b.jpg,https://autosleutel-specialist.nl/images/products/akey_2133_8195a31b.jpg
2134,autosleutel-compatibel-met-chrysler-chyr133,Autosleutel compatibel met Chrysler - CHYR133,Transponderchip · Chrysler · Autosleutel compatibel met - CHYR133,transponders,transponder,Chrysler,11.78,https://autosleutel-specialist.nl/images/products/akey_2134_681b2d60.jpg,https://autosleutel-specialist.nl/images/products/akey_2134_681b2d60.jpg
2135,autosleutel-compatibel-met-chrysler-chyr134,Autosleutel compatibel met Chrysler - CHYR134,Transponderchip · Chrysler · Autosleutel compatibel met - CHYR134,transponders,transponder,Chrysler,10.71,https://autosleutel-specialist.nl/images/products/akey_2135_7121b757.jpg,https://autosleutel-specialist.nl/images/products/akey_2135_7121b757.jpg
2136,autosleutel-compatibel-met-chrysler-chyr135,Autosleutel compatibel met Chrysler - CHYR135,Transponderchip · Chrysler · Autosleutel compatibel met - CHYR135,transponders,transponder,Chrysler,15.35,https://autosleutel-specialist.nl/images/products/akey_2136_e65b1d76.jpg,https://autosleutel-specialist.nl/images/products/akey_2136_e65b1d76.jpg
2137,autosleutel-compatibel-met-chrysler-chyr101,Autosleutel compatibel met Chrysler-  CHYR101,Transponderchip · Chrysler · Autosleutel compatibel met - CHYR101,transponders,transponder,Chrysler,94.01,https://autosleutel-specialist.nl/images/products/akey_2137_e8751b9a.jpg,https://autosleutel-specialist.nl/images/products/akey_2137_e8751b9a.jpg
2138,autosleutel-2-knops-compatibel-met-peugeot-citroen-cpr119,Autosleutel - 2-knops compatibel met Peugeot/ Citroen - CPR119,"Transponderchip · Citroën, Peugeot · Autosleutel - 2-knops compatibel met / Cit",transponders,transponder,"Citroën, Peugeot",15.35,https://autosleutel-specialist.nl/images/products/akey_2138_0108d8c0.jpg,https://autosleutel-specialist.nl/images/products/akey_2138_0108d8c0.jpg
2139,autosleutel-2-knops-compatibel-met-peugeot-citroen-cpr120-met-fsk,Autosleutel - 2-knops compatibel met Peugeot/ Citroen - CPR120 met FSK,"Transponderchip · Citroën, Peugeot · Autosleutel - 2-knops compatibel met / Cit",transponders,transponder,"Citroën, Peugeot",15.35,https://autosleutel-specialist.nl/images/products/akey_2139_7d6c96f9.jpg,https://autosleutel-specialist.nl/images/products/akey_2139_7d6c96f9.jpg
2140,autosleutel-3-knops-compatibel-met-peugeot-citroen-cpr123-ask,Autosleutel - 3-knops compatibel met Peugeot/ Citroen - CPR123-ASK,"Transponderchip · Citroën, Peugeot · Autosleutel - 3-knops compatibel met / Cit",transponders,transponder,"Citroën, Peugeot",15.35,https://autosleutel-specialist.nl/images/products/akey_2140_96cd9b63.jpg,https://autosleutel-specialist.nl/images/products/akey_2140_96cd9b63.jpg
2141,autosleutel-2-knops-compatibel-met-peugeot-citroen-cpr121iea,Autosleutel 2-knops compatibel met Peugeot - Citroen - CPR121IEA,"Transponderchip · Citroën, Peugeot · Autosleutel 2-knops compatibel met - Citro",transponders,transponder,"Citroën, Peugeot",17.73,https://autosleutel-specialist.nl/images/products/akey_2141_5f24075b.jpg,https://autosleutel-specialist.nl/images/products/akey_2141_5f24075b.jpg
2142,autosleutel-3-knops-compatibel-met-peugeot-citroen-cpr124-fsk,Autosleutel 3-knops compatibel met Peugeot - Citroen - CPR124-FSK,"Transponderchip · Citroën, Peugeot · Autosleutel 3-knops compatibel met - Citro",transponders,transponder,"Citroën, Peugeot",17.73,https://autosleutel-specialist.nl/images/products/akey_2142_19715b33.jpg,https://autosleutel-specialist.nl/images/products/akey_2142_19715b33.jpg
2143,autosleutel-compatibel-met-citroen-ctr107,Autosleutel compatibel met Citroën - CTR107,Transponderchip · Citroën · Autosleutel compatibel met - CTR107,transponders,transponder,Citroën,35.58,https://autosleutel-specialist.nl/images/products/akey_2143_ccf888cf.jpg,https://autosleutel-specialist.nl/images/products/akey_2143_ccf888cf.jpg
2144,autosleutel-compatibel-met-citroen-ctr151,Autosleutel compatibel met Citroën - CTR151,"Transponderchip · Citroën, Peugeot · Autosleutel compatibel met - CTR151",transponders,transponder,"Citroën, Peugeot",14.88,https://autosleutel-specialist.nl/images/products/akey_2144_85c163d7.jpg,https://autosleutel-specialist.nl/images/products/akey_2144_85c163d7.jpg
2145,autosleutel-compatibel-met-peugeot-citroen-pgr102-ask,Autosleutel compatibel met Peugeot - Citroen - PGR102-ASK,"Transponderchip · Citroën, Peugeot · Autosleutel compatibel met - Citroen - PGR",transponders,transponder,"Citroën, Peugeot",15.35,https://autosleutel-specialist.nl/images/products/akey_2145_c9faea28.jpg,https://autosleutel-specialist.nl/images/products/akey_2145_c9faea28.jpg
2147,xhorse-speciale-pcb-printplaat-exclusief-geschikt-voor-peugeot-citroen-en-ds-mod,"Xhorse Speciale PCB-printplaat exclusief geschikt voor Peugeot-, Citroen- en DS-Modelle","Gereedschap · Citroën, Peugeot · Xhorse Speciale PCB-printplaat exclusief g",gereedschap,programmeerapparatuur,"Citroën, Peugeot",14.28,https://autosleutel-specialist.nl/images/products/akey_2147_c1b94ee1.jpg,https://autosleutel-specialist.nl/images/products/akey_2147_c1b94ee1.jpg
2148,xzka81en-speciale-printplaat-fur-autosleutel-4-knops-geschikt-fur-hyenai-en-kia,"XZKA81EN Speciale printplaat für Autosleutel, 4-knops, geschikt  für Hyenai en Kia","Sleutelbehuizing · Citroën, Kia · XZKA81EN Speciale printplaat für Autosleut",behuizingen,sleutelbehuizing,"Citroën, Kia",14.28,https://autosleutel-specialist.nl/images/products/akey_2148_435a4098.jpg,https://autosleutel-specialist.nl/images/products/akey_2148_435a4098.jpg
2149,xzka82en-speciale-printplaat-fur-autosleutel-4-knops-geschikt-fur-hyenai-en-kia,"XZKA82EN Speciale printplaat für Autosleutel, 4-knops, geschikt  für Hyenai en Kia","Afstandsbediening · Citroën, Kia · XZKA82EN Speciale printplaat für Autosleut",afstandsbedieningen,printplaat,"Citroën, Kia",14.28,https://autosleutel-specialist.nl/images/products/akey_2149_fd11d631.jpg,https://autosleutel-specialist.nl/images/products/akey_2149_fd11d631.jpg
2150,xzka83en-speciale-printplaat-fur-autosleutel-3-knops-geschikt-voor-hyenai-en-kia,XZKA83EN Speciale printplaat für Autosleutel 3-knops  geschikt voor Hyenai en Kia,"Gereedschap · Citroën, Kia, Mini · XZKA83EN Speciale printplaat für Autosleut",gereedschap,programmeerapparatuur,"Citroën, Kia, Mini",14.28,https://autosleutel-specialist.nl/images/products/akey_2150_c34e663c.jpg,https://autosleutel-specialist.nl/images/products/akey_2150_c34e663c.jpg
2151,autosleutel-compatibel-met-renault-rnr111,Autosleutel compatibel met Renault -  RNR111,"Transponderchip · Renault, Dacia · Autosleutel compatibel met - RNR111",transponders,transponder,"Renault, Dacia",22.49,https://autosleutel-specialist.nl/images/products/akey_2151_ec7f4da5.jpg,https://autosleutel-specialist.nl/images/products/akey_2151_ec7f4da5.jpg
2152,autosleutel-compatibel-met-renault-rnr110,Autosleutel compatibel met Renault - RNR110,"Transponderchip · Renault, Dacia · Autosleutel compatibel met - RNR110",transponders,transponder,"Renault, Dacia",15.35,https://autosleutel-specialist.nl/images/products/akey_2152_1121834c.jpg,https://autosleutel-specialist.nl/images/products/akey_2152_1121834c.jpg
2153,autosleutel-compatibel-met-renault-rnr149,Autosleutel compatibel met Renault - RNR149,"Transponderchip · Renault, Dacia · Autosleutel compatibel met - RNR149",transponders,transponder,"Renault, Dacia",20.11,https://autosleutel-specialist.nl/images/products/akey_2153_d70aed19.jpg,https://autosleutel-specialist.nl/images/products/akey_2153_d70aed19.jpg
2154,fir104e-ersetzt-durch-fir134,FIR104E      Ersetzt durch FIR134,"Transponderchip · Peugeot, Fiat · FIR104E Ersetzt durch FIR134",transponders,transponder,"Peugeot, Fiat",17.73,https://autosleutel-specialist.nl/images/products/akey_2154_ee3050e5.jpg,https://autosleutel-specialist.nl/images/products/akey_2154_ee3050e5.jpg
2155,autosleutel-compatibel-met-fiat-fir102,Autosleutel compatibel met Fiat - FIR102,"Transponderchip · Citroën, Peugeot, Fiat · Autosleutel compatibel met - FIR102",transponders,transponder,"Citroën, Peugeot, Fiat",17.73,https://autosleutel-specialist.nl/images/products/akey_2155_e5b32b5f.jpg,https://autosleutel-specialist.nl/images/products/akey_2155_e5b32b5f.jpg
2156,autosleutel-compatibel-met-fiat-fir103e,Autosleutel compatibel met Fiat - FIR103E,"Transponderchip · Opel, Citroën, Ford · Autosleutel compatibel met - FIR103E",transponders,transponder,"Opel, Citroën, Ford, Peugeot, Fiat",17.73,https://autosleutel-specialist.nl/images/products/akey_2156_c0bd7c95.jpg,https://autosleutel-specialist.nl/images/products/akey_2156_c0bd7c95.jpg
2157,autosleutel-compatibel-met-fiat-fir105e,Autosleutel compatibel met Fiat - FIR105E,Transponderchip · Fiat · Autosleutel compatibel met - FIR105E,transponders,transponder,Fiat,17.78,https://autosleutel-specialist.nl/images/products/akey_2157_c8d98631.jpg,https://autosleutel-specialist.nl/images/products/akey_2157_c8d98631.jpg
2158,autosleutel-compatibel-met-fiat-fir107e,Autosleutel compatibel met Fiat - FIR107E,"Transponderchip · Citroën, Peugeot, Fiat · Autosleutel compatibel met - FIR107E",transponders,transponder,"Citroën, Peugeot, Fiat, Iveco",17.78,https://autosleutel-specialist.nl/images/products/akey_2158_aabaa1eb.jpg,https://autosleutel-specialist.nl/images/products/akey_2158_aabaa1eb.jpg
2159,autosleutel-compatibel-met-fiat-fir108e,Autosleutel compatibel met Fiat - FIR108E,"Transponderchip · Citroën, Peugeot, Fiat · Autosleutel compatibel met - FIR108E",transponders,transponder,"Citroën, Peugeot, Fiat, Iveco",17.78,https://autosleutel-specialist.nl/images/products/akey_2159_e9d61fb2.jpg,https://autosleutel-specialist.nl/images/products/akey_2159_e9d61fb2.jpg
2160,autosleutel-compatibel-met-fiat-fir114e,Autosleutel compatibel met Fiat - FIR114E,Transponderchip · Fiat · Autosleutel compatibel met - FIR114E,transponders,transponder,Fiat,17.73,https://autosleutel-specialist.nl/images/products/akey_2160_a9df1d56.jpg,https://autosleutel-specialist.nl/images/products/akey_2160_a9df1d56.jpg
2161,autosleutel-compatibel-met-fiat-fir115e,Autosleutel compatibel met Fiat - FIR115E,Sleutelbehuizing · Fiat · Autosleutel compatibel met - FIR115E,behuizingen,sleutelbehuizing,Fiat,17.73,https://autosleutel-specialist.nl/images/products/akey_2161_a1bc9bee.jpg,https://autosleutel-specialist.nl/images/products/akey_2161_a1bc9bee.jpg
2162,autosleutel-compatibel-met-fiat-fir116e,Autosleutel compatibel met Fiat - FIR116E,Transponderchip · Fiat · Autosleutel compatibel met - FIR116E,transponders,transponder,Fiat,17.73,https://autosleutel-specialist.nl/images/products/akey_2162_3c2109f6.jpg,https://autosleutel-specialist.nl/images/products/akey_2162_3c2109f6.jpg
2163,autosleutel-compatibel-met-fiat-fir129e,Autosleutel compatibel met Fiat - FIR129E,"Transponderchip · Fiat, Jeep · Autosleutel compatibel met - FIR129E",transponders,transponder,"Fiat, Jeep",27.25,https://autosleutel-specialist.nl/images/products/akey_2163_9e89c3a5.jpg,https://autosleutel-specialist.nl/images/products/akey_2163_9e89c3a5.jpg
2164,autosleutel-compatibel-met-fiat-fir134,Autosleutel compatibel met Fiat - FIR134,"Transponderchip · Opel, Citroën, Ford · Autosleutel compatibel met - FIR134",transponders,transponder,"Opel, Citroën, Ford, Peugeot, Fiat",20.23,https://autosleutel-specialist.nl/images/products/akey_2164_0295453c.jpg,https://autosleutel-specialist.nl/images/products/akey_2164_0295453c.jpg
2165,autosleutel-compatibel-met-fiat-fir106,Autosleutel compatibel met Fiat - FIR106,Transponderchip · Fiat · Autosleutel compatibel met - FIR106,transponders,transponder,Fiat,41.53,https://autosleutel-specialist.nl/images/products/akey_2165_f4378ee9.jpg,https://autosleutel-specialist.nl/images/products/akey_2165_f4378ee9.jpg
2166,autosleutel-compatibel-met-fiat-fir117e,Autosleutel compatibel met Fiat - FIR117E,Transponderchip · Fiat · Autosleutel compatibel met - FIR117E,transponders,transponder,Fiat,23.68,https://autosleutel-specialist.nl/images/products/akey_2166_5361217a.jpg,https://autosleutel-specialist.nl/images/products/akey_2166_5361217a.jpg
2167,autosleutel-compatibel-met-fiat-fir118,Autosleutel compatibel met Fiat - FIR118,Smart key · Fiat · Autosleutel compatibel met - FIR118,smart-keys,smart key,Fiat,23.68,https://autosleutel-specialist.nl/images/products/akey_2167_70b71a6e.jpg,https://autosleutel-specialist.nl/images/products/akey_2167_70b71a6e.jpg
2168,autosleutel-compatibel-met-fiat-fir120,Autosleutel compatibel met Fiat - FIR120,"Smart key · Fiat, Chrysler · Autosleutel compatibel met - FIR120",smart-keys,smart key,"Fiat, Chrysler",23.21,https://autosleutel-specialist.nl/images/products/akey_2168_cd30bdab.jpg,https://autosleutel-specialist.nl/images/products/akey_2168_cd30bdab.jpg
2169,autosleutel-compatibel-met-fiat-fir121,Autosleutel compatibel met Fiat - FIR121,Transponderchip · Fiat · Autosleutel compatibel met - FIR121,transponders,transponder,Fiat,41.53,https://autosleutel-specialist.nl/images/products/akey_2169_1968e5fe.jpg,https://autosleutel-specialist.nl/images/products/akey_2169_1968e5fe.jpg
2170,autosleutel-compatibel-met-fiat-fir122a,Autosleutel compatibel met Fiat - FIR122A,"Smart key · Fiat, Jeep, Chrysler · Autosleutel compatibel met - FIR122A",smart-keys,smart key,"Fiat, Jeep, Chrysler",39.15,https://autosleutel-specialist.nl/images/products/akey_2170_d7fe303b.jpg,https://autosleutel-specialist.nl/images/products/akey_2170_d7fe303b.jpg
2171,autosleutel-compatibel-met-fiat-fir123x,Autosleutel compatibel met Fiat - FIR123X,"Smart key · Fiat, Jeep, Chrysler · Autosleutel compatibel met - FIR123X",smart-keys,smart key,"Fiat, Jeep, Chrysler",39.15,https://autosleutel-specialist.nl/images/products/akey_2171_329efdee.jpg,https://autosleutel-specialist.nl/images/products/akey_2171_329efdee.jpg
2172,autosleutel-compatibel-met-ford-for119,Autosleutel - compatibel met Ford - FOR119,Smart key · Ford · Autosleutel - compatibel met - FOR119,smart-keys,smart key,Ford,58.31,https://autosleutel-specialist.nl/images/products/akey_2172_ce403ddb.jpg,https://autosleutel-specialist.nl/images/products/akey_2172_ce403ddb.jpg
2173,autosleutel-compatibel-met-ford-for101,Autosleutel compatibel met Ford - FOR101,Transponderchip · Ford · Autosleutel compatibel met - FOR101,transponders,transponder,Ford,15.35,https://autosleutel-specialist.nl/images/products/akey_2173_d846f170.jpg,https://autosleutel-specialist.nl/images/products/akey_2173_d846f170.jpg
2174,autosleutel-compatibel-met-ford-for102,Autosleutel compatibel met Ford - FOR102,Smart key · Ford · Autosleutel compatibel met - FOR102,smart-keys,smart key,Ford,46.41,https://autosleutel-specialist.nl/images/products/akey_2174_dd4158f5.jpg,https://autosleutel-specialist.nl/images/products/akey_2174_dd4158f5.jpg
2175,autosleutel-compatibel-met-ford-for104,Autosleutel compatibel met Ford - FOR104+,Transponderchip · Ford · Autosleutel compatibel met - FOR104+,transponders,transponder,Ford,15.35,https://autosleutel-specialist.nl/images/products/akey_2175_5e2f79c3.jpg,https://autosleutel-specialist.nl/images/products/akey_2175_5e2f79c3.jpg
2176,autosleutel-compatibel-met-ford-for105,Autosleutel compatibel met Ford - FOR105,Sleutelbehuizing · Ford · Autosleutel compatibel met - FOR105,behuizingen,noodsleutel,Ford,20.83,https://autosleutel-specialist.nl/images/products/akey_2176_c0a2f655.jpg,https://autosleutel-specialist.nl/images/products/akey_2176_c0a2f655.jpg
2177,autosleutel-compatibel-met-ford-for106-iea,Autosleutel compatibel met Ford - FOR106+IEA,Afstandsbediening · Ford · Autosleutel compatibel met - FOR106+IEA,afstandsbedieningen,printplaat,Ford,47.48,https://autosleutel-specialist.nl/images/products/akey_2177_a7c98a7f.jpg,https://autosleutel-specialist.nl/images/products/akey_2177_a7c98a7f.jpg
2178,autosleutel-compatibel-met-ford-for107,Autosleutel compatibel met Ford - FOR107,Transponderchip · Ford · Autosleutel compatibel met - FOR107,transponders,transponder,Ford,23.68,https://autosleutel-specialist.nl/images/products/akey_2178_cd5f6844.jpg,https://autosleutel-specialist.nl/images/products/akey_2178_cd5f6844.jpg
2179,autosleutel-compatibel-met-ford-for108,Autosleutel compatibel met Ford - FOR108,Smart key · Ford · Autosleutel compatibel met - FOR108,smart-keys,smart key,Ford,94.01,https://autosleutel-specialist.nl/images/products/akey_2179_7605a1cc.jpg,https://autosleutel-specialist.nl/images/products/akey_2179_7605a1cc.jpg
2180,autosleutel-compatibel-met-ford-for109,Autosleutel compatibel met Ford - FOR109,Transponderchip · Ford · Autosleutel compatibel met - FOR109,transponders,transponder,Ford,15.35,https://autosleutel-specialist.nl/images/products/akey_2180_89822748.jpg,https://autosleutel-specialist.nl/images/products/akey_2180_89822748.jpg
2181,autosleutel-compatibel-met-ford-for114,Autosleutel compatibel met Ford - FOR114,Transponderchip · Ford · Autosleutel compatibel met - FOR114,transponders,transponder,Ford,70.21,https://autosleutel-specialist.nl/images/products/akey_2181_9fbd8281.jpg,https://autosleutel-specialist.nl/images/products/akey_2181_9fbd8281.jpg
2182,autosleutel-compatibel-met-ford-for116,Autosleutel compatibel met Ford - FOR116,Transponderchip · Ford · Autosleutel compatibel met - FOR116,transponders,transponder,Ford,46.41,https://autosleutel-specialist.nl/images/products/akey_2182_ecbca540.jpg,https://autosleutel-specialist.nl/images/products/akey_2182_ecbca540.jpg
2183,autosleutel-compatibel-met-ford-for120-or,Autosleutel compatibel met Ford - FOR120 Or,Smart key · Ford · Autosleutel compatibel met - FOR120 Or,smart-keys,smart key,Ford,42.84,https://autosleutel-specialist.nl/images/products/akey_2183_430228cd.jpg,https://autosleutel-specialist.nl/images/products/akey_2183_430228cd.jpg
2184,autosleutel-compatibel-met-ford-for121,Autosleutel compatibel met Ford - FOR121+,Transponderchip · Ford · Autosleutel compatibel met - FOR121+,transponders,transponder,Ford,17.73,https://autosleutel-specialist.nl/images/products/akey_2184_dc617792.jpg,https://autosleutel-specialist.nl/images/products/akey_2184_dc617792.jpg
2185,autosleutel-compatibel-met-ford-for122,Autosleutel compatibel met Ford - FOR122,Smart key · Ford · Autosleutel compatibel met - FOR122,smart-keys,smart key,Ford,29.75,https://autosleutel-specialist.nl/images/products/akey_2185_ad401e46.jpg,https://autosleutel-specialist.nl/images/products/akey_2185_ad401e46.jpg
2186,autosleutel-compatibel-met-ford-for123,Autosleutel compatibel met Ford - FOR123,Transponderchip · Ford · Autosleutel compatibel met - FOR123,transponders,transponder,Ford,59.38,https://autosleutel-specialist.nl/images/products/akey_2186_b1a04afe.jpg,https://autosleutel-specialist.nl/images/products/akey_2186_b1a04afe.jpg
2187,autosleutel-compatibel-met-ford-for150,Autosleutel compatibel met Ford - FOR150,Transponderchip · Ford · Autosleutel compatibel met - FOR150,transponders,transponder,Ford,5.57,https://autosleutel-specialist.nl/images/products/akey_2187_60422a36.jpg,https://autosleutel-specialist.nl/images/products/akey_2187_60422a36.jpg
2188,autosleutel-compatibel-met-ford-for151,Autosleutel compatibel met Ford - FOR151,Smart key · Ford · Autosleutel compatibel met - FOR151,smart-keys,smart key,Ford,52.21,https://autosleutel-specialist.nl/images/products/akey_2188_0f5c014e.jpg,https://autosleutel-specialist.nl/images/products/akey_2188_0f5c014e.jpg
2189,autosleutel-compatibel-met-ford-for117,Autosleutel compatibel met Ford - FOR117,Smart key · Ford · Autosleutel compatibel met - FOR117,smart-keys,smart key,Ford,22.61,https://autosleutel-specialist.nl/images/products/akey_2189_ec400fdd.jpg,https://autosleutel-specialist.nl/images/products/akey_2189_ec400fdd.jpg
2190,xnfo01en-xhorse-universal-fernbedienung,XNFO01EN XHorse Universal Fernbedienung,Gereedschap · Ford · XNFO01EN XHorse Fernbedienung,gereedschap,programmeerapparatuur,Ford,11.78,https://autosleutel-specialist.nl/images/products/akey_2190_8c6a7f55.jpg,https://autosleutel-specialist.nl/images/products/akey_2190_8c6a7f55.jpg
2191,3-knops-autosleutel-compatibel-met-honda-hon101,3-knops Autosleutel compatibel met Honda  - HON101,Transponderchip · Honda · 3-knops Autosleutel compatibel met - HON10,transponders,transponder,Honda,9.4,https://autosleutel-specialist.nl/images/products/akey_2191_2ec34896.jpg,https://autosleutel-specialist.nl/images/products/akey_2191_2ec34896.jpg
2192,autosleutel-keydiy-remote-b10-2-universal,Autosleutel - Keydiy Remote - B10-2 Universal,Gereedschap · Honda · Autosleutel - Keydiy - B10-2,gereedschap,programmeerapparatuur,Honda,11.9,https://autosleutel-specialist.nl/images/products/akey_2192_17cb128a.jpg,https://autosleutel-specialist.nl/images/products/akey_2192_17cb128a.jpg
2193,autosleutel-compatibel-met-honda-hon112e,Autosleutel compatibel met Honda - HON112E,Transponderchip · Honda · Autosleutel compatibel met - HON112E,transponders,transponder,Honda,21.42,https://autosleutel-specialist.nl/images/products/akey_2193_ff7d8272.jpg,https://autosleutel-specialist.nl/images/products/akey_2193_ff7d8272.jpg
2194,autosleutel-compatibel-met-honda-hor103,Autosleutel compatibel met Honda - HOR103,Transponderchip · Honda · Autosleutel compatibel met - HOR103,transponders,transponder,Honda,23.21,https://autosleutel-specialist.nl/images/products/akey_2194_aa7489d0.jpg,https://autosleutel-specialist.nl/images/products/akey_2194_aa7489d0.jpg
2195,autosleutel-compatibel-met-honda-hor104,Autosleutel compatibel met Honda - HOR104,"Transponderchip · Honda, Subaru · Autosleutel compatibel met - HOR104",transponders,transponder,"Honda, Subaru",22.49,https://autosleutel-specialist.nl/images/products/akey_2195_7be45b4c.jpg,https://autosleutel-specialist.nl/images/products/akey_2195_7be45b4c.jpg
2196,autosleutel-compatibel-met-honda-hor107,Autosleutel compatibel met Honda - HOR107,Smart key · Honda · Autosleutel compatibel met - HOR107,smart-keys,smart key,Honda,35.11,https://autosleutel-specialist.nl/images/products/akey_2196_6ccb8279.jpg,https://autosleutel-specialist.nl/images/products/akey_2196_6ccb8279.jpg
2197,autosleutel-compatibel-met-honda-hor108,Autosleutel compatibel met Honda - HOR108,Transponderchip · Honda · Autosleutel compatibel met - HOR108,transponders,transponder,Honda,15.35,https://autosleutel-specialist.nl/images/products/akey_2197_10314a0a.jpg,https://autosleutel-specialist.nl/images/products/akey_2197_10314a0a.jpg
2198,autosleutel-compatibel-met-honda-hor109,Autosleutel compatibel met Honda - HOR109,Transponderchip · Honda · Autosleutel compatibel met - HOR109,transponders,transponder,Honda,15.35,https://autosleutel-specialist.nl/images/products/akey_2198_2c4f7d3d.jpg,https://autosleutel-specialist.nl/images/products/akey_2198_2c4f7d3d.jpg
2199,xkho00en-hon-d-style-flip-3btn,XKHO00EN HON.D Style  (Flip-3BTN),Accessoire · Honda · 3 knoppen · XKHO00EN HON.D Flip-3BTN,,,Honda,9.4,https://autosleutel-specialist.nl/images/products/akey_2199_386dd32e.jpg,https://autosleutel-specialist.nl/images/products/akey_2199_386dd32e.jpg
2200,xkho01en-hon-d-style-flip-3-1btn,XKHO01EN HON.D Style  (Flip-3+1BTN),Accessoire · Honda · 1 knoppen · XKHO01EN HON.D Flip-3+1BTN,,,Honda,9.4,https://autosleutel-specialist.nl/images/products/akey_2200_8d69a67f.jpg,https://autosleutel-specialist.nl/images/products/akey_2200_8d69a67f.jpg
2201,xkho02en-hon-d-style-flip-2-1btn,XKHO02EN HON.D Style  (Flip-2+1BTN),Accessoire · Honda · 1 knoppen · XKHO02EN HON.D Flip-2+1BTN,,,Honda,9.4,https://autosleutel-specialist.nl/images/products/akey_2201_469f1896.jpg,https://autosleutel-specialist.nl/images/products/akey_2201_469f1896.jpg
2202,xzbt40en-4-knops-fernbedienungsplatinen-geschikt-fur-honda,XZBT40EN  4-knops Fernbedienungsplatinen geschikt  für Honda,Afstandsbediening · Honda · XZBT40EN 4-knops Fernbedienungsplatinen ge,afstandsbedieningen,printplaat,Honda,14.28,https://autosleutel-specialist.nl/images/products/akey_2202_68f399c4.jpg,https://autosleutel-specialist.nl/images/products/akey_2202_68f399c4.jpg
2203,xzbt41en-3-knops-fernbedienungsplatinen-geschikt-fur-honda,XZBT41EN  3-knops Fernbedienungsplatinen geschikt  für Honda,Afstandsbediening · Honda · XZBT41EN 3-knops Fernbedienungsplatinen ge,afstandsbedieningen,printplaat,Honda,14.28,https://autosleutel-specialist.nl/images/products/akey_2203_44b4c395.jpg,https://autosleutel-specialist.nl/images/products/akey_2203_44b4c395.jpg
2204,xzbt42en-2-knops-fernbedienungsplatinen-geschikt-fur-honda,XZBT42EN  2-knops Fernbedienungsplatinen geschikt  für Honda,Afstandsbediening · Honda · XZBT42EN 2-knops Fernbedienungsplatinen ge,afstandsbedieningen,printplaat,Honda,14.28,https://autosleutel-specialist.nl/images/products/akey_2204_df8b0cf3.jpg,https://autosleutel-specialist.nl/images/products/akey_2204_df8b0cf3.jpg
2205,xzbt43en-4-knops-fernbedienungsplatinen-geschikt-fur-honda,XZBT43EN  4-knops Fernbedienungsplatinen geschikt  für Honda,Afstandsbediening · Honda · XZBT43EN 4-knops Fernbedienungsplatinen ge,afstandsbedieningen,printplaat,Honda,14.28,https://autosleutel-specialist.nl/images/products/akey_2205_40609103.jpg,https://autosleutel-specialist.nl/images/products/akey_2205_40609103.jpg
2206,xzbt44en-5-knops-fernbedienungsplatinen-geschikt-fur-honda,XZBT44EN  5-knops Fernbedienungsplatinen geschikt  für Honda,Afstandsbediening · Honda · XZBT44EN 5-knops Fernbedienungsplatinen ge,afstandsbedieningen,printplaat,Honda,14.28,https://autosleutel-specialist.nl/images/products/akey_2206_02ca33f1.jpg,https://autosleutel-specialist.nl/images/products/akey_2206_02ca33f1.jpg
2207,xzbt51en-4-knops-fernbedienungsplatinen-geschikt-fur-honda,XZBT51EN  4-knops Fernbedienungsplatinen geschikt  für Honda,"Afstandsbediening · Honda, Mini · XZBT51EN 4-knops Fernbedienungsplatinen ge",afstandsbedieningen,printplaat,"Honda, Mini",14.28,https://autosleutel-specialist.nl/images/products/akey_2207_54ccd50d.jpg,https://autosleutel-specialist.nl/images/products/akey_2207_54ccd50d.jpg
2208,xzbtm1en-3-knops-platine-geschikt-fur-honda-motorrad,XZBTM1EN  3-knops Platine geschikt  für Honda Motorrad,Afstandsbediening · Honda · XZBTM1EN 3-knops Platine geschikt für Moto,afstandsbedieningen,printplaat,Honda,21.42,https://autosleutel-specialist.nl/images/products/akey_2208_3dee3628.jpg,https://autosleutel-specialist.nl/images/products/akey_2208_3dee3628.jpg
2209,autosleutel-b-series-remote-b28-kompatbel-met-hyenai-universal,Autosleutel - B Series Remote - B28 kompatbel met Hyenai Universal,Afstandsbediening · Hyundai · Autosleutel - B Series - B28 kompatbel met,afstandsbedieningen,afstandsbediening,Hyundai,11.9,https://autosleutel-specialist.nl/images/products/akey_2209_402b992f.jpg,https://autosleutel-specialist.nl/images/products/akey_2209_402b992f.jpg
2210,autosleutel-keydiy-remote-b16-universal,Autosleutel - Keydiy Remote - B16 Universal,"Gereedschap · Hyundai, Kia · Autosleutel - Keydiy - B16",gereedschap,programmeerapparatuur,"Hyundai, Kia",10.59,https://autosleutel-specialist.nl/images/products/akey_2210_fc6d3096.jpg,https://autosleutel-specialist.nl/images/products/akey_2210_fc6d3096.jpg
2211,autosleutel-keydiy-remote-nb04-universal,Autosleutel - Keydiy Remote - NB04 Universal,Gereedschap · Hyundai · Autosleutel - Keydiy - NB04,gereedschap,programmeerapparatuur,Hyundai,14.28,https://autosleutel-specialist.nl/images/products/akey_2211_407a08aa.jpg,https://autosleutel-specialist.nl/images/products/akey_2211_407a08aa.jpg
2212,autosleutel-keydiy-remote-nb08-3-universal,Autosleutel - Keydiy Remote - NB08-3 Universal,Gereedschap · Hyundai · Autosleutel - Keydiy - NB08-3,gereedschap,programmeerapparatuur,Hyundai,14.28,https://autosleutel-specialist.nl/images/products/akey_2212_095c0fbc.jpg,https://autosleutel-specialist.nl/images/products/akey_2212_095c0fbc.jpg
2213,autosleutel-keydiy-remote-nb25-universal,Autosleutel - Keydiy Remote - NB25 Universal,"Gereedschap · Hyundai, Kia · Autosleutel - Keydiy - NB25",gereedschap,programmeerapparatuur,"Hyundai, Kia",14.28,https://autosleutel-specialist.nl/images/products/akey_2213_bf0b8616.jpg,https://autosleutel-specialist.nl/images/products/akey_2213_bf0b8616.jpg
2214,autosleutel-keydiy-remote-nb30-universal,Autosleutel - Keydiy Remote - NB30 Universal,Gereedschap · Hyundai · Autosleutel - Keydiy - NB30,gereedschap,programmeerapparatuur,Hyundai,17.85,https://autosleutel-specialist.nl/images/products/akey_2214_3893df61.jpg,https://autosleutel-specialist.nl/images/products/akey_2214_3893df61.jpg
2215,autosleutel-nb-series-remote-nb28-kompatbel-met-hyenai-universal,Autosleutel - NB Series Remote - NB28 kompatbel met Hyenai Universal,Afstandsbediening · Hyundai · Autosleutel - NB Series - NB28 kompatbel m,afstandsbedieningen,afstandsbediening,Hyundai,14.88,https://autosleutel-specialist.nl/images/products/akey_2215_c51cd3dc.jpg,https://autosleutel-specialist.nl/images/products/akey_2215_c51cd3dc.jpg
2216,autosleutel-compatibel-met-hyenai-hyr110,Autosleutel compatibel met Hyenai -  HYR110,"Sleutelbehuizing · Hyundai, Kia · Autosleutel compatibel met Hyenai - HYR110",behuizingen,noodsleutel,"Hyundai, Kia",23.68,https://autosleutel-specialist.nl/images/products/akey_2216_a3f322e4.jpg,https://autosleutel-specialist.nl/images/products/akey_2216_a3f322e4.jpg
2217,autosleutel-compatibel-met-hyenai-hyr111,Autosleutel compatibel met Hyenai -  HYR111,"Sleutelbehuizing · Hyundai, Kia · Autosleutel compatibel met Hyenai - HYR111",behuizingen,noodsleutel,"Hyundai, Kia",23.68,https://autosleutel-specialist.nl/images/products/akey_2217_f6eb769d.jpg,https://autosleutel-specialist.nl/images/products/akey_2217_f6eb769d.jpg
2218,autosleutel-compatibel-met-hyenai-hyr112,Autosleutel compatibel met Hyenai -  HYR112,"Sleutelbehuizing · Hyundai, Kia · Autosleutel compatibel met Hyenai - HYR112",behuizingen,noodsleutel,"Hyundai, Kia",18.92,https://autosleutel-specialist.nl/images/products/akey_2218_8ddd0d9c.jpg,https://autosleutel-specialist.nl/images/products/akey_2218_8ddd0d9c.jpg
2219,autosleutel-compatibel-met-hyenai-hyr101,Autosleutel compatibel met Hyenai - HYR101,Transponderchip · Hyundai · Autosleutel compatibel met Hyenai - HYR101,transponders,transponder,Hyundai,15.35,https://autosleutel-specialist.nl/images/products/akey_2219_f882f7c4.jpg,https://autosleutel-specialist.nl/images/products/akey_2219_f882f7c4.jpg
2220,autosleutel-compatibel-met-hyenai-hyr102,Autosleutel compatibel met Hyenai - HYR102,Smart key · Hyundai · Autosleutel compatibel met Hyenai - HYR102,smart-keys,smart key,Hyundai,53.55,https://autosleutel-specialist.nl/images/products/akey_2220_b34a10b3.jpg,https://autosleutel-specialist.nl/images/products/akey_2220_b34a10b3.jpg
2221,autosleutel-compatibel-met-hyenai-hyr103,Autosleutel compatibel met Hyenai - HYR103,Transponderchip · Hyundai · Autosleutel compatibel met Hyenai - HYR103,transponders,transponder,Hyundai,20.11,https://autosleutel-specialist.nl/images/products/akey_2221_b6bb98e0.jpg,https://autosleutel-specialist.nl/images/products/akey_2221_b6bb98e0.jpg
2222,autosleutel-compatibel-met-hyenai-hyr104e,Autosleutel compatibel met Hyenai - HYR104E,Transponderchip · Hyundai · Autosleutel compatibel met Hyenai - HYR104,transponders,transponder,Hyundai,30.11,https://autosleutel-specialist.nl/images/products/akey_2222_3eeebb79.jpg,https://autosleutel-specialist.nl/images/products/akey_2222_3eeebb79.jpg
2223,autosleutel-compatibel-met-hyenai-hyr105,Autosleutel compatibel met Hyenai - HYR105,Transponderchip · Hyundai · Autosleutel compatibel met Hyenai - HYR105,transponders,transponder,Hyundai,15.35,https://autosleutel-specialist.nl/images/products/akey_2223_c1d527c4.jpg,https://autosleutel-specialist.nl/images/products/akey_2223_c1d527c4.jpg
2224,autosleutel-compatibel-met-hyenai-hyr108,Autosleutel compatibel met Hyenai - HYR108,"Sleutelbehuizing · Hyundai, Kia · Autosleutel compatibel met Hyenai - HYR108",behuizingen,noodsleutel,"Hyundai, Kia",23.68,https://autosleutel-specialist.nl/images/products/akey_2224_a8b61368.jpg,https://autosleutel-specialist.nl/images/products/akey_2224_a8b61368.jpg
2225,autosleutel-compatibel-met-hyenai-hyr109,Autosleutel compatibel met Hyenai - HYR109,Sleutelbehuizing · Hyundai · Autosleutel compatibel met Hyenai - HYR109,behuizingen,noodsleutel,Hyundai,29.63,https://autosleutel-specialist.nl/images/products/akey_2225_6be526a6.jpg,https://autosleutel-specialist.nl/images/products/akey_2225_6be526a6.jpg
2226,autosleutel-compatibel-met-hyenai-hyr113,Autosleutel compatibel met Hyenai - HYR113,Sleutelbehuizing · Hyundai · Autosleutel compatibel met Hyenai - HYR113,behuizingen,noodsleutel,Hyundai,21.3,https://autosleutel-specialist.nl/images/products/akey_2226_b84bb787.jpg,https://autosleutel-specialist.nl/images/products/akey_2226_b84bb787.jpg
2227,autosleutel-compatibel-met-hyenai-hyr114,Autosleutel compatibel met Hyenai - HYR114,Sleutelbehuizing · Hyundai · Autosleutel compatibel met Hyenai - HYR114,behuizingen,noodsleutel,Hyundai,58.31,https://autosleutel-specialist.nl/images/products/akey_2227_9e250247.jpg,https://autosleutel-specialist.nl/images/products/akey_2227_9e250247.jpg
2228,autosleutel-compatibel-met-hyenai-hyr116k,Autosleutel compatibel met Hyenai - HYR116K,Transponderchip · Hyundai · Autosleutel compatibel met Hyenai - HYR116,transponders,transponder,Hyundai,53.55,https://autosleutel-specialist.nl/images/products/akey_2228_6ee3c41a.jpg,https://autosleutel-specialist.nl/images/products/akey_2228_6ee3c41a.jpg
2229,autosleutel-compatibel-met-hyenai-hyr117,Autosleutel compatibel met Hyenai - HYR117,Sleutelbehuizing · Hyundai · Autosleutel compatibel met Hyenai - HYR117,behuizingen,noodsleutel,Hyundai,65.45,https://autosleutel-specialist.nl/images/products/akey_2229_842e1f09.jpg,https://autosleutel-specialist.nl/images/products/akey_2229_842e1f09.jpg
2230,autosleutel-compatibel-met-hyenai-hyr118,Autosleutel compatibel met Hyenai - HYR118,Sleutelbehuizing · Hyundai · Autosleutel compatibel met Hyenai - HYR118,behuizingen,noodsleutel,Hyundai,58.31,https://autosleutel-specialist.nl/images/products/akey_2230_f6b6d169.jpg,https://autosleutel-specialist.nl/images/products/akey_2230_f6b6d169.jpg
2231,autosleutel-compatibel-met-hyenai-hyr120,Autosleutel compatibel met Hyenai - HYR120,Sleutelbehuizing · Hyundai · Autosleutel compatibel met Hyenai - HYR120,behuizingen,noodsleutel,Hyundai,34.51,https://autosleutel-specialist.nl/images/products/akey_2231_4f2a6696.jpg,https://autosleutel-specialist.nl/images/products/akey_2231_4f2a6696.jpg
2232,autosleutel-compatibel-met-hyenai-hyr121,Autosleutel compatibel met Hyenai - HYR121,Smart key · Hyundai · Autosleutel compatibel met Hyenai - HYR121,smart-keys,smart key,Hyundai,23.68,https://autosleutel-specialist.nl/images/products/akey_2232_7d277311.jpg,https://autosleutel-specialist.nl/images/products/akey_2232_7d277311.jpg
2233,autosleutel-compatibel-met-hyenai-hyr122,Autosleutel compatibel met Hyenai - HYR122,Afstandsbediening · Hyundai · Autosleutel compatibel met Hyenai - HYR122,afstandsbedieningen,afstandsbediening,Hyundai,29.75,https://autosleutel-specialist.nl/images/products/akey_2233_85291ccf.jpg,https://autosleutel-specialist.nl/images/products/akey_2233_85291ccf.jpg
2234,autosleutel-compatibel-met-hyenai-hyr123,Autosleutel compatibel met Hyenai - HYR123,Smart key · Hyundai · Autosleutel compatibel met Hyenai - HYR123,smart-keys,smart key,Hyundai,34.51,https://autosleutel-specialist.nl/images/products/akey_2234_ad02607e.jpg,https://autosleutel-specialist.nl/images/products/akey_2234_ad02607e.jpg
2235,autosleutel-compatibel-met-hyenai-hyr124,Autosleutel compatibel met Hyenai - HYR124,Smart key · Hyundai · Autosleutel compatibel met Hyenai - HYR124,smart-keys,smart key,Hyundai,34.51,https://autosleutel-specialist.nl/images/products/akey_2235_56c67854.jpg,https://autosleutel-specialist.nl/images/products/akey_2235_56c67854.jpg
2236,autosleutel-5-knops-compatibel-met-jaguar-jag151,Autosleutel 5-knops compatibel met Jaguar- JAG151,Transponderchip · Jaguar · Autosleutel 5-knops compatibel met - JAG15,transponders,transponder,Jaguar,75.4,https://autosleutel-specialist.nl/images/products/akey_2236_282738ec.jpg,https://autosleutel-specialist.nl/images/products/akey_2236_282738ec.jpg
2237,autosleutel-compatibel-met-jaguar-jag150,Autosleutel compatibel met Jaguar - JAG150,Transponderchip · Jaguar · Autosleutel compatibel met - JAG150,transponders,transponder,Jaguar,23.68,https://autosleutel-specialist.nl/images/products/akey_2237_d3e88edc.jpg,https://autosleutel-specialist.nl/images/products/akey_2237_d3e88edc.jpg
2238,autosleutel-compatibel-met-land-rover-lrr103,Autosleutel compatibel met Land Rover - LRR103,"Transponderchip · Land Rover, Jaguar · Autosleutel compatibel met Rover - LRR103",transponders,transponder,"Land Rover, Jaguar",22.49,https://autosleutel-specialist.nl/images/products/akey_2238_c0d4b361.jpg,https://autosleutel-specialist.nl/images/products/akey_2238_c0d4b361.jpg
2239,autosleutel-compatibel-met-land-rover-lrr108,Autosleutel compatibel met Land Rover - LRR108+,"Transponderchip · Land Rover, Jaguar · Autosleutel compatibel met Rover - LRR108+",transponders,transponder,"Land Rover, Jaguar",23.68,https://autosleutel-specialist.nl/images/products/akey_2239_21540dcd.jpg,https://autosleutel-specialist.nl/images/products/akey_2239_21540dcd.jpg
2240,autosleutel-keydiy-remote-b19-2-universal,Autosleutel - Keydiy Remote - B19-2 Universal,Gereedschap · Kia · Autosleutel - Keydiy - B19-2,gereedschap,programmeerapparatuur,Kia,11.9,https://autosleutel-specialist.nl/images/products/akey_2240_4ea60bde.jpg,https://autosleutel-specialist.nl/images/products/akey_2240_4ea60bde.jpg
2241,autosleutel-keydiy-remote-b19-3-universal,Autosleutel - Keydiy Remote - B19-3 Universal,Gereedschap · Kia · Autosleutel - Keydiy - B19-3,gereedschap,programmeerapparatuur,Kia,11.9,https://autosleutel-specialist.nl/images/products/akey_2241_85510b60.jpg,https://autosleutel-specialist.nl/images/products/akey_2241_85510b60.jpg
2242,autosleutel-compatibel-met-hyenai-hyr159,Autosleutel compatibel met Hyenai - HYR159,Transponderchip · Kia · Autosleutel compatibel met Hyenai - HYR159,transponders,transponder,Kia,17.73,https://autosleutel-specialist.nl/images/products/akey_2242_1e80ffd6.jpg,https://autosleutel-specialist.nl/images/products/akey_2242_1e80ffd6.jpg
2243,autosleutel-compatibel-met-hyenai-hyr205x,Autosleutel compatibel met Hyenai - HYR205X,Smart key · Kia · Autosleutel compatibel met Hyenai - HYR205,smart-keys,smart key,Kia,34.51,https://autosleutel-specialist.nl/images/products/akey_2243_75067ec6.jpg,https://autosleutel-specialist.nl/images/products/akey_2243_75067ec6.jpg
2244,autosleutel-compatibel-met-hyenai-hyr206x,Autosleutel compatibel met Hyenai - HYR206X,Smart key · Kia · Autosleutel compatibel met Hyenai - HYR206,smart-keys,smart key,Kia,23.68,https://autosleutel-specialist.nl/images/products/akey_2244_a2124da9.jpg,https://autosleutel-specialist.nl/images/products/akey_2244_a2124da9.jpg
2245,autosleutel-compatibel-met-hyenai-hyr207x,Autosleutel compatibel met Hyenai - HYR207X,Smart key · Kia · Autosleutel compatibel met Hyenai - HYR207,smart-keys,smart key,Kia,34.51,https://autosleutel-specialist.nl/images/products/akey_2245_865e0395.jpg,https://autosleutel-specialist.nl/images/products/akey_2245_865e0395.jpg
2246,autosleutel-compatibel-met-hyenai-hyr208x,Autosleutel compatibel met Hyenai - HYR208X,Smart key · Kia · Autosleutel compatibel met Hyenai - HYR208,smart-keys,smart key,Kia,41.65,https://autosleutel-specialist.nl/images/products/akey_2246_d1e0e414.jpg,https://autosleutel-specialist.nl/images/products/akey_2246_d1e0e414.jpg
2247,autosleutel-compatibel-met-hyenai-hyr209x,Autosleutel compatibel met Hyenai - HYR209X,Smart key · Kia · Autosleutel compatibel met Hyenai - HYR209,smart-keys,smart key,Kia,29.75,https://autosleutel-specialist.nl/images/products/akey_2247_10f64b97.jpg,https://autosleutel-specialist.nl/images/products/akey_2247_10f64b97.jpg
2248,autosleutel-compatibel-met-hyenai-hyr210x,Autosleutel compatibel met Hyenai - HYR210X,Smart key · Kia · Autosleutel compatibel met Hyenai - HYR210,smart-keys,smart key,Kia,23.68,https://autosleutel-specialist.nl/images/products/akey_2248_9ebd4883.jpg,https://autosleutel-specialist.nl/images/products/akey_2248_9ebd4883.jpg
2249,autosleutel-compatibel-met-hyenai-kia-hyr158,Autosleutel compatibel met Hyenai / Kia - HYR158,Transponderchip · Kia · Autosleutel compatibel met Hyenai / - HYR1,transponders,transponder,Kia,23.68,https://autosleutel-specialist.nl/images/products/akey_2249_dc646499.jpg,https://autosleutel-specialist.nl/images/products/akey_2249_dc646499.jpg
2250,autosleutel-compatibel-met-kia-kir101,Autosleutel compatibel met Kia - KIR101,Transponderchip · Kia · Autosleutel compatibel met - KIR101,transponders,transponder,Kia,58.31,https://autosleutel-specialist.nl/images/products/akey_2250_2640d100.jpg,https://autosleutel-specialist.nl/images/products/akey_2250_2640d100.jpg
2251,autosleutel-compatibel-met-kia-kir102,Autosleutel compatibel met Kia - KIR102,Transponderchip · Kia · Autosleutel compatibel met - KIR102,transponders,transponder,Kia,46.41,https://autosleutel-specialist.nl/images/products/akey_2251_a7686aa1.jpg,https://autosleutel-specialist.nl/images/products/akey_2251_a7686aa1.jpg
2252,autosleutel-compatibel-met-kia-kir103,Autosleutel compatibel met Kia - KIR103,Transponderchip · Kia · Autosleutel compatibel met - KIR103,transponders,transponder,Kia,58.31,https://autosleutel-specialist.nl/images/products/akey_2252_875cedf9.jpg,https://autosleutel-specialist.nl/images/products/akey_2252_875cedf9.jpg
2253,autosleutel-compatibel-met-kia-kir104,Autosleutel compatibel met Kia - KIR104,Transponderchip · Kia · Autosleutel compatibel met - KIR104,transponders,transponder,Kia,153.51,https://autosleutel-specialist.nl/images/products/akey_2253_2b4748a7.jpg,https://autosleutel-specialist.nl/images/products/akey_2253_2b4748a7.jpg
2254,autosleutel-compatibel-met-kia-kir105,Autosleutel compatibel met Kia - KIR105,Transponderchip · Kia · Autosleutel compatibel met - KIR105,transponders,transponder,Kia,58.31,https://autosleutel-specialist.nl/images/products/akey_2254_34506e3f.jpg,https://autosleutel-specialist.nl/images/products/akey_2254_34506e3f.jpg
2255,autosleutel-compatibel-met-kia-kir106,Autosleutel compatibel met Kia - KIR106,Transponderchip · Kia · Autosleutel compatibel met - KIR106,transponders,transponder,Kia,46.41,https://autosleutel-specialist.nl/images/products/akey_2255_f87b88e5.jpg,https://autosleutel-specialist.nl/images/products/akey_2255_f87b88e5.jpg
2256,autosleutel-compatibel-met-kia-kir107,Autosleutel compatibel met Kia - KIR107,Transponderchip · Kia · Autosleutel compatibel met - KIR107,transponders,transponder,Kia,24.99,https://autosleutel-specialist.nl/images/products/akey_2256_62a2be8c.jpg,https://autosleutel-specialist.nl/images/products/akey_2256_62a2be8c.jpg
2257,autosleutel-compatibel-met-land-rover-lrr101,Autosleutel compatibel met Land Rover - LRR101,Transponderchip · Land Rover · Autosleutel compatibel met Rover - LRR101,transponders,transponder,Land Rover,46.41,https://autosleutel-specialist.nl/images/products/akey_2257_f02fb284.jpg,https://autosleutel-specialist.nl/images/products/akey_2257_f02fb284.jpg
2258,autosleutel-compatibel-met-land-rover-lrr102,Autosleutel compatibel met Land Rover - LRR102+,Transponderchip · Land Rover · Autosleutel compatibel met Rover - LRR102+,transponders,transponder,Land Rover,29.63,https://autosleutel-specialist.nl/images/products/akey_2258_9eb163d9.jpg,https://autosleutel-specialist.nl/images/products/akey_2258_9eb163d9.jpg
2260,autosleutel-compatibel-met-land-rover-lrr104,Autosleutel compatibel met Land Rover - LRR104,Transponderchip · Land Rover · Autosleutel compatibel met Rover - LRR104,transponders,transponder,Land Rover,29.63,https://autosleutel-specialist.nl/images/products/akey_2260_23e5527d.jpg,https://autosleutel-specialist.nl/images/products/akey_2260_23e5527d.jpg
2261,autosleutel-compatibel-met-land-rover-lrr105,Autosleutel compatibel met Land Rover - LRR105,Transponderchip · Land Rover · Autosleutel compatibel met Rover - LRR105,transponders,transponder,Land Rover,44.03,https://autosleutel-specialist.nl/images/products/akey_2261_87284cf0.jpg,https://autosleutel-specialist.nl/images/products/akey_2261_87284cf0.jpg
2262,autosleutel-compatibel-met-land-rover-lrr106,Autosleutel compatibel met Land Rover - LRR106,Transponderchip · Land Rover · Autosleutel compatibel met Rover - LRR106,transponders,transponder,Land Rover,46.41,https://autosleutel-specialist.nl/images/products/akey_2262_a50a40d4.jpg,https://autosleutel-specialist.nl/images/products/akey_2262_a50a40d4.jpg
2263,autosleutel-behuizing-compatibel-met-toyota-toyrc101,Autosleutel-Behuizing compatibel met Toyota  - TOYRC101,"Sleutelbehuizing · Toyota, Lexus · Autosleutel-Behuizing compatibel met - TOY",behuizingen,sleutelbehuizing,"Toyota, Lexus",1.79,https://autosleutel-specialist.nl/images/products/akey_2263_fa6cf4c2.jpg,https://autosleutel-specialist.nl/images/products/akey_2263_fa6cf4c2.jpg
2264,autosleutel-behuizing-compatibel-met-toyota-toyrc102,Autosleutel-Behuizing compatibel met Toyota  - TOYRC102,"Sleutelbehuizing · Toyota, Lexus · Autosleutel-Behuizing compatibel met - TOY",behuizingen,sleutelbehuizing,"Toyota, Lexus",1.79,https://autosleutel-specialist.nl/images/products/akey_2264_f6ad3a42.jpg,https://autosleutel-specialist.nl/images/products/akey_2264_f6ad3a42.jpg
2265,autosleutel-behuizing-compatibel-met-toyota-toyrc104,Autosleutel-Behuizing compatibel met Toyota  - TOYRC104,"Sleutelbehuizing · Toyota, Lexus · Autosleutel-Behuizing compatibel met - TOY",behuizingen,sleutelbehuizing,"Toyota, Lexus",1.79,https://autosleutel-specialist.nl/images/products/akey_2265_647c4d28.jpg,https://autosleutel-specialist.nl/images/products/akey_2265_647c4d28.jpg
2266,autosleutel-behuizing-compatibel-met-toyota-toyrc105,Autosleutel-Behuizing compatibel met Toyota  - TOYRC105,"Sleutelbehuizing · Toyota, Lexus · Autosleutel-Behuizing compatibel met - TOY",behuizingen,sleutelbehuizing,"Toyota, Lexus",1.79,https://autosleutel-specialist.nl/images/products/akey_2266_8e3dae27.jpg,https://autosleutel-specialist.nl/images/products/akey_2266_8e3dae27.jpg
2267,autosleutel-behuizing-compatibel-met-toyota-toyrc107,Autosleutel-Behuizing compatibel met Toyota  - TOYRC107,"Sleutelbehuizing · Toyota, Lexus · Autosleutel-Behuizing compatibel met - TOY",behuizingen,sleutelbehuizing,"Toyota, Lexus",5.36,https://autosleutel-specialist.nl/images/products/akey_2267_3583dfbe.jpg,https://autosleutel-specialist.nl/images/products/akey_2267_3583dfbe.jpg
2268,autosleutel-behuizing-compatibel-met-toyota-toyrc108,Autosleutel-Behuizing compatibel met Toyota  - TOYRC108,"Sleutelbehuizing · Toyota, Lexus · Autosleutel-Behuizing compatibel met - TOY",behuizingen,sleutelbehuizing,"Toyota, Lexus",5.36,https://autosleutel-specialist.nl/images/products/akey_2268_b9003d56.jpg,https://autosleutel-specialist.nl/images/products/akey_2268_b9003d56.jpg
2269,autosleutel-behuizing-compatibel-met-toyota-toyrc112,Autosleutel-Behuizing compatibel met Toyota  - TOYRC112,"Sleutelbehuizing · Toyota, Lexus · Autosleutel-Behuizing compatibel met - TOY",behuizingen,sleutelbehuizing,"Toyota, Lexus",2.26,https://autosleutel-specialist.nl/images/products/akey_2269_11bc0468.jpg,https://autosleutel-specialist.nl/images/products/akey_2269_11bc0468.jpg
2270,autosleutel-behuizing-compatibel-met-toyota-toyrc113,Autosleutel-Behuizing compatibel met Toyota  - TOYRC113,"Sleutelbehuizing · Toyota, Lexus · Autosleutel-Behuizing compatibel met - TOY",behuizingen,sleutelbehuizing,"Toyota, Lexus",15.35,https://autosleutel-specialist.nl/images/products/akey_2270_e434c636.jpg,https://autosleutel-specialist.nl/images/products/akey_2270_e434c636.jpg
2271,autosleutel-behuizing-compatibel-met-toyota-toyrc114,Autosleutel-Behuizing compatibel met Toyota  - TOYRC114,"Sleutelbehuizing · Toyota, Lexus · Autosleutel-Behuizing compatibel met - TOY",behuizingen,sleutelbehuizing,"Toyota, Lexus",15.35,https://autosleutel-specialist.nl/images/products/akey_2271_c4968b6e.jpg,https://autosleutel-specialist.nl/images/products/akey_2271_c4968b6e.jpg
2272,autosleutel-behuizing-compatibel-met-toyota-toyrc115,Autosleutel-Behuizing compatibel met Toyota  - TOYRC115,"Sleutelbehuizing · Toyota, Lexus · Autosleutel-Behuizing compatibel met - TOY",behuizingen,sleutelbehuizing,"Toyota, Lexus",1.79,https://autosleutel-specialist.nl/images/products/akey_2272_27f8f08d.jpg,https://autosleutel-specialist.nl/images/products/akey_2272_27f8f08d.jpg
2273,autosleutel-behuizing-compatibel-met-toyota-toyrc116,Autosleutel-Behuizing compatibel met Toyota  - TOYRC116,"Sleutelbehuizing · Toyota, Lexus · Autosleutel-Behuizing compatibel met - TOY",behuizingen,sleutelbehuizing,"Toyota, Lexus",1.79,https://autosleutel-specialist.nl/images/products/akey_2273_994ae0b8.jpg,https://autosleutel-specialist.nl/images/products/akey_2273_994ae0b8.jpg
2274,autosleutel-behuizing-compatibel-met-toyota-toyrc123,Autosleutel-Behuizing compatibel met Toyota  - TOYRC123,"Sleutelbehuizing · Toyota, Lexus · Autosleutel-Behuizing compatibel met - TOY",behuizingen,sleutelbehuizing,"Toyota, Lexus",1.79,https://autosleutel-specialist.nl/images/products/akey_2274_d82f5366.jpg,https://autosleutel-specialist.nl/images/products/akey_2274_d82f5366.jpg
2275,autosleutel-behuizing-compatibel-met-toyota-toyrc149,Autosleutel-Behuizing compatibel met Toyota  - TOYRC149,"Sleutelbehuizing · Toyota, Lexus · Autosleutel-Behuizing compatibel met - TOY",behuizingen,sleutelbehuizing,"Toyota, Lexus",4.64,https://autosleutel-specialist.nl/images/products/akey_2275_073a15cd.jpg,https://autosleutel-specialist.nl/images/products/akey_2275_073a15cd.jpg
2276,autosleutel-behuizing-compatibel-met-toyota-toyrc150,Autosleutel-Behuizing compatibel met Toyota  - TOYRC150,"Sleutelbehuizing · Toyota, Lexus · Autosleutel-Behuizing compatibel met - TOY",behuizingen,sleutelbehuizing,"Toyota, Lexus",5.83,https://autosleutel-specialist.nl/images/products/akey_2276_a642a007.jpg,https://autosleutel-specialist.nl/images/products/akey_2276_a642a007.jpg
2277,autosleutel-behuizing-compatibel-met-toyota-toyrc152,Autosleutel-Behuizing compatibel met Toyota  - TOYRC152,"Sleutelbehuizing · Toyota, Lexus · Autosleutel-Behuizing compatibel met - TOY",behuizingen,sleutelbehuizing,"Toyota, Lexus",2.14,https://autosleutel-specialist.nl/images/products/akey_2277_80dfe0e3.jpg,https://autosleutel-specialist.nl/images/products/akey_2277_80dfe0e3.jpg
2278,autosleutel-behuizing-compatibel-met-toyota-toyrc153,Autosleutel-Behuizing compatibel met Toyota  - TOYRC153,"Sleutelbehuizing · Toyota, Lexus · Autosleutel-Behuizing compatibel met - TOY",behuizingen,sleutelbehuizing,"Toyota, Lexus",1.79,https://autosleutel-specialist.nl/images/products/akey_2278_de3bc16d.jpg,https://autosleutel-specialist.nl/images/products/akey_2278_de3bc16d.jpg
2279,autosleutel-behuizing-compatibel-met-toyota-toyrc155,Autosleutel-Behuizing compatibel met Toyota  - TOYRC155,"Sleutelbehuizing · Toyota, Lexus · Autosleutel-Behuizing compatibel met - TOY",behuizingen,sleutelbehuizing,"Toyota, Lexus",2.14,https://autosleutel-specialist.nl/images/products/akey_2279_c85fdbd1.jpg,https://autosleutel-specialist.nl/images/products/akey_2279_c85fdbd1.jpg
2280,autosleutel-behuizing-compatibel-met-toyota-toyrc156,Autosleutel-Behuizing compatibel met Toyota  - TOYRC156,"Sleutelbehuizing · Toyota, Lexus · Autosleutel-Behuizing compatibel met - TOY",behuizingen,sleutelbehuizing,"Toyota, Lexus",2.14,https://autosleutel-specialist.nl/images/products/akey_2280_bdbffb65.jpg,https://autosleutel-specialist.nl/images/products/akey_2280_bdbffb65.jpg
2281,autosleutel-behuizing-compatibel-met-toyota-toyrc110,Autosleutel-Behuizing compatibel met Toyota - TOYRC110,"Sleutelbehuizing · Toyota, Lexus · Autosleutel-Behuizing compatibel met - TOY",behuizingen,sleutelbehuizing,"Toyota, Lexus",7.02,https://autosleutel-specialist.nl/images/products/akey_2281_aa8cc1ee.jpg,https://autosleutel-specialist.nl/images/products/akey_2281_aa8cc1ee.jpg
2282,autosleutel-behuizing-compatibel-met-toyota-toyrc117,Autosleutel-Behuizing compatibel met Toyota - TOYRC117,"Sleutelbehuizing · Toyota, Lexus · Autosleutel-Behuizing compatibel met - TOY",behuizingen,sleutelbehuizing,"Toyota, Lexus",9.4,https://autosleutel-specialist.nl/images/products/akey_2282_6b117d06.jpg,https://autosleutel-specialist.nl/images/products/akey_2282_6b117d06.jpg
2283,autosleutel-behuizing-compatibel-met-toyota-toyrc118,Autosleutel-Behuizing compatibel met Toyota - TOYRC118,"Sleutelbehuizing · Toyota, Lexus · Autosleutel-Behuizing compatibel met - TOY",behuizingen,sleutelbehuizing,"Toyota, Lexus",9.4,https://autosleutel-specialist.nl/images/products/akey_2283_e10e38b0.jpg,https://autosleutel-specialist.nl/images/products/akey_2283_e10e38b0.jpg
2284,autosleutel-behuizing-compatibel-met-toyota-toyrc151,Autosleutel-Behuizing compatibel met Toyota - TOYRC151,"Sleutelbehuizing · Toyota, Lexus · Autosleutel-Behuizing compatibel met - TOY",behuizingen,sleutelbehuizing,"Toyota, Lexus",2.14,https://autosleutel-specialist.nl/images/products/akey_2284_f189e3c6.jpg,https://autosleutel-specialist.nl/images/products/akey_2284_f189e3c6.jpg
2285,autosleutel-behuizing-compatibel-met-toyota-toyrc158,Autosleutel-Behuizing compatibel met Toyota - TOYRC158,"Sleutelbehuizing · Toyota, Lexus · Autosleutel-Behuizing compatibel met - TOY",behuizingen,sleutelbehuizing,"Toyota, Lexus",7.02,https://autosleutel-specialist.nl/images/products/akey_2285_3a95c43a.jpg,https://autosleutel-specialist.nl/images/products/akey_2285_3a95c43a.jpg
2286,autosleutel-behuizing-compatibel-met-toyota-toyrc109,Autosleutel-Behuizing compatibel met Toyota TOYRC109,"Sleutelbehuizing · Toyota, Lexus · Autosleutel-Behuizing compatibel met TOYRC",behuizingen,sleutelbehuizing,"Toyota, Lexus",2.26,https://autosleutel-specialist.nl/images/products/akey_2286_d2624ae8.jpg,https://autosleutel-specialist.nl/images/products/akey_2286_d2624ae8.jpg
2287,knoppenfeld-knoppengummi-compatibel-met-toyota-2-bzw-3-knops,knoppenfeld knoppengummi compatibel met Toyota 2 bzw. 3-knops,"Accessoire · Toyota, Lexus · knoppenfeld knoppengummi compatibel met 2",,,"Toyota, Lexus",1.07,https://autosleutel-specialist.nl/images/products/akey_2287_0ef94e42.jpg,https://autosleutel-specialist.nl/images/products/akey_2287_0ef94e42.jpg
2288,autosleutel-compatibel-met-mazda-mzr102,Autosleutel compatibel met Mazda - MZR102,Transponderchip · Mazda · Autosleutel compatibel met - MZR102,transponders,transponder,Mazda,21.42,https://autosleutel-specialist.nl/images/products/akey_2288_87ddfc76.jpg,https://autosleutel-specialist.nl/images/products/akey_2288_87ddfc76.jpg
2289,autosleutel-compatibel-met-mazda-mzr103,Autosleutel compatibel met Mazda - MZR103,Transponderchip · Mazda · Autosleutel compatibel met - MZR103,transponders,transponder,Mazda,21.42,https://autosleutel-specialist.nl/images/products/akey_2289_fbea018f.jpg,https://autosleutel-specialist.nl/images/products/akey_2289_fbea018f.jpg
2290,autosleutel-compatibel-met-mazda-mzr104,Autosleutel compatibel met Mazda - MZR104,Smart key · Mazda · Autosleutel compatibel met - MZR104,smart-keys,smart key,Mazda,34.51,https://autosleutel-specialist.nl/images/products/akey_2290_1f379f1d.jpg,https://autosleutel-specialist.nl/images/products/akey_2290_1f379f1d.jpg
2291,autosleutel-compatibel-met-mazda-mzr105,Autosleutel compatibel met Mazda - MZR105,Transponderchip · Mazda · Autosleutel compatibel met - MZR105,transponders,transponder,Mazda,29.16,https://autosleutel-specialist.nl/images/products/akey_2291_6cb9d564.jpg,https://autosleutel-specialist.nl/images/products/akey_2291_6cb9d564.jpg
2292,autosleutel-compatibel-met-mazda-mzr106,Autosleutel compatibel met Mazda - MZR106,Smart key · Mazda · Autosleutel compatibel met - MZR106,smart-keys,smart key,Mazda,34.51,https://autosleutel-specialist.nl/images/products/akey_2292_b427aed2.jpg,https://autosleutel-specialist.nl/images/products/akey_2292_b427aed2.jpg
2293,autosleutel-compatibel-met-mazda-mzr107,Autosleutel compatibel met Mazda - MZR107,Sleutelbehuizing · Mazda · Autosleutel compatibel met - MZR107,behuizingen,noodsleutel,Mazda,35.11,https://autosleutel-specialist.nl/images/products/akey_2293_4a14b20e.jpg,https://autosleutel-specialist.nl/images/products/akey_2293_4a14b20e.jpg
2294,xkma00en-maz-d-style-flip-3btn,XKMA00EN MAZ.D Style  (Flip-3BTN),Accessoire · Mazda · 3 knoppen · XKMA00EN MAZ.D Flip-3BTN,,,Mazda,9.4,https://autosleutel-specialist.nl/images/products/akey_2294_c78a3bc2.jpg,https://autosleutel-specialist.nl/images/products/akey_2294_c78a3bc2.jpg
2296,bzr120cg-geschikt-voor-mercedes-benz-cgdi,BZR120CG geschikt voor Mercedes Benz CGDI,Gereedschap · Mercedes-Benz · BZR120CG geschikt voor Benz CGDI,gereedschap,programmeerapparatuur,Mercedes-Benz,15.35,https://autosleutel-specialist.nl/images/products/akey_2296_2817f61e.jpg,https://autosleutel-specialist.nl/images/products/akey_2296_2817f61e.jpg
2297,autosleutel-geschikt-voor-mercedes-benz,Autosleutel geschikt voor Mercedes-Benz,Transponderchip · Mercedes-Benz · Autosleutel geschikt voor -Benz,transponders,transponder,Mercedes-Benz,105.91,https://autosleutel-specialist.nl/images/products/akey_2297_b7207844.jpg,https://autosleutel-specialist.nl/images/products/akey_2297_b7207844.jpg
2298,autosleutel-geschikt-voor-mercedes-benz-bzr125,Autosleutel geschikt voor Mercedes-Benz - BZR125,Transponderchip · Mercedes-Benz · Autosleutel geschikt voor -Benz - BZR125,transponders,transponder,Mercedes-Benz,105.91,https://autosleutel-specialist.nl/images/products/akey_2298_2fa7a483.jpg,https://autosleutel-specialist.nl/images/products/akey_2298_2fa7a483.jpg
2299,autosleutel-geschikt-voor-mercedes-benz-bzr128,Autosleutel geschikt voor Mercedes-Benz - BZR128,Transponderchip · Mercedes-Benz · Autosleutel geschikt voor -Benz - BZR128,transponders,transponder,Mercedes-Benz,129.71,https://autosleutel-specialist.nl/images/products/akey_2299_9b7dd0e4.jpg,https://autosleutel-specialist.nl/images/products/akey_2299_9b7dd0e4.jpg
2300,autosleutel-geschikt-voor-mercedes-benz-bzr129,Autosleutel geschikt voor Mercedes-Benz - BZR129,Transponderchip · Mercedes-Benz · Autosleutel geschikt voor -Benz - BZR129,transponders,transponder,Mercedes-Benz,105.91,https://autosleutel-specialist.nl/images/products/akey_2300_0737dfcb.jpg,https://autosleutel-specialist.nl/images/products/akey_2300_0737dfcb.jpg
2301,autosleutel-geschikt-voor-mercedes-benz-bzr130,Autosleutel geschikt voor Mercedes-Benz - BZR130,Transponderchip · Mercedes-Benz · Autosleutel geschikt voor -Benz - BZR130,transponders,transponder,Mercedes-Benz,105.91,https://autosleutel-specialist.nl/images/products/akey_2301_17ff0240.jpg,https://autosleutel-specialist.nl/images/products/akey_2301_17ff0240.jpg
2302,autosleutel-geschikt-voor-mercedes-benz-bzr131-geschikt-voor-w168-w414-slk,"Autosleutel geschikt voor Mercedes-Benz - BZR131 geschikt voor W168, W414, SLK",Transponderchip · Mercedes-Benz · Autosleutel geschikt voor -Benz - BZR131 g,transponders,transponder,Mercedes-Benz,105.91,https://autosleutel-specialist.nl/images/products/akey_2302_a7cbe6e8.jpg,https://autosleutel-specialist.nl/images/products/akey_2302_a7cbe6e8.jpg
2303,autosleutel-geschikt-voor-mercedes-benz-129-140-461,Autosleutel geschikt voor Mercedes-Benz 129 - 140 - 461,Transponderchip · Mercedes-Benz · Autosleutel geschikt voor -Benz 129 - 140,transponders,transponder,Mercedes-Benz,105.91,https://autosleutel-specialist.nl/images/products/akey_2303_b1b33497.jpg,https://autosleutel-specialist.nl/images/products/akey_2303_b1b33497.jpg
2304,autosleutel-geschikt-voor-mercedes-benz-163-ml,Autosleutel geschikt voor Mercedes-Benz 163 ML,"Afstandsbediening · Mercedes-Benz, Dodge · Autosleutel geschikt voor -Benz 163 ML",afstandsbedieningen,afstandsbediening,"Mercedes-Benz, Dodge",105.91,https://autosleutel-specialist.nl/images/products/akey_2304_4464b609.jpg,https://autosleutel-specialist.nl/images/products/akey_2304_4464b609.jpg
2305,autosleutel-geschikt-voor-mercedes-benz-bzr121-slk-w168-crossfire,Autosleutel geschikt voor Mercedes-Benz BZR121 SLK / W168 / Crossfire,Transponderchip · Mercedes-Benz · Autosleutel geschikt voor -Benz BZR121 SLK,transponders,transponder,Mercedes-Benz,105.91,https://autosleutel-specialist.nl/images/products/akey_2305_f98e6296.jpg,https://autosleutel-specialist.nl/images/products/akey_2305_f98e6296.jpg
2306,autosleutel-geschikt-voor-mercedes-benz-ml-w163,Autosleutel geschikt voor Mercedes-Benz ML W163,"Afstandsbediening · Mercedes-Benz, Dodge · Autosleutel geschikt voor -Benz ML W163",afstandsbedieningen,afstandsbediening,"Mercedes-Benz, Dodge",105.91,https://autosleutel-specialist.nl/images/products/akey_2306_b5edb258.jpg,https://autosleutel-specialist.nl/images/products/akey_2306_b5edb258.jpg
2307,autosleutel-compatibel-met-mercedes-benz-bzr119iea,Autosleutel compatibel met Mercedes Benz - BZR119IEA,Gereedschap · Mercedes-Benz · Autosleutel compatibel met Benz - BZR119IE,gereedschap,programmeerapparatuur,Mercedes-Benz,17.73,https://autosleutel-specialist.nl/images/products/akey_2307_f4ad9042.jpg,https://autosleutel-specialist.nl/images/products/akey_2307_f4ad9042.jpg
2308,autosleutel-compatibel-met-renault-rnr120,Autosleutel compatibel met Renault - RNR120,"Accessoire · Mercedes-Benz, Opel, Renault · Autosleutel compatibel met - RNR120",,,"Mercedes-Benz, Opel, Renault, Nissan, Dacia",18.92,https://autosleutel-specialist.nl/images/products/akey_2308_d6982c22.jpg,https://autosleutel-specialist.nl/images/products/akey_2308_d6982c22.jpg
2309,autosleutel-compatibel-met-renault-rnr121,Autosleutel compatibel met Renault - RNR121,"Accessoire · Mercedes-Benz, Renault · Autosleutel compatibel met - RNR121",,,"Mercedes-Benz, Renault",23.68,https://autosleutel-specialist.nl/images/products/akey_2309_a097ee87.jpg,https://autosleutel-specialist.nl/images/products/akey_2309_a097ee87.jpg
2310,xnbz01en-autosleutel-xhorse-remote-board,XNBZ01EN Autosleutel - Xhorse Remote Board,Gereedschap · Mercedes-Benz · XNBZ01EN Autosleutel - Xhorse Board,gereedschap,programmeerapparatuur,Mercedes-Benz,20.11,https://autosleutel-specialist.nl/images/products/akey_2310_6a027baa.jpg,https://autosleutel-specialist.nl/images/products/akey_2310_6a027baa.jpg
2311,xnbzt1gl-autosleutel-xhorse-remote-board,XNBZT1GL Autosleutel - Xhorse Remote Board,Gereedschap · Mercedes-Benz · XNBZT1GL Autosleutel - Xhorse Board,gereedschap,programmeerapparatuur,Mercedes-Benz,13.09,https://autosleutel-specialist.nl/images/products/akey_2311_0029640f.jpg,https://autosleutel-specialist.nl/images/products/akey_2311_0029640f.jpg
2312,xsbz01en-autosleutel-xhorse-remote-board-fbs3-keylessgoo,XSBZ01EN Autosleutel - Xhorse Remote Board - FBS3 Keylessgoo,Gereedschap · Mercedes-Benz · XSBZ01EN Autosleutel - Xhorse Board - FBS3,gereedschap,programmeerapparatuur,Mercedes-Benz,82.11,https://autosleutel-specialist.nl/images/products/akey_2312_7c50165b.jpg,https://autosleutel-specialist.nl/images/products/akey_2312_7c50165b.jpg
2313,autosleutel-compatibel-met-bmw-mini-mcr105,Autosleutel compatibel met BMW / Mini - MCR105,"Transponderchip · BMW, Mini · Autosleutel compatibel met / - MCR105",transponders,transponder,"BMW, Mini",46.41,https://autosleutel-specialist.nl/images/products/akey_2313_f83161a4.jpg,https://autosleutel-specialist.nl/images/products/akey_2313_f83161a4.jpg
2314,autosleutel-compatibel-met-mini-mcr101,Autosleutel compatibel met Mini - MCR101,Transponderchip · Mini · Autosleutel compatibel met - MCR101,transponders,transponder,Mini,23.21,https://autosleutel-specialist.nl/images/products/akey_2314_2d45b698.jpg,https://autosleutel-specialist.nl/images/products/akey_2314_2d45b698.jpg
2315,autosleutel-compatibel-met-metsubishi-metr107,Autosleutel compatibel met metsubishi  metR107,Transponderchip · Mitsubishi · Autosleutel compatibel met metsubishi metR,transponders,transponder,Mitsubishi,22.61,https://autosleutel-specialist.nl/images/products/akey_2315_09e0b62a.jpg,https://autosleutel-specialist.nl/images/products/akey_2315_09e0b62a.jpg
2316,autosleutel-compatibel-met-metsubishi-metr103,Autosleutel compatibel met metsubishi- metR103,Transponderchip · Mitsubishi · Autosleutel compatibel met metsubishi- met,transponders,transponder,Mitsubishi,15.35,https://autosleutel-specialist.nl/images/products/akey_2316_d858c0bd.jpg,https://autosleutel-specialist.nl/images/products/akey_2316_d858c0bd.jpg
2317,autosleutel-compatibel-met-nissan-nir104,Autosleutel compatibel met Nissan - NIR104,Transponderchip · Nissan · Autosleutel compatibel met - NIR104,transponders,transponder,Nissan,20.11,https://autosleutel-specialist.nl/images/products/akey_2317_eae3a0f2.jpg,https://autosleutel-specialist.nl/images/products/akey_2317_eae3a0f2.jpg
2318,autosleutel-compatibel-met-nissan-nir105e,Autosleutel compatibel met Nissan - NIR105E,Transponderchip · Nissan · Autosleutel compatibel met - NIR105E,transponders,transponder,Nissan,44.66,https://autosleutel-specialist.nl/images/products/akey_2318_9d977d16.jpg,https://autosleutel-specialist.nl/images/products/akey_2318_9d977d16.jpg
2319,autosleutel-compatibel-met-nissan-nir108,Autosleutel compatibel met Nissan - NIR108,Transponderchip · Nissan · Autosleutel compatibel met - NIR108,transponders,transponder,Nissan,21.3,https://autosleutel-specialist.nl/images/products/akey_2319_9a549c8c.jpg,https://autosleutel-specialist.nl/images/products/akey_2319_9a549c8c.jpg
2320,autosleutel-compatibel-met-nissan-nir110,Autosleutel compatibel met Nissan - NIR110,Transponderchip · Nissan · Autosleutel compatibel met - NIR110,transponders,transponder,Nissan,17.73,https://autosleutel-specialist.nl/images/products/akey_2320_b2ef8d9b.jpg,https://autosleutel-specialist.nl/images/products/akey_2320_b2ef8d9b.jpg
2321,autosleutel-compatibel-met-nissan-nir111,Autosleutel compatibel met Nissan - NIR111,Smart key · Nissan · Autosleutel compatibel met - NIR111,smart-keys,smart key,Nissan,29.63,https://autosleutel-specialist.nl/images/products/akey_2321_ebaafb6f.jpg,https://autosleutel-specialist.nl/images/products/akey_2321_ebaafb6f.jpg
2322,autosleutel-compatibel-met-nissan-nir115,Autosleutel compatibel met Nissan - NIR115,Smart key · Nissan · Autosleutel compatibel met - NIR115,smart-keys,smart key,Nissan,29.63,https://autosleutel-specialist.nl/images/products/akey_2322_da916653.jpg,https://autosleutel-specialist.nl/images/products/akey_2322_da916653.jpg
2323,autosleutel-compatibel-met-nissan-nir117e,Autosleutel compatibel met Nissan - NIR117E,Transponderchip · Nissan · Autosleutel compatibel met - NIR117E,transponders,transponder,Nissan,53.55,https://autosleutel-specialist.nl/images/products/akey_2323_02eaad3f.jpg,https://autosleutel-specialist.nl/images/products/akey_2323_02eaad3f.jpg
2324,autosleutel-compatibel-met-nissan-nir150,Autosleutel compatibel met Nissan - NIR150,Transponderchip · Nissan · Autosleutel compatibel met - NIR150,transponders,transponder,Nissan,29.63,https://autosleutel-specialist.nl/images/products/akey_2324_ef10cd1d.jpg,https://autosleutel-specialist.nl/images/products/akey_2324_ef10cd1d.jpg
2325,autosleutel-compatibel-met-nissan-nir112e,Autosleutel compatibel met Nissan NIR112E,Transponderchip · Nissan · Autosleutel compatibel met NIR112E,transponders,transponder,Nissan,44.08,https://autosleutel-specialist.nl/images/products/akey_2325_654765c1.jpg,https://autosleutel-specialist.nl/images/products/akey_2325_654765c1.jpg
2326,autosleutel-compatibel-met-nissan-nir107,Autosleutel compatibel met Nissan - NIR107,Smart key · Nissan · Autosleutel compatibel met - NIR107,smart-keys,smart key,Nissan,23.8,https://autosleutel-specialist.nl/images/products/akey_2326_ee76fcf8.jpg,https://autosleutel-specialist.nl/images/products/akey_2326_ee76fcf8.jpg
2327,autosleutel-compatibel-met-nissan-nir113e,Autosleutel compatibel met Nissan - NIR113E,Sleutelbehuizing · Nissan · Autosleutel compatibel met - NIR113E,behuizingen,noodsleutel,Nissan,43.91,https://autosleutel-specialist.nl/images/products/akey_2327_4f5d8809.jpg,https://autosleutel-specialist.nl/images/products/akey_2327_4f5d8809.jpg
2328,autosleutel-compatibel-met-nissan-nir151,Autosleutel compatibel met Nissan - NIR151,Smart key · Nissan · Autosleutel compatibel met - NIR151,smart-keys,smart key,Nissan,35.58,https://autosleutel-specialist.nl/images/products/akey_2328_c23a8924.jpg,https://autosleutel-specialist.nl/images/products/akey_2328_c23a8924.jpg
2329,autosleutel-compatibel-met-opel-opr105hu100,Autosleutel compatibel met Opel - OPR105HU100,Transponderchip · Opel · Autosleutel compatibel met - OPR105HU100,transponders,transponder,Opel,16.54,https://autosleutel-specialist.nl/images/products/akey_2329_adbff32d.jpg,https://autosleutel-specialist.nl/images/products/akey_2329_adbff32d.jpg
2330,autosleutel-compatibel-met-opel-opr105hu46,Autosleutel compatibel met Opel - OPR105HU46,Transponderchip · Opel · Autosleutel compatibel met - OPR105HU46,transponders,transponder,Opel,16.54,https://autosleutel-specialist.nl/images/products/akey_2330_bf9c9b81.jpg,https://autosleutel-specialist.nl/images/products/akey_2330_bf9c9b81.jpg
2331,autosleutel-compatibel-met-opel-opr109iea,Autosleutel compatibel met Opel - OPR109IEA,Transponderchip · Opel · Autosleutel compatibel met - OPR109IEA,transponders,transponder,Opel,15.35,https://autosleutel-specialist.nl/images/products/akey_2331_3e74f3d8.jpg,https://autosleutel-specialist.nl/images/products/akey_2331_3e74f3d8.jpg
2332,autosleutel-compatibel-met-opel-opr110iea,Autosleutel compatibel met Opel - OPR110IEA,"Transponderchip · Opel, Chevrolet · Autosleutel compatibel met - OPR110IEA",transponders,transponder,"Opel, Chevrolet",15.35,https://autosleutel-specialist.nl/images/products/akey_2332_83e5fc74.jpg,https://autosleutel-specialist.nl/images/products/akey_2332_83e5fc74.jpg
2333,autosleutel-compatibel-met-opel-opr115,Autosleutel compatibel met Opel - OPR115,Transponderchip · Opel · Autosleutel compatibel met - OPR115,transponders,transponder,Opel,15.35,https://autosleutel-specialist.nl/images/products/akey_2333_4b4fd619.jpg,https://autosleutel-specialist.nl/images/products/akey_2333_4b4fd619.jpg
2334,autosleutel-compatibel-met-opel-opr119iea,Autosleutel compatibel met Opel - OPR119IEA,Smart key · Opel · Autosleutel compatibel met - OPR119IEA,smart-keys,smart key,Opel,23.68,https://autosleutel-specialist.nl/images/products/akey_2334_01e329ea.jpg,https://autosleutel-specialist.nl/images/products/akey_2334_01e329ea.jpg
2335,autosleutel-compatibel-met-opel-opr124iea,Autosleutel compatibel met Opel - OPR124IEA,Sleutelbehuizing · Opel · Autosleutel compatibel met - OPR124IEA,behuizingen,sleutelbehuizing,Opel,15.35,https://autosleutel-specialist.nl/images/products/akey_2335_5f886828.jpg,https://autosleutel-specialist.nl/images/products/akey_2335_5f886828.jpg
2336,autosleutel-compatibel-met-opel-opr127iea,Autosleutel compatibel met Opel - OPR127IEA,Transponderchip · Opel · Autosleutel compatibel met - OPR127IEA,transponders,transponder,Opel,17.73,https://autosleutel-specialist.nl/images/products/akey_2336_6cea58df.jpg,https://autosleutel-specialist.nl/images/products/akey_2336_6cea58df.jpg
2337,autosleutel-compatibel-met-opel-opr128iea,Autosleutel compatibel met Opel - OPR128IEA,Transponderchip · Opel · Autosleutel compatibel met - OPR128IEA,transponders,transponder,Opel,17.73,https://autosleutel-specialist.nl/images/products/akey_2337_9690369d.jpg,https://autosleutel-specialist.nl/images/products/akey_2337_9690369d.jpg
2338,autosleutel-compatibel-met-opel-opr129,Autosleutel compatibel met Opel - OPR129,"Transponderchip · Opel, Chevrolet · Autosleutel compatibel met - OPR129",transponders,transponder,"Opel, Chevrolet",25.99,https://autosleutel-specialist.nl/images/products/akey_2338_b6a97b20.jpg,https://autosleutel-specialist.nl/images/products/akey_2338_b6a97b20.jpg
2339,autosleutel-compatibel-met-opel-opr130,Autosleutel compatibel met Opel - OPR130,Transponderchip · Opel · Autosleutel compatibel met - OPR130,transponders,transponder,Opel,25.99,https://autosleutel-specialist.nl/images/products/akey_2339_0aa912e2.jpg,https://autosleutel-specialist.nl/images/products/akey_2339_0aa912e2.jpg
2340,autosleutel-compatibel-met-opel-opr131,Autosleutel compatibel met Opel - OPR131,Transponderchip · Opel · Autosleutel compatibel met - OPR131,transponders,transponder,Opel,15.35,https://autosleutel-specialist.nl/images/products/akey_2340_fb3cb39f.jpg,https://autosleutel-specialist.nl/images/products/akey_2340_fb3cb39f.jpg
2341,autosleutel-compatibel-met-opel-opr150hu43,Autosleutel compatibel met Opel - OPR150HU43,Transponderchip · Opel · Autosleutel compatibel met - OPR150HU43,transponders,transponder,Opel,17.73,https://autosleutel-specialist.nl/images/products/akey_2341_22268384.jpg,https://autosleutel-specialist.nl/images/products/akey_2341_22268384.jpg
2342,autosleutel-compatibel-met-opel-opr150hu46,Autosleutel compatibel met Opel - OPR150HU46,Transponderchip · Opel · Autosleutel compatibel met - OPR150HU46,transponders,transponder,Opel,17.73,https://autosleutel-specialist.nl/images/products/akey_2342_d9201c84.jpg,https://autosleutel-specialist.nl/images/products/akey_2342_d9201c84.jpg
2343,autosleutel-compatibel-met-opel-opr151,Autosleutel compatibel met Opel - OPR151,Transponderchip · Opel · Autosleutel compatibel met - OPR151,transponders,transponder,Opel,15.35,https://autosleutel-specialist.nl/images/products/akey_2343_bc803f5f.jpg,https://autosleutel-specialist.nl/images/products/akey_2343_bc803f5f.jpg
2344,autosleutel-compatibel-met-opel-opr151hu43,Autosleutel compatibel met Opel - OPR151HU43,Transponderchip · Opel · Autosleutel compatibel met - OPR151HU43,transponders,transponder,Opel,17.73,https://autosleutel-specialist.nl/images/products/akey_2344_d11e0f2e.jpg,https://autosleutel-specialist.nl/images/products/akey_2344_d11e0f2e.jpg
2345,autosleutel-compatibel-met-opel-opr151hu46,Autosleutel compatibel met Opel - OPR151HU46,Transponderchip · Opel · Autosleutel compatibel met - OPR151HU46,transponders,transponder,Opel,17.73,https://autosleutel-specialist.nl/images/products/akey_2345_f879f4d9.jpg,https://autosleutel-specialist.nl/images/products/akey_2345_f879f4d9.jpg
2346,xepg00en-3-knops-fernbedienungsplatine-geschikt-voor-peugeot,XEPG00EN 3-knops Fernbedienungsplatine geschikt voor Peugeot,"Afstandsbediening · Opel, Peugeot · XEPG00EN 3-knops Fernbedienungsplatine ges",afstandsbedieningen,printplaat,"Opel, Peugeot",11.78,https://autosleutel-specialist.nl/images/products/akey_2346_8552cf14.jpg,https://autosleutel-specialist.nl/images/products/akey_2346_8552cf14.jpg
2347,xnsz01en-universal-geschikt-voor-suzuki,XNSZ01EN Universal geschikt voor Suzuki,"Accessoire · Opel, Suzuki · XNSZ01EN geschikt voor",,,"Opel, Suzuki",11.78,https://autosleutel-specialist.nl/images/products/akey_2347_9983f8fd.jpg,https://autosleutel-specialist.nl/images/products/akey_2347_9983f8fd.jpg
2348,autosleutel-2-knops-compatibel-met-peugeot-pgr101iea,Autosleutel 2-knops  compatibel met PEUGEOT - PGR101IEA,Transponderchip · Peugeot · Autosleutel 2-knops compatibel met - PGR10,transponders,transponder,Peugeot,11.84,https://autosleutel-specialist.nl/images/products/akey_2348_a3cecb72.jpg,https://autosleutel-specialist.nl/images/products/akey_2348_a3cecb72.jpg
2349,autosleutel-3-knops-compatibel-met-porsche-por153,Autosleutel  3-knops compatibel met Porsche -  POR153,Transponderchip · Porsche · Autosleutel 3-knops compatibel met - POR15,transponders,transponder,Porsche,35.64,https://autosleutel-specialist.nl/images/products/akey_2349_ac990ffe.jpg,https://autosleutel-specialist.nl/images/products/akey_2349_ac990ffe.jpg
2350,autosleutel-2-knops-compatibel-met-porsche-por150,Autosleutel 2-knops  compatibel met Porsche - POR150,Transponderchip · Porsche · Autosleutel 2-knops compatibel met - POR15,transponders,transponder,Porsche,34.8,https://autosleutel-specialist.nl/images/products/akey_2350_0b9d1896.jpg,https://autosleutel-specialist.nl/images/products/akey_2350_0b9d1896.jpg
2351,autosleutel-compatibel-met-renault-rnr155iea,Autosleutel compatibel met Renault -  RNR155IEA,Transponderchip · Renault · Autosleutel compatibel met - RNR155IEA,transponders,transponder,Renault,22.49,https://autosleutel-specialist.nl/images/products/akey_2351_0af44b67.jpg,https://autosleutel-specialist.nl/images/products/akey_2351_0af44b67.jpg
2352,autosleutel-compatibel-met-renault-rnr101,Autosleutel compatibel met Renault - RNR101,Sleutelbehuizing · Renault · Autosleutel compatibel met - RNR101,behuizingen,sleutelbehuizing,Renault,17.73,https://autosleutel-specialist.nl/images/products/akey_2352_8746b4d4.jpg,https://autosleutel-specialist.nl/images/products/akey_2352_8746b4d4.jpg
2353,autosleutel-compatibel-met-renault-rnr101hu136,Autosleutel compatibel met Renault - RNR101HU136,Sleutelbehuizing · Renault · Autosleutel compatibel met - RNR101HU136,behuizingen,sleutelbehuizing,Renault,20.11,https://autosleutel-specialist.nl/images/products/akey_2353_1242ea30.jpg,https://autosleutel-specialist.nl/images/products/akey_2353_1242ea30.jpg
2354,autosleutel-compatibel-met-renault-rnr101hu179,Autosleutel compatibel met Renault - RNR101HU179,Sleutelbehuizing · Renault · Autosleutel compatibel met - RNR101HU179,behuizingen,sleutelbehuizing,Renault,20.11,https://autosleutel-specialist.nl/images/products/akey_2354_a8191633.jpg,https://autosleutel-specialist.nl/images/products/akey_2354_a8191633.jpg
2355,autosleutel-compatibel-met-renault-rnr101va2,Autosleutel compatibel met Renault - RNR101VA2,Sleutelbehuizing · Renault · Autosleutel compatibel met - RNR101VA2,behuizingen,sleutelbehuizing,Renault,20.11,https://autosleutel-specialist.nl/images/products/akey_2355_335df62a.jpg,https://autosleutel-specialist.nl/images/products/akey_2355_335df62a.jpg
2356,autosleutel-compatibel-met-renault-rnr101vac102,Autosleutel compatibel met Renault - RNR101VAC102,Sleutelbehuizing · Renault · Autosleutel compatibel met - RNR101VAC102,behuizingen,sleutelbehuizing,Renault,20.11,https://autosleutel-specialist.nl/images/products/akey_2356_7bc5c72c.jpg,https://autosleutel-specialist.nl/images/products/akey_2356_7bc5c72c.jpg
2357,autosleutel-compatibel-met-renault-rnr102,Autosleutel compatibel met Renault - RNR102,"Transponderchip · Renault, Dacia · Autosleutel compatibel met - RNR102",transponders,transponder,"Renault, Dacia",15.35,https://autosleutel-specialist.nl/images/products/akey_2357_0da2288d.jpg,https://autosleutel-specialist.nl/images/products/akey_2357_0da2288d.jpg
2358,autosleutel-compatibel-met-renault-rnr103,Autosleutel compatibel met Renault - RNR103,Transponderchip · Renault · Autosleutel compatibel met - RNR103,transponders,transponder,Renault,15.35,https://autosleutel-specialist.nl/images/products/akey_2358_6bf4f45e.jpg,https://autosleutel-specialist.nl/images/products/akey_2358_6bf4f45e.jpg
2359,autosleutel-compatibel-met-renault-rnr105,Autosleutel compatibel met Renault - RNR105,"Transponderchip · Opel, Renault, Dacia · Autosleutel compatibel met - RNR105",transponders,transponder,"Opel, Renault, Dacia",15.35,https://autosleutel-specialist.nl/images/products/akey_2359_545c6e49.jpg,https://autosleutel-specialist.nl/images/products/akey_2359_545c6e49.jpg
2360,autosleutel-compatibel-met-renault-rnr106,Autosleutel compatibel met Renault - RNR106,Transponderchip · Renault · Autosleutel compatibel met - RNR106,transponders,transponder,Renault,15.35,https://autosleutel-specialist.nl/images/products/akey_2360_4d31a7f6.jpg,https://autosleutel-specialist.nl/images/products/akey_2360_4d31a7f6.jpg
2361,autosleutel-compatibel-met-renault-rnr108,Autosleutel compatibel met Renault - RNR108,"Transponderchip · Renault, Dacia · Autosleutel compatibel met - RNR108",transponders,transponder,"Renault, Dacia",15.35,https://autosleutel-specialist.nl/images/products/akey_2361_394e556e.jpg,https://autosleutel-specialist.nl/images/products/akey_2361_394e556e.jpg
2362,autosleutel-compatibel-met-renault-rnr114,Autosleutel compatibel met Renault - RNR114,Transponderchip · Renault · Autosleutel compatibel met - RNR114,transponders,transponder,Renault,15.35,https://autosleutel-specialist.nl/images/products/akey_2362_10551da4.jpg,https://autosleutel-specialist.nl/images/products/akey_2362_10551da4.jpg
2363,autosleutel-compatibel-met-renault-rnr115e,Autosleutel compatibel met Renault - RNR115E,Smart key · Renault · Autosleutel compatibel met - RNR115E,smart-keys,smart key,Renault,22.61,https://autosleutel-specialist.nl/images/products/akey_2363_390b9a21.jpg,https://autosleutel-specialist.nl/images/products/akey_2363_390b9a21.jpg
2364,autosleutel-compatibel-met-renault-rnr116-hu136-hu142,Autosleutel compatibel met Renault - RNR116 - HU136 / HU142,"Transponderchip · Renault, Dacia · Autosleutel compatibel met - RNR116 - HU13",transponders,transponder,"Renault, Dacia",15.35,https://autosleutel-specialist.nl/images/products/akey_2364_e756916e.jpg,https://autosleutel-specialist.nl/images/products/akey_2364_e756916e.jpg
2368,autosleutel-compatibel-met-renault-rnr117-hu142,Autosleutel compatibel met Renault - RNR117 - HU142,"Transponderchip · Renault, Dacia · Autosleutel compatibel met - RNR117 - HU14",transponders,transponder,"Renault, Dacia",15.35,https://autosleutel-specialist.nl/images/products/akey_2368_0f4e0dd4.jpg,https://autosleutel-specialist.nl/images/products/akey_2368_0f4e0dd4.jpg
2370,autosleutel-compatibel-met-renault-rnr119,Autosleutel compatibel met Renault - RNR119,Transponderchip · Renault · Autosleutel compatibel met - RNR119,transponders,transponder,Renault,14.88,https://autosleutel-specialist.nl/images/products/akey_2370_407ff448.jpg,https://autosleutel-specialist.nl/images/products/akey_2370_407ff448.jpg
2371,autosleutel-compatibel-met-renault-rnr125iea,Autosleutel compatibel met Renault - RNR125IEA,Transponderchip · Renault · Autosleutel compatibel met - RNR125IEA,transponders,transponder,Renault,17.73,https://autosleutel-specialist.nl/images/products/akey_2371_6565deb1.jpg,https://autosleutel-specialist.nl/images/products/akey_2371_6565deb1.jpg
2372,autosleutel-compatibel-met-renault-rnr126,Autosleutel compatibel met Renault - RNR126,Transponderchip · Renault · Autosleutel compatibel met - RNR126,transponders,transponder,Renault,15.35,https://autosleutel-specialist.nl/images/products/akey_2372_753c3bce.jpg,https://autosleutel-specialist.nl/images/products/akey_2372_753c3bce.jpg
2373,autosleutel-compatibel-met-renault-rnr126iea,Autosleutel compatibel met Renault - RNR126IEA,Transponderchip · Renault · Autosleutel compatibel met - RNR126IEA,transponders,transponder,Renault,17.73,https://autosleutel-specialist.nl/images/products/akey_2373_30fcce78.jpg,https://autosleutel-specialist.nl/images/products/akey_2373_30fcce78.jpg
2374,autosleutel-compatibel-met-renault-rnr133iea,Autosleutel compatibel met Renault - RNR133IEA,Smart key · Renault · Autosleutel compatibel met - RNR133IEA,smart-keys,smart key,Renault,22.61,https://autosleutel-specialist.nl/images/products/akey_2374_ac81efba.jpg,https://autosleutel-specialist.nl/images/products/akey_2374_ac81efba.jpg
2375,autosleutel-compatibel-met-renault-rnr143iea,Autosleutel compatibel met Renault - RNR143IEA,Transponderchip · Renault · Autosleutel compatibel met - RNR143IEA,transponders,transponder,Renault,20.11,https://autosleutel-specialist.nl/images/products/akey_2375_a1b70bfa.jpg,https://autosleutel-specialist.nl/images/products/akey_2375_a1b70bfa.jpg
2376,autosleutel-behuizing-compatibel-met-volvo-volrc101,Autosleutel - Behuizing compatibel met Volvo - VOLRC101,"Sleutelbehuizing · Land Rover, Volvo · Autosleutel - Behuizing compatibel met - V",behuizingen,sleutelbehuizing,"Land Rover, Volvo",8.21,https://autosleutel-specialist.nl/images/products/akey_2376_3df30cfe.jpg,https://autosleutel-specialist.nl/images/products/akey_2376_3df30cfe.jpg
2377,autosleutel-behuizing-compatibel-met-volvo-volrc102,Autosleutel - Behuizing compatibel met Volvo - VOLRC102,"Sleutelbehuizing · Land Rover, Volvo · Autosleutel - Behuizing compatibel met - V",behuizingen,sleutelbehuizing,"Land Rover, Volvo",8.21,https://autosleutel-specialist.nl/images/products/akey_2377_1707c558.jpg,https://autosleutel-specialist.nl/images/products/akey_2377_1707c558.jpg
2378,autosleutel-behuizing-compatibel-met-rover-rvrc101,Autosleutel-Behuizing compatibel met Rover  - RVRC101,Sleutelbehuizing · Autosleutel-Behuizing compatibel met Rover,behuizingen,sleutelbehuizing,,2.98,https://autosleutel-specialist.nl/images/products/akey_2378_945753e3.jpg,https://autosleutel-specialist.nl/images/products/akey_2378_945753e3.jpg
2379,autosleutel-compatibel-met-volkswagen-vvr123e,Autosleutel compatibel met Volkswagen  - VVR123E,"Smart key · Volkswagen, Seat · Autosleutel compatibel met - VVR123E",smart-keys,smart key,"Volkswagen, Seat",46.41,https://autosleutel-specialist.nl/images/products/akey_2379_6b2e491b.jpg,https://autosleutel-specialist.nl/images/products/akey_2379_6b2e491b.jpg
2380,autosleutel-compatibel-met-volkswagen-vvr124a,Autosleutel compatibel met Volkswagen  - VVR124A,"Smart key · Volkswagen, Seat · Autosleutel compatibel met - VVR124A",smart-keys,smart key,"Volkswagen, Seat",46.41,https://autosleutel-specialist.nl/images/products/akey_2380_a15762b3.jpg,https://autosleutel-specialist.nl/images/products/akey_2380_a15762b3.jpg
2381,autosleutel-compatibel-met-volkswagen-vvr100,Autosleutel compatibel met Volkswagen - VVR100,"Smart key · Volkswagen, Seat · Autosleutel compatibel met - VVR100",smart-keys,smart key,"Volkswagen, Seat",41.65,https://autosleutel-specialist.nl/images/products/akey_2381_5930fed6.jpg,https://autosleutel-specialist.nl/images/products/akey_2381_5930fed6.jpg
2382,autosleutel-compatibel-met-volkswagen-vvr102,Autosleutel compatibel met Volkswagen - VVR102,"Transponderchip · Volkswagen, Seat · Autosleutel compatibel met - VVR102",transponders,transponder,"Volkswagen, Seat",27.83,https://autosleutel-specialist.nl/images/products/akey_2382_30cc13da.jpg,https://autosleutel-specialist.nl/images/products/akey_2382_30cc13da.jpg
2383,autosleutel-compatibel-met-volkswagen-vvr109,Autosleutel compatibel met Volkswagen - VVR109,"Smart key · Volkswagen, Seat, Škoda · Autosleutel compatibel met - VVR109",smart-keys,smart key,"Volkswagen, Seat, Škoda",41.65,https://autosleutel-specialist.nl/images/products/akey_2383_3d5bf0f6.jpg,https://autosleutel-specialist.nl/images/products/akey_2383_3d5bf0f6.jpg
2384,autosleutel-compatibel-met-volkswagen-vvr112,Autosleutel compatibel met Volkswagen - VVR112,"Transponderchip · Volkswagen, Seat, Škoda · Autosleutel compatibel met - VVR112",transponders,transponder,"Volkswagen, Seat, Škoda",17.85,https://autosleutel-specialist.nl/images/products/akey_2384_ee992118.jpg,https://autosleutel-specialist.nl/images/products/akey_2384_ee992118.jpg
2385,autosleutel-compatibel-met-volkswagen-vvr113,Autosleutel compatibel met Volkswagen - VVR113,"Transponderchip · Volkswagen, Seat · Autosleutel compatibel met - VVR113",transponders,transponder,"Volkswagen, Seat",17.85,https://autosleutel-specialist.nl/images/products/akey_2385_952f3529.jpg,https://autosleutel-specialist.nl/images/products/akey_2385_952f3529.jpg
2386,autosleutel-compatibel-met-volkswagen-vvr114,Autosleutel compatibel met Volkswagen - VVR114,"Transponderchip · Volkswagen, Seat · Autosleutel compatibel met - VVR114",transponders,transponder,"Volkswagen, Seat",17.85,https://autosleutel-specialist.nl/images/products/akey_2386_6f0c6257.jpg,https://autosleutel-specialist.nl/images/products/akey_2386_6f0c6257.jpg
2387,autosleutel-compatibel-met-volkswagen-vvr116,Autosleutel compatibel met Volkswagen - VVR116,"Smart key · Volkswagen, Seat · Autosleutel compatibel met - VVR116",smart-keys,smart key,"Volkswagen, Seat",65.45,https://autosleutel-specialist.nl/images/products/akey_2387_72171694.jpg,https://autosleutel-specialist.nl/images/products/akey_2387_72171694.jpg
2388,autosleutel-compatibel-met-volkswagen-vvr118,Autosleutel compatibel met Volkswagen - VVR118,"Transponderchip · Volkswagen, Seat · Autosleutel compatibel met - VVR118",transponders,transponder,"Volkswagen, Seat",10.12,https://autosleutel-specialist.nl/images/products/akey_2388_e3a26a74.jpg,https://autosleutel-specialist.nl/images/products/akey_2388_e3a26a74.jpg
2389,autosleutelblatt-en-platine-compatibel-met-volkswagen-vvr107e,Autosleutelblatt en Platine compatibel met Volkswagen - VVR107E,"Afstandsbediening · Volkswagen, Seat · Autosleutelblatt en Platine compatibel met",afstandsbedieningen,printplaat,"Volkswagen, Seat",47.12,https://autosleutel-specialist.nl/images/products/akey_2389_dc83e508.jpg,https://autosleutel-specialist.nl/images/products/akey_2389_dc83e508.jpg
2390,xzvgm1en-3-knops-fernbedienungsplatine-geschikt-voor-volkswagen,XZVGM1EN 3-knops Fernbedienungsplatine geschikt voor Volkswagen,"Afstandsbediening · Volkswagen, Seat · XZVGM1EN 3-knops Fernbedienungsplatine ges",afstandsbedieningen,printplaat,"Volkswagen, Seat",17.73,https://autosleutel-specialist.nl/images/products/akey_2390_9693b333.jpg,https://autosleutel-specialist.nl/images/products/akey_2390_9693b333.jpg
2391,autosleutel-compatibel-met-smart-smr151,Autosleutel compatibel met SMART - SMR151,Transponderchip · Autosleutel compatibel met - SMR151,transponders,transponder,,15.35,https://autosleutel-specialist.nl/images/products/akey_2391_461650fc.jpg,https://autosleutel-specialist.nl/images/products/akey_2391_461650fc.jpg
2392,autosleutel-compatibel-met-subaru-subr100,Autosleutel compatibel met Subaru- SUBR100,Transponderchip · Subaru · Autosleutel compatibel met - SUBR100,transponders,transponder,Subaru,26.78,https://autosleutel-specialist.nl/images/products/akey_2392_4db5fbd0.jpg,https://autosleutel-specialist.nl/images/products/akey_2392_4db5fbd0.jpg
2393,autosleutel-compatibel-met-subaru-subr101,Autosleutel compatibel met Subaru- SUBR101,Transponderchip · Subaru · Autosleutel compatibel met - SUBR101,transponders,transponder,Subaru,26.78,https://autosleutel-specialist.nl/images/products/akey_2393_8778b81f.jpg,https://autosleutel-specialist.nl/images/products/akey_2393_8778b81f.jpg
2394,autosleutel-compatibel-met-suzuki-sur149,Autosleutel compatibel met Suzuki - SUR149,Transponderchip · Suzuki · Autosleutel compatibel met - SUR149,transponders,transponder,Suzuki,26.78,https://autosleutel-specialist.nl/images/products/akey_2394_6df7cae2.jpg,https://autosleutel-specialist.nl/images/products/akey_2394_6df7cae2.jpg
2395,autosleutel-compatibel-met-suzuki-sur156,Autosleutel compatibel met Suzuki - SUR156,Transponderchip · Suzuki · Autosleutel compatibel met - SUR156,transponders,transponder,Suzuki,15.35,https://autosleutel-specialist.nl/images/products/akey_2395_3de3eb7d.jpg,https://autosleutel-specialist.nl/images/products/akey_2395_3de3eb7d.jpg
2396,autosleutel-compatibel-met-suzuki-sur157,Autosleutel compatibel met Suzuki - SUR157,Transponderchip · Suzuki · Autosleutel compatibel met - SUR157,transponders,transponder,Suzuki,26.78,https://autosleutel-specialist.nl/images/products/akey_2396_1feba141.jpg,https://autosleutel-specialist.nl/images/products/akey_2396_1feba141.jpg
2397,autosleutel-compatibel-met-suzuki-sur158,Autosleutel compatibel met Suzuki - SUR158,Smart key · Suzuki · Autosleutel compatibel met - SUR158,smart-keys,smart key,Suzuki,53.55,https://autosleutel-specialist.nl/images/products/akey_2397_979084f7.jpg,https://autosleutel-specialist.nl/images/products/akey_2397_979084f7.jpg
2398,autosleutel-keydiy-remote-tb01-3-universal,Autosleutel - Keydiy Remote - TB01-3 Universal,"Gereedschap · Toyota, Lexus · Autosleutel - Keydiy - TB01-3",gereedschap,programmeerapparatuur,"Toyota, Lexus",53.55,https://autosleutel-specialist.nl/images/products/akey_2398_c84c435a.jpg,https://autosleutel-specialist.nl/images/products/akey_2398_c84c435a.jpg
2399,autosleutel-keydiy-remote-tb01-5-universal,Autosleutel - Keydiy Remote - TB01-5 Universal,Gereedschap · Toyota · Autosleutel - Keydiy - TB01-5,gereedschap,programmeerapparatuur,Toyota,59.5,https://autosleutel-specialist.nl/images/products/akey_2399_4e25fa97.jpg,https://autosleutel-specialist.nl/images/products/akey_2399_4e25fa97.jpg
2400,autosleutel-keydiy-remote-tb06-3-universaluniversal-8a-smart-key-geschikt-voor-t,Autosleutel - Keydiy Remote - TB06-3 UniversalUniversal 8a Smart Key geschikt voor Toyota Highlander Land Cruiser FCC Id: 0020 2110 f43 0410 0440 0010,Gereedschap · Toyota · Autosleutel - Keydiy - TB06-3 UniversalUni,gereedschap,programmeerapparatuur,Toyota,53.55,https://autosleutel-specialist.nl/images/products/akey_2400_5302c186.jpg,https://autosleutel-specialist.nl/images/products/akey_2400_5302c186.jpg
2401,autosleutel-keydiy-remote-tb27-4-universal,Autosleutel - Keydiy Remote - TB27-4 Universal,Gereedschap · Toyota · Autosleutel - Keydiy - TB27-4,gereedschap,programmeerapparatuur,Toyota,52.36,https://autosleutel-specialist.nl/images/products/akey_2401_7ec5c62c.jpg,https://autosleutel-specialist.nl/images/products/akey_2401_7ec5c62c.jpg
2402,autosleutel-keydiy-remote-tb36-2-universal,Autosleutel - Keydiy Remote - TB36-2 Universal,"Gereedschap · Toyota, Lexus · Autosleutel - Keydiy - TB36-2",gereedschap,programmeerapparatuur,"Toyota, Lexus",48.79,https://autosleutel-specialist.nl/images/products/akey_2402_972ed769.jpg,https://autosleutel-specialist.nl/images/products/akey_2402_972ed769.jpg
2403,autosleutel-keydiy-remote-tb36-3-universal,Autosleutel - Keydiy Remote - TB36-3 Universal,"Gereedschap · Toyota, Lexus · Autosleutel - Keydiy - TB36-3",gereedschap,programmeerapparatuur,"Toyota, Lexus",48.79,https://autosleutel-specialist.nl/images/products/akey_2403_0a10efba.jpg,https://autosleutel-specialist.nl/images/products/akey_2403_0a10efba.jpg
2404,autosleutel-keydiy-remote-tb36-4-universal-8a,Autosleutel - Keydiy Remote - TB36-4 Universal 8a,"Gereedschap · Toyota, Lexus · Autosleutel - Keydiy - TB36-4 8a",gereedschap,programmeerapparatuur,"Toyota, Lexus",48.79,https://autosleutel-specialist.nl/images/products/akey_2404_0e628413.jpg,https://autosleutel-specialist.nl/images/products/akey_2404_0e628413.jpg
2405,autosleutel-keydiy-remote-tb60-3-universal,Autosleutel - Keydiy Remote - TB60-3 Universal,Gereedschap · Toyota · Autosleutel - Keydiy - TB60-3,gereedschap,programmeerapparatuur,Toyota,52.36,https://autosleutel-specialist.nl/images/products/akey_2405_ab3046dc.jpg,https://autosleutel-specialist.nl/images/products/akey_2405_ab3046dc.jpg
2406,autosleutel-compatibel-met-lexus-lexr101,Autosleutel compatibel met Lexus - LEXR101,"Smart key · Toyota, Lexus · Autosleutel compatibel met - LEXR101",smart-keys,smart key,"Toyota, Lexus",117.81,https://autosleutel-specialist.nl/images/products/akey_2406_9e9e2d01.jpg,https://autosleutel-specialist.nl/images/products/akey_2406_9e9e2d01.jpg
2407,autosleutel-compatibel-met-toyota-toyr101,Autosleutel compatibel met Toyota - TOYR101,Sleutelbehuizing · Toyota · Autosleutel compatibel met - TOYR101,behuizingen,noodsleutel,Toyota,79.73,https://autosleutel-specialist.nl/images/products/akey_2407_f2f84da4.jpg,https://autosleutel-specialist.nl/images/products/akey_2407_f2f84da4.jpg
2408,autosleutel-compatibel-met-toyota-toyr112,Autosleutel compatibel met Toyota - TOYR112,Sleutelbehuizing · Toyota · Autosleutel compatibel met - TOYR112,behuizingen,noodsleutel,Toyota,117.81,https://autosleutel-specialist.nl/images/products/akey_2408_a03fb110.jpg,https://autosleutel-specialist.nl/images/products/akey_2408_a03fb110.jpg
2409,lonsdor-mz30-14-3-knops-smart-key-id4d-id49-einstellbare-frequenz,Lonsdor MZ30-14  3-knops Smart Key ID4D ID49  Einstellbare Frequenz,"Smart key · Toyota, Mazda · Lonsdor MZ30-14 3-knops ID4D ID49 Einstell",smart-keys,smart key,"Toyota, Mazda",21.42,https://autosleutel-specialist.nl/images/products/akey_2409_4114f7e5.jpg,https://autosleutel-specialist.nl/images/products/akey_2409_4114f7e5.jpg
2410,autosleutel-compatibel-met-volvo-vlvr102,Autosleutel compatibel met VOLVO - VLVR102,Smart key · Volvo · Autosleutel compatibel met - VLVR102,smart-keys,smart key,Volvo,46.41,https://autosleutel-specialist.nl/images/products/akey_2410_524e9ef4.jpg,https://autosleutel-specialist.nl/images/products/akey_2410_524e9ef4.jpg
2411,autosleutel-compatibel-met-volvo-vlvr103-vol101,Autosleutel compatibel met VOLVO - VLVR103+(VOL101),Sleutelbehuizing · Volvo · Autosleutel compatibel met - VLVR103+ VOL1,behuizingen,noodsleutel,Volvo,32.13,https://autosleutel-specialist.nl/images/products/akey_2411_506d5a65.jpg,https://autosleutel-specialist.nl/images/products/akey_2411_506d5a65.jpg
2412,werkzeug-zur-de-en-montage-von-splintstiften-in-klappschlusseln,Werkzeug zur De- en Montage von Splintstiften in Klappschlüsseln,Gereedschap · Werkzeug zur De- en Montage von Splintstif,gereedschap,programmeerapparatuur,,9.4,https://autosleutel-specialist.nl/images/products/akey_2412_8c4878c8.jpg,https://autosleutel-specialist.nl/images/products/akey_2412_8c4878c8.jpg
2413,10-rayovac,10 Rayovac,Batterij · 10 Rayovac,batterijen,batterij,,1.63,https://autosleutel-specialist.nl/images/products/akey_2413_cba6cdf9.jpg,https://autosleutel-specialist.nl/images/products/akey_2413_cba6cdf9.jpg
2414,312-rayovac,312 Rayovac,Batterij · 312 Rayovac,batterijen,batterij,,3.03,https://autosleutel-specialist.nl/images/products/akey_2414_6830ab10.jpg,https://autosleutel-specialist.nl/images/products/akey_2414_6830ab10.jpg
2415,aa-longlife-4er-blister-varta,AA Longlife 4er Blister Varta,Batterij · AA Longlife 4er Blister Varta,batterijen,batterij,,2.98,https://autosleutel-specialist.nl/images/products/akey_2415_bb842012.jpg,https://autosleutel-specialist.nl/images/products/akey_2415_bb842012.jpg
2416,aaa-longlife-power-4er-blister-varta,AAA Longlife Power 4er Blister Varta,Batterij · AAA Longlife Power 4er Blister Varta,batterijen,batterij,,2.98,https://autosleutel-specialist.nl/images/products/akey_2416_97d8c2b5.jpg,https://autosleutel-specialist.nl/images/products/akey_2416_97d8c2b5.jpg
2417,aaaa-blister,AAAA-Blister,Batterij · AAAA-Blister,batterijen,batterij,,3.95,https://autosleutel-specialist.nl/images/products/akey_2417_1f943cbc.jpg,https://autosleutel-specialist.nl/images/products/akey_2417_1f943cbc.jpg
2418,accu-compatibel-met-bmw-mini,Accu compatibel met BMW - MINI,"Batterij · BMW, Mini · Accu compatibel met -",batterijen,batterij,"BMW, Mini",2.37,https://autosleutel-specialist.nl/images/products/akey_2418_abbdc74b.jpg,https://autosleutel-specialist.nl/images/products/akey_2418_abbdc74b.jpg
2419,cr1-3n-knopfzelle-lithium-photo-batterie-3v-160mah,CR1/3N Knopfzelle Lithium Photo Batterie | 3V 160mAh,Batterij · CR1/3N Knopfzelle Lithium Photo Batterie |,batterijen,batterij,,3.03,https://autosleutel-specialist.nl/images/products/akey_2419_3127c278.jpg,https://autosleutel-specialist.nl/images/products/akey_2419_3127c278.jpg
2420,cr1025-3v,CR1025 3V,Batterij · CR1025 3V,batterijen,batterij,,1.86,https://autosleutel-specialist.nl/images/products/akey_2420_6cc48892.jpg,https://autosleutel-specialist.nl/images/products/akey_2420_6cc48892.jpg
2421,cr1216,CR1216,Batterij · CR1216,batterijen,batterij,,1.06,https://autosleutel-specialist.nl/images/products/akey_2421_6233e276.jpg,https://autosleutel-specialist.nl/images/products/akey_2421_6233e276.jpg
2422,cr1220,CR1220,Batterij · CR1220,batterijen,batterij,,0.96,https://autosleutel-specialist.nl/images/products/akey_2422_758c2c4e.jpg,https://autosleutel-specialist.nl/images/products/akey_2422_758c2c4e.jpg
2423,cr1225,CR1225,Batterij · CR1225,batterijen,batterij,,1.62,https://autosleutel-specialist.nl/images/products/akey_2423_25d48e74.jpg,https://autosleutel-specialist.nl/images/products/akey_2423_25d48e74.jpg
2424,cr1616,CR1616,Batterij · CR1616,batterijen,batterij,,0.98,https://autosleutel-specialist.nl/images/products/akey_2424_2303fe19.jpg,https://autosleutel-specialist.nl/images/products/akey_2424_2303fe19.jpg
2425,cr1632,CR1632,Batterij · CR1632,batterijen,batterij,,1.43,https://autosleutel-specialist.nl/images/products/akey_2425_104e6ab5.jpg,https://autosleutel-specialist.nl/images/products/akey_2425_104e6ab5.jpg
2426,cr2012-knopfzellen-varta-lithium,CR2012 Knopfzellen Varta Lithium,Batterij · CR2012 Knopfzellen Varta Lithium,batterijen,batterij,,2.77,https://autosleutel-specialist.nl/images/products/akey_2426_7d4c8425.jpg,https://autosleutel-specialist.nl/images/products/akey_2426_7d4c8425.jpg
2427,cr2016,CR2016,Batterij · CR2016,batterijen,batterij,,0.65,https://autosleutel-specialist.nl/images/products/akey_2427_3ffa64e9.jpg,https://autosleutel-specialist.nl/images/products/akey_2427_3ffa64e9.jpg
2428,cr2025,CR2025,Batterij · CR2025,batterijen,batterij,,0.65,https://autosleutel-specialist.nl/images/products/akey_2428_dc13466f.jpg,https://autosleutel-specialist.nl/images/products/akey_2428_dc13466f.jpg
2429,cr2032,CR2032,Batterij · CR2032,batterijen,batterij,,0.65,https://autosleutel-specialist.nl/images/products/akey_2429_e4f712ea.jpg,https://autosleutel-specialist.nl/images/products/akey_2429_e4f712ea.jpg
2430,cr2320,CR2320,Batterij · CR2320,batterijen,batterij,,1.88,https://autosleutel-specialist.nl/images/products/akey_2430_4ed47bd4.jpg,https://autosleutel-specialist.nl/images/products/akey_2430_4ed47bd4.jpg
2431,cr2354-3v,CR2354 3V,Batterij · CR2354 3V,batterijen,batterij,,2.98,https://autosleutel-specialist.nl/images/products/akey_2431_931f0929.jpg,https://autosleutel-specialist.nl/images/products/akey_2431_931f0929.jpg
2432,cr2430,CR2430,Batterij · CR2430,batterijen,batterij,,1.13,https://autosleutel-specialist.nl/images/products/akey_2432_c00fb212.jpg,https://autosleutel-specialist.nl/images/products/akey_2432_c00fb212.jpg
2433,cr2450,CR2450,Batterij · CR2450,batterijen,batterij,,1.55,https://autosleutel-specialist.nl/images/products/akey_2433_e6021d64.jpg,https://autosleutel-specialist.nl/images/products/akey_2433_e6021d64.jpg
2434,lr1,LR1,Batterij · LR1,batterijen,batterij,,0.92,https://autosleutel-specialist.nl/images/products/akey_2434_5f0b90b1.jpg,https://autosleutel-specialist.nl/images/products/akey_2434_5f0b90b1.jpg
2435,rayovac13,Rayovac13,Batterij · Rayovac13,batterijen,batterij,,3.62,https://autosleutel-specialist.nl/images/products/akey_2435_ae423231.jpg,https://autosleutel-specialist.nl/images/products/akey_2435_ae423231.jpg
2436,v11a,V11A,Batterij · V11A,batterijen,batterij,,1.1,https://autosleutel-specialist.nl/images/products/akey_2436_fc3c8449.jpg,https://autosleutel-specialist.nl/images/products/akey_2436_fc3c8449.jpg
2437,v13ga,V13GA,Batterij · V13GA,batterijen,batterij,,0.58,https://autosleutel-specialist.nl/images/products/akey_2437_6893b8f5.jpg,https://autosleutel-specialist.nl/images/products/akey_2437_6893b8f5.jpg
2438,v23ga-12v,V23GA (12V),Batterij · V23GA 12V,batterijen,batterij,,1.96,https://autosleutel-specialist.nl/images/products/akey_2438_0ed4af8d.jpg,https://autosleutel-specialist.nl/images/products/akey_2438_0ed4af8d.jpg
2445,xsadj1en-funkschlussel-kompatibel-fur-audi-smartkeylessgo,XSADJ1EN  Funkschlüssel kompatibel Für Audi Smartkeylessgo,Smart key · Audi · XSADJ1EN Funkschlüssel kompatibel Für Smar,smart-keys,smart key,Audi,45.22,https://autosleutel-specialist.nl/images/products/akey_2445_b222744e_0.jpg,https://autosleutel-specialist.nl/images/products/akey_2445_b222744e_0.jpg
2446,xsma41en-3-tasten-platine-geeignet-fur-vag,XSMA41EN 3 Tasten Platine geeignet für VAG,"Afstandsbediening · Volkswagen, Audi, Porsche · XSMA41EN 3 Tasten Platine geeignet für VAG",afstandsbedieningen,printplaat,"Volkswagen, Audi, Porsche",34.51,https://autosleutel-specialist.nl/images/products/akey_2446_32759e7e_0.jpg,https://autosleutel-specialist.nl/images/products/akey_2446_32759e7e_0.jpg
2447,xsma4yen-3-tasten-platine-geeignet-fur-audi,XSMA4YEN 3 Tasten Platine geeignet für Audi,"Afstandsbediening · Volkswagen, Audi, Porsche · XSMA4YEN 3 Tasten Platine geeignet für",afstandsbedieningen,printplaat,"Volkswagen, Audi, Porsche",41.65,https://autosleutel-specialist.nl/images/products/akey_2447_3eb92e34_0.jpg,https://autosleutel-specialist.nl/images/products/akey_2447_3eb92e34_0.jpg
2448,xsma8yen-3-tasten-platine-geeignet-fur-audi,XSMA8YEN 3 Tasten Platine geeignet für Audi,Afstandsbediening · Audi · XSMA8YEN 3 Tasten Platine geeignet für,afstandsbedieningen,printplaat,Audi,41.65,https://autosleutel-specialist.nl/images/products/akey_2448_917d1977_0.jpg,https://autosleutel-specialist.nl/images/products/akey_2448_917d1977_0.jpg | https://autosleutel-specialist.nl/images/products/akey_2448_917d1977_1.jpg
2449,xzadm1en-3-tasten-fernbedienungsplatine-geeignet-fur-audi,XZADM1EN 3 Tasten Fernbedienungsplatine geeignet für Audi,"Afstandsbediening · Audi, Mini · XZADM1EN 3 Tasten Fernbedienungsplatine ge",afstandsbedieningen,printplaat,"Audi, Mini",15.35,https://autosleutel-specialist.nl/images/products/akey_2449_26940239_0.jpg,https://autosleutel-specialist.nl/images/products/akey_2449_26940239_0.jpg
2457,xsbmb1en-4-tasten-platine-geeignet-fur-bmw,XSBMB1EN  4 Tasten Platine geeignet für BMW,"Afstandsbediening · BMW, Mini · XSBMB1EN 4 Tasten Platine geeignet für",afstandsbedieningen,printplaat,"BMW, Mini",19.04,https://autosleutel-specialist.nl/images/products/akey_2457_6f5e888d_0.jpg,https://autosleutel-specialist.nl/images/products/akey_2457_6f5e888d_0.jpg | https://autosleutel-specialist.nl/images/products/akey_2457_6f5e888d_1.jpg
2458,autel-universal-smartkey-geeignet-fur-chrysler-fiat,Autel Universal Smartkey geeignet für Chrysler / Fiat,"Smart key · Volkswagen, BMW, Audi · Autel Smartkey geeignet für /",smart-keys,smart key,"Volkswagen, BMW, Audi, Nissan, Honda, Volvo, Fiat, Chrysler, Dodge",23.8,https://autosleutel-specialist.nl/images/products/akey_2458_1e251ab5_0.jpg,https://autosleutel-specialist.nl/images/products/akey_2458_1e251ab5_0.jpg
2487,xhorse-spezial-pcb-platine-exklusiv-geeignet-fur-peugeot-citroen-en-ds-modelle,"Xhorse Spezial-PCB-Platine exklusiv geeignet für Peugeot-, Citroen- en DS-Modelle","Gereedschap · Citroën, Peugeot · Xhorse Spezial-PCB-Platine exklusiv geeign",gereedschap,programmeerapparatuur,"Citroën, Peugeot",14.28,https://autosleutel-specialist.nl/images/products/akey_2487_c1b94ee1_0.jpg,https://autosleutel-specialist.nl/images/products/akey_2487_c1b94ee1_0.jpg | https://autosleutel-specialist.nl/images/products/akey_2487_c1b94ee1_1.jpg
2488,xzka81en-spezialplatine-fur-funkschlussel-4-tasten-geeignet-fur-hyenai-en-kia,"XZKA81EN Spezialplatine für Funkschlüssel, 4 Tasten, geeignet  für Hyenai en Kia","Afstandsbediening · Citroën, Kia · XZKA81EN Spezialplatine für Funkschlüssel",afstandsbedieningen,printplaat,"Citroën, Kia",14.28,https://autosleutel-specialist.nl/images/products/akey_2488_435a4098_0.jpg,https://autosleutel-specialist.nl/images/products/akey_2488_435a4098_0.jpg
2489,xzka82en-spezialplatine-fur-funkschlussel-4-tasten-geeignet-fur-hyenai-en-kia,"XZKA82EN Spezialplatine für Funkschlüssel, 4 Tasten, geeignet  für Hyenai en Kia","Afstandsbediening · Citroën, Kia · XZKA82EN Spezialplatine für Funkschlüssel",afstandsbedieningen,printplaat,"Citroën, Kia",14.28,https://autosleutel-specialist.nl/images/products/akey_2489_fd11d631_0.jpg,https://autosleutel-specialist.nl/images/products/akey_2489_fd11d631_0.jpg | https://autosleutel-specialist.nl/images/products/akey_2489_fd11d631_1.jpg
2490,xzka83en-spezialplatine-fur-funkschlussel-3-tasten-geeignet-fur-hyenai-en-kia,XZKA83EN Spezialplatine für Funkschlüssel 3 Tasten  geeignet für Hyenai en Kia,"Afstandsbediening · Citroën, Kia, Mini · XZKA83EN Spezialplatine für Funkschlüssel",afstandsbedieningen,printplaat,"Citroën, Kia, Mini",14.28,https://autosleutel-specialist.nl/images/products/akey_2490_c34e663c_0.jpg,https://autosleutel-specialist.nl/images/products/akey_2490_c34e663c_0.jpg | https://autosleutel-specialist.nl/images/products/akey_2490_c34e663c_1.jpg | https://autosleutel-specialist.nl/images/products/akey_2490_c34e663c_2.jpg
2530,funkschlussel-keydiy-remote-b10-2-universal,Funkschlüssel - Keydiy Remote - B10-2 Universal,Gereedschap · Honda · Funkschlüssel - Keydiy - B10-2,gereedschap,programmeerapparatuur,Honda,11.9,https://autosleutel-specialist.nl/images/products/akey_2530_17cb128a_0.jpg,https://autosleutel-specialist.nl/images/products/akey_2530_17cb128a_0.jpg
2537,xzbt40en-4-tasten-fernbedienungsplatinen-geeignet-fur-honda,XZBT40EN  4 Tasten Fernbedienungsplatinen geeignet  für Honda,Afstandsbediening · Honda · XZBT40EN 4 Tasten Fernbedienungsplatinen g,afstandsbedieningen,printplaat,Honda,14.28,https://autosleutel-specialist.nl/images/products/akey_2537_68f399c4_0.jpg,https://autosleutel-specialist.nl/images/products/akey_2537_68f399c4_0.jpg
2538,xzbt41en-3-tasten-fernbedienungsplatinen-geeignet-fur-honda,XZBT41EN  3 Tasten Fernbedienungsplatinen geeignet  für Honda,Afstandsbediening · Honda · XZBT41EN 3 Tasten Fernbedienungsplatinen g,afstandsbedieningen,printplaat,Honda,14.28,https://autosleutel-specialist.nl/images/products/akey_2538_44b4c395_0.jpg,https://autosleutel-specialist.nl/images/products/akey_2538_44b4c395_0.jpg
2539,xzbt42en-2-tasten-fernbedienungsplatinen-geeignet-fur-honda,XZBT42EN  2 Tasten Fernbedienungsplatinen geeignet  für Honda,Afstandsbediening · Honda · XZBT42EN 2 Tasten Fernbedienungsplatinen g,afstandsbedieningen,printplaat,Honda,14.28,https://autosleutel-specialist.nl/images/products/akey_2539_df8b0cf3_0.jpg,https://autosleutel-specialist.nl/images/products/akey_2539_df8b0cf3_0.jpg
2540,xzbt43en-4-tasten-fernbedienungsplatinen-geeignet-fur-honda,XZBT43EN  4 Tasten Fernbedienungsplatinen geeignet  für Honda,Afstandsbediening · Honda · XZBT43EN 4 Tasten Fernbedienungsplatinen g,afstandsbedieningen,printplaat,Honda,14.28,https://autosleutel-specialist.nl/images/products/akey_2540_40609103_0.jpg,https://autosleutel-specialist.nl/images/products/akey_2540_40609103_0.jpg
2541,xzbt44en-5-tasten-fernbedienungsplatinen-geeignet-fur-honda,XZBT44EN  5 Tasten Fernbedienungsplatinen geeignet  für Honda,Afstandsbediening · Honda · XZBT44EN 5 Tasten Fernbedienungsplatinen g,afstandsbedieningen,printplaat,Honda,14.28,https://autosleutel-specialist.nl/images/products/akey_2541_02ca33f1_0.jpg,https://autosleutel-specialist.nl/images/products/akey_2541_02ca33f1_0.jpg
2542,xzbt51en-4-tasten-fernbedienungsplatinen-geeignet-fur-honda,XZBT51EN  4 Tasten Fernbedienungsplatinen geeignet  für Honda,"Afstandsbediening · Honda, Mini · XZBT51EN 4 Tasten Fernbedienungsplatinen g",afstandsbedieningen,printplaat,"Honda, Mini",14.28,https://autosleutel-specialist.nl/images/products/akey_2542_54ccd50d_0.jpg,https://autosleutel-specialist.nl/images/products/akey_2542_54ccd50d_0.jpg
2543,xzbtm1en-3-tasten-platine-geeignet-fur-honda-motorrad,XZBTM1EN  3 Tasten Platine geeignet  für Honda Motorrad,Afstandsbediening · Honda · XZBTM1EN 3 Tasten Platine geeignet für Mot,afstandsbedieningen,printplaat,Honda,21.42,https://autosleutel-specialist.nl/images/products/akey_2543_3dee3628_0.jpg,https://autosleutel-specialist.nl/images/products/akey_2543_3dee3628_0.jpg
2544,funkschlussel-b-series-remote-b28-kompatbel-met-hyenai-universal,Funkschlüssel - B Series Remote - B28 kompatbel met Hyenai Universal,Afstandsbediening · Hyundai · Funkschlüssel - B Series - B28 kompatbel m,afstandsbedieningen,afstandsbediening,Hyundai,11.9,https://autosleutel-specialist.nl/images/products/akey_2544_402b992f_0.jpg,https://autosleutel-specialist.nl/images/products/akey_2544_402b992f_0.jpg
2545,funkschlussel-keydiy-remote-b16-universal,Funkschlüssel - Keydiy Remote - B16 Universal,"Gereedschap · Hyundai, Kia · Funkschlüssel - Keydiy - B16",gereedschap,programmeerapparatuur,"Hyundai, Kia",10.59,https://autosleutel-specialist.nl/images/products/akey_2545_fc6d3096_0.jpg,https://autosleutel-specialist.nl/images/products/akey_2545_fc6d3096_0.jpg
2546,funkschlussel-keydiy-remote-nb04-universal,Funkschlüssel - Keydiy Remote - NB04 Universal,Gereedschap · Hyundai · Funkschlüssel - Keydiy - NB04,gereedschap,programmeerapparatuur,Hyundai,14.28,https://autosleutel-specialist.nl/images/products/akey_2546_407a08aa_0.jpg,https://autosleutel-specialist.nl/images/products/akey_2546_407a08aa_0.jpg
2547,funkschlussel-keydiy-remote-nb08-3-universal,Funkschlüssel - Keydiy Remote - NB08-3 Universal,Gereedschap · Hyundai · Funkschlüssel - Keydiy - NB08-3,gereedschap,programmeerapparatuur,Hyundai,14.28,https://autosleutel-specialist.nl/images/products/akey_2547_095c0fbc_0.jpg,https://autosleutel-specialist.nl/images/products/akey_2547_095c0fbc_0.jpg
2548,funkschlussel-keydiy-remote-nb25-universal,Funkschlüssel - Keydiy Remote - NB25 Universal,"Gereedschap · Hyundai, Kia · Funkschlüssel - Keydiy - NB25",gereedschap,programmeerapparatuur,"Hyundai, Kia",14.28,https://autosleutel-specialist.nl/images/products/akey_2548_bf0b8616_0.jpg,https://autosleutel-specialist.nl/images/products/akey_2548_bf0b8616_0.jpg
2549,funkschlussel-keydiy-remote-nb30-universal,Funkschlüssel - Keydiy Remote - NB30 Universal,Gereedschap · Hyundai · Funkschlüssel - Keydiy - NB30,gereedschap,programmeerapparatuur,Hyundai,17.85,https://autosleutel-specialist.nl/images/products/akey_2549_3893df61_0.jpg,https://autosleutel-specialist.nl/images/products/akey_2549_3893df61_0.jpg
2550,funkschlussel-nb-series-remote-nb28-kompatbel-met-hyenai-universal,Funkschlüssel - NB Series Remote - NB28 kompatbel met Hyenai Universal,Afstandsbediening · Hyundai · Funkschlüssel - NB Series - NB28 kompatbel,afstandsbedieningen,afstandsbediening,Hyundai,14.88,https://autosleutel-specialist.nl/images/products/akey_2550_c51cd3dc_0.jpg,https://autosleutel-specialist.nl/images/products/akey_2550_c51cd3dc_0.jpg
2575,funkschlussel-keydiy-remote-b19-2-universal,Funkschlüssel - Keydiy Remote - B19-2 Universal,Gereedschap · Kia · Funkschlüssel - Keydiy - B19-2,gereedschap,programmeerapparatuur,Kia,11.9,https://autosleutel-specialist.nl/images/products/akey_2575_4ea60bde_0.jpg,https://autosleutel-specialist.nl/images/products/akey_2575_4ea60bde_0.jpg
2576,funkschlussel-keydiy-remote-b19-3-universal,Funkschlüssel - Keydiy Remote - B19-3 Universal,Gereedschap · Kia · Funkschlüssel - Keydiy - B19-3,gereedschap,programmeerapparatuur,Kia,11.9,https://autosleutel-specialist.nl/images/products/akey_2576_85510b60_0.jpg,https://autosleutel-specialist.nl/images/products/akey_2576_85510b60_0.jpg
2622,tastenfeld-tastengummi-kompatibel-fur-toyota-2-bzw-3-tasten,Tastenfeld Tastengummi kompatibel für Toyota 2 bzw. 3 Tasten,"Afstandsbediening · Toyota, Lexus · Tastenfeld Tastengummi kompatibel für 2 bz",afstandsbedieningen,printplaat,"Toyota, Lexus",1.07,https://autosleutel-specialist.nl/images/products/akey_2622_0ef94e42_0.jpg,https://autosleutel-specialist.nl/images/products/akey_2622_0ef94e42_0.jpg
2631,funkschlussel-geeignet-fur-mercedes-benz,Funkschlüssel geeignet für Mercedes-Benz,Afstandsbediening · Mercedes-Benz · Funkschlüssel geeignet für -Benz,afstandsbedieningen,printplaat,Mercedes-Benz,105.91,https://autosleutel-specialist.nl/images/products/akey_2631_b7207844_0.jpg,https://autosleutel-specialist.nl/images/products/akey_2631_b7207844_0.jpg
2637,funkschlussel-geeignet-fur-mercedes-benz-129-140-461,Funkschlüssel geeignet für Mercedes-Benz 129 - 140 - 461,Transponderchip · Mercedes-Benz · Funkschlüssel geeignet für -Benz 129 - 140,transponders,transponder,Mercedes-Benz,105.91,https://autosleutel-specialist.nl/images/products/akey_2637_b1b33497_0.jpg,https://autosleutel-specialist.nl/images/products/akey_2637_b1b33497_0.jpg
2638,funkschlussel-geeignet-fur-mercedes-benz-163-ml,Funkschlüssel geeignet für Mercedes-Benz 163 ML,"Afstandsbediening · Mercedes-Benz, Dodge · Funkschlüssel geeignet für -Benz 163 ML",afstandsbedieningen,afstandsbediening,"Mercedes-Benz, Dodge",105.91,https://autosleutel-specialist.nl/images/products/akey_2638_4464b609_0.jpg,https://autosleutel-specialist.nl/images/products/akey_2638_4464b609_0.jpg
2640,funkschlussel-geeignet-fur-mercedes-benz-ml-w163,Funkschlüssel geeignet für Mercedes-Benz ML W163,"Afstandsbediening · Mercedes-Benz, Dodge · Funkschlüssel geeignet für -Benz ML W163",afstandsbedieningen,afstandsbediening,"Mercedes-Benz, Dodge",105.91,https://autosleutel-specialist.nl/images/products/akey_2640_b5edb258_0.jpg,https://autosleutel-specialist.nl/images/products/akey_2640_b5edb258_0.jpg
2644,xnbz01en-funkschlussel-xhorse-remote-board,XNBZ01EN Funkschlüssel - Xhorse Remote Board,Gereedschap · Mercedes-Benz · XNBZ01EN Funkschlüssel - Xhorse Board,gereedschap,programmeerapparatuur,Mercedes-Benz,20.11,https://autosleutel-specialist.nl/images/products/akey_2644_6a027baa_0.jpg,https://autosleutel-specialist.nl/images/products/akey_2644_6a027baa_0.jpg | https://autosleutel-specialist.nl/images/products/akey_2644_6a027baa_1.jpg
2645,xnbzt1gl-funkschlussel-xhorse-remote-board,XNBZT1GL Funkschlüssel - Xhorse Remote Board,Gereedschap · Mercedes-Benz · XNBZT1GL Funkschlüssel - Xhorse Board,gereedschap,programmeerapparatuur,Mercedes-Benz,13.09,https://autosleutel-specialist.nl/images/products/akey_2645_0029640f_0.jpg,https://autosleutel-specialist.nl/images/products/akey_2645_0029640f_0.jpg | https://autosleutel-specialist.nl/images/products/akey_2645_0029640f_1.jpg | https://autosleutel-specialist.nl/images/products/akey_2645_0029640f_2.jpg | https://autosleutel-specialist.nl/images/products/akey_2645_0029640f_3.jpg
2646,xsbz01en-funkschlussel-xhorse-remote-board-fbs3-keylessgoo,XSBZ01EN Funkschlüssel - Xhorse Remote Board - FBS3 Keylessgoo,Gereedschap · Mercedes-Benz · XSBZ01EN Funkschlüssel - Xhorse Board - FB,gereedschap,programmeerapparatuur,Mercedes-Benz,82.11,https://autosleutel-specialist.nl/images/products/akey_2646_7c50165b_0.jpg,https://autosleutel-specialist.nl/images/products/akey_2646_7c50165b_0.jpg
2649,funkschlussel-kompatibel-met-metsubishi-metr107,Funkschlüssel kompatibel met metsubishi  metR107,Afstandsbediening · Mitsubishi · Funkschlüssel kompatibel met metsubishi me,afstandsbedieningen,printplaat,Mitsubishi,22.61,https://autosleutel-specialist.nl/images/products/akey_2649_09e0b62a_0.jpg,https://autosleutel-specialist.nl/images/products/akey_2649_09e0b62a_0.jpg
2650,funkschlussel-kompatibel-met-metsubishi-metr103,Funkschlüssel kompatibel met metsubishi- metR103,Afstandsbediening · Mitsubishi · Funkschlüssel kompatibel met metsubishi- m,afstandsbedieningen,printplaat,Mitsubishi,15.35,https://autosleutel-specialist.nl/images/products/akey_2650_d858c0bd_0.jpg,https://autosleutel-specialist.nl/images/products/akey_2650_d858c0bd_0.jpg
2680,xepg00en-3-tasten-fernbedienungsplatine-geeignet-fur-peugeot,XEPG00EN 3 Tasten Fernbedienungsplatine geeignet für Peugeot,"Afstandsbediening · Opel, Peugeot · XEPG00EN 3 Tasten Fernbedienungsplatine ge",afstandsbedieningen,printplaat,"Opel, Peugeot",11.78,https://autosleutel-specialist.nl/images/products/akey_2680_8552cf14_0.jpg,https://autosleutel-specialist.nl/images/products/akey_2680_8552cf14_0.jpg
2681,xnsz01en-universal-geeignet-fur-suzuki,XNSZ01EN Universal geeignet für Suzuki,"Accessoire · Opel, Suzuki · XNSZ01EN geeignet für",,,"Opel, Suzuki",11.78,https://autosleutel-specialist.nl/images/products/akey_2681_9983f8fd_0.jpg,https://autosleutel-specialist.nl/images/products/akey_2681_9983f8fd_0.jpg | https://autosleutel-specialist.nl/images/products/akey_2681_9983f8fd_1.jpg
2724,xzvgm1en-3-tasten-fernbedienungsplatine-geeignet-fur-volkswagen,XZVGM1EN 3 Tasten Fernbedienungsplatine geeignet für Volkswagen,"Afstandsbediening · Volkswagen, Seat · XZVGM1EN 3 Tasten Fernbedienungsplatine ge",afstandsbedieningen,printplaat,"Volkswagen, Seat",17.73,https://autosleutel-specialist.nl/images/products/akey_2724_9693b333_0.jpg,https://autosleutel-specialist.nl/images/products/akey_2724_9693b333_0.jpg
2732,funkschlussel-keydiy-remote-tb01-3-universal,Funkschlüssel - Keydiy Remote - TB01-3 Universal,"Gereedschap · Toyota, Lexus · Funkschlüssel - Keydiy - TB01-3",gereedschap,programmeerapparatuur,"Toyota, Lexus",53.55,https://autosleutel-specialist.nl/images/products/akey_2732_c84c435a_0.jpg,https://autosleutel-specialist.nl/images/products/akey_2732_c84c435a_0.jpg
2733,funkschlussel-keydiy-remote-tb01-5-universal,Funkschlüssel - Keydiy Remote - TB01-5 Universal,Gereedschap · Toyota · Funkschlüssel - Keydiy - TB01-5,gereedschap,programmeerapparatuur,Toyota,59.5,https://autosleutel-specialist.nl/images/products/akey_2733_4e25fa97_0.jpg,https://autosleutel-specialist.nl/images/products/akey_2733_4e25fa97_0.jpg
2734,funkschlussel-keydiy-remote-tb06-3-universaluniversal-8a-smart-key-geeignet-fur-,Funkschlüssel - Keydiy Remote - TB06-3 UniversalUniversal 8a Smart Key geeignet für Toyota Highlander Land Cruiser FCC Id: 0020 2110 f43 0410 0440 0010,Gereedschap · Toyota · Funkschlüssel - Keydiy - TB06-3 UniversalU,gereedschap,programmeerapparatuur,Toyota,53.55,https://autosleutel-specialist.nl/images/products/akey_2734_5302c186_0.jpg,https://autosleutel-specialist.nl/images/products/akey_2734_5302c186_0.jpg
2735,funkschlussel-keydiy-remote-tb27-4-universal,Funkschlüssel - Keydiy Remote - TB27-4 Universal,Gereedschap · Toyota · Funkschlüssel - Keydiy - TB27-4,gereedschap,programmeerapparatuur,Toyota,52.36,https://autosleutel-specialist.nl/images/products/akey_2735_7ec5c62c_0.jpg,https://autosleutel-specialist.nl/images/products/akey_2735_7ec5c62c_0.jpg
2736,funkschlussel-keydiy-remote-tb36-2-universal,Funkschlüssel - Keydiy Remote - TB36-2 Universal,"Gereedschap · Toyota, Lexus · Funkschlüssel - Keydiy - TB36-2",gereedschap,programmeerapparatuur,"Toyota, Lexus",48.79,https://autosleutel-specialist.nl/images/products/akey_2736_972ed769_0.jpg,https://autosleutel-specialist.nl/images/products/akey_2736_972ed769_0.jpg
2737,funkschlussel-keydiy-remote-tb36-3-universal,Funkschlüssel - Keydiy Remote - TB36-3 Universal,"Gereedschap · Toyota, Lexus · Funkschlüssel - Keydiy - TB36-3",gereedschap,programmeerapparatuur,"Toyota, Lexus",48.79,https://autosleutel-specialist.nl/images/products/akey_2737_0a10efba_0.jpg,https://autosleutel-specialist.nl/images/products/akey_2737_0a10efba_0.jpg
2738,funkschlussel-keydiy-remote-tb36-4-universal-8a,Funkschlüssel - Keydiy Remote - TB36-4 Universal 8a,"Gereedschap · Toyota, Lexus · Funkschlüssel - Keydiy - TB36-4 8a",gereedschap,programmeerapparatuur,"Toyota, Lexus",48.79,https://autosleutel-specialist.nl/images/products/akey_2738_0e628413_0.jpg,https://autosleutel-specialist.nl/images/products/akey_2738_0e628413_0.jpg
2739,funkschlussel-keydiy-remote-tb60-3-universal,Funkschlüssel - Keydiy Remote - TB60-3 Universal,Gereedschap · Toyota · Funkschlüssel - Keydiy - TB60-3,gereedschap,programmeerapparatuur,Toyota,52.36,https://autosleutel-specialist.nl/images/products/akey_2739_ab3046dc_0.jpg,https://autosleutel-specialist.nl/images/products/akey_2739_ab3046dc_0.jpg
2743,lonsdor-mz30-14-3-tasten-smart-key-id4d-id49-einstellbare-frequenz,Lonsdor MZ30-14  3 Tasten Smart Key ID4D ID49  Einstellbare Frequenz,"Smart key · Toyota, Mazda · Lonsdor MZ30-14 3 Tasten ID4D ID49 Einstel",smart-keys,smart key,"Toyota, Mazda",21.42,https://autosleutel-specialist.nl/images/products/akey_2743_4114f7e5_0.jpg,https://autosleutel-specialist.nl/images/products/akey_2743_4114f7e5_0.jpg
2747,accu-kompatibel-fur-bmw-mini,Accu kompatibel für BMW - MINI,"Batterij · BMW, Mini · Accu kompatibel für -",batterijen,batterij,"BMW, Mini",2.37,https://autosleutel-specialist.nl/images/products/akey_2747_abbdc74b_0.jpg,https://autosleutel-specialist.nl/images/products/akey_2747_abbdc74b_0.jpg | https://autosleutel-specialist.nl/images/products/akey_2747_abbdc74b_1.jpg | https://autosleutel-specialist.nl/images/products/akey_2747_abbdc74b_2.jpg
2845,funkschlussel-keydiy-remote-b24-3-universal,Funkschlüssel - Keydiy Remote - B24-3 Universal,Gereedschap · Lexus · Funkschlüssel - Keydiy - B24-3,gereedschap,programmeerapparatuur,Lexus,11.9,https://autosleutel-specialist.nl/images/products/akey_2845_47ba2349_0.jpg,https://autosleutel-specialist.nl/images/products/akey_2845_47ba2349_0.jpg
2846,funkschlussel-keydiy-remote-b24-4-universal,Funkschlüssel - Keydiy Remote - B24-4 Universal,Gereedschap · Lexus · Funkschlüssel - Keydiy - B24-4,gereedschap,programmeerapparatuur,Lexus,11.9,https://autosleutel-specialist.nl/images/products/akey_2846_4807569f_0.jpg,https://autosleutel-specialist.nl/images/products/akey_2846_4807569f_0.jpg
2847,funkschlussel-keydiy-remote-nb24-3-universal,Funkschlüssel - Keydiy Remote - NB24-3 Universal,Gereedschap · Funkschlüssel - Keydiy - NB24-3,gereedschap,programmeerapparatuur,,14.28,https://autosleutel-specialist.nl/images/products/akey_2847_4fa0cce8_0.jpg,https://autosleutel-specialist.nl/images/products/akey_2847_4fa0cce8_0.jpg
2854,funkschlussel-keydiy-remote-nb08-4-universal,Funkschlüssel - Keydiy Remote - NB08-4 Universal,Gereedschap · Volkswagen · Funkschlüssel - Keydiy - NB08-4,gereedschap,programmeerapparatuur,Volkswagen,14.28,https://autosleutel-specialist.nl/images/products/akey_2854_d8d759a5_0.jpg,https://autosleutel-specialist.nl/images/products/akey_2854_d8d759a5_0.jpg
2855,funkschlussel-kompatibel-fur-volkswagen-vagr108,Funkschlüssel kompatibel für Volkswagen - VAGR108+,Afstandsbediening · Volkswagen · Funkschlüssel kompatibel für - VAGR108+,afstandsbedieningen,printplaat,Volkswagen,11.78,https://autosleutel-specialist.nl/images/products/akey_2855_06e440f4_0.jpg,https://autosleutel-specialist.nl/images/products/akey_2855_06e440f4_0.jpg
2856,funkschlussel-kompatibel-fur-volkswagen-vagr110,Funkschlüssel kompatibel für Volkswagen - VAGR110,Afstandsbediening · Volkswagen · Funkschlüssel kompatibel für - VAGR110,afstandsbedieningen,printplaat,Volkswagen,17.73,https://autosleutel-specialist.nl/images/products/akey_2856_fdf82ece_0.jpg,https://autosleutel-specialist.nl/images/products/akey_2856_fdf82ece_0.jpg
2857,funkschlussel-kompatibel-fur-volkswagen-vvr103,Funkschlüssel kompatibel für Volkswagen - VVR103,Afstandsbediening · Volkswagen · Funkschlüssel kompatibel für - VVR103,afstandsbedieningen,printplaat,Volkswagen,29.63,https://autosleutel-specialist.nl/images/products/akey_2857_b38e2e2e_0.jpg,https://autosleutel-specialist.nl/images/products/akey_2857_b38e2e2e_0.jpg | https://autosleutel-specialist.nl/images/products/akey_2857_b38e2e2e_1.jpg | https://autosleutel-specialist.nl/images/products/akey_2857_b38e2e2e_2.jpg | https://autosleutel-specialist.nl/images/products/akey_2857_b38e2e2e_3.jpg
2858,funkschlussel-kompatibel-fur-volkswagen-vvr104,Funkschlüssel kompatibel für Volkswagen - VVR104,Afstandsbediening · Volkswagen · Funkschlüssel kompatibel für - VVR104,afstandsbedieningen,printplaat,Volkswagen,29.63,https://autosleutel-specialist.nl/images/products/akey_2858_91642388_0.jpg,https://autosleutel-specialist.nl/images/products/akey_2858_91642388_0.jpg | https://autosleutel-specialist.nl/images/products/akey_2858_91642388_1.jpg
2859,funkschlussel-kompatibel-fur-volkswagen-vvr111,Funkschlüssel kompatibel für Volkswagen - VVR111,Afstandsbediening · Volkswagen · Funkschlüssel kompatibel für - VVR111,afstandsbedieningen,printplaat,Volkswagen,17.85,https://autosleutel-specialist.nl/images/products/akey_2859_540de6c4_0.jpg,https://autosleutel-specialist.nl/images/products/akey_2859_540de6c4_0.jpg
2860,funkschlussel-kompatibel-fur-volkswagen-vvr115,Funkschlüssel kompatibel für Volkswagen - VVR115,"Afstandsbediening · Volkswagen, Seat, Škoda · Funkschlüssel kompatibel für - VVR115",afstandsbedieningen,printplaat,"Volkswagen, Seat, Škoda",17.85,https://autosleutel-specialist.nl/images/products/akey_2860_89459a7a_0.jpg,https://autosleutel-specialist.nl/images/products/akey_2860_89459a7a_0.jpg
2861,funkschlussel-kompatibel-fur-volkswagen-vvr119,Funkschlüssel kompatibel für Volkswagen - VVR119,Afstandsbediening · Volkswagen · Funkschlüssel kompatibel für - VVR119,afstandsbedieningen,printplaat,Volkswagen,41.65,https://autosleutel-specialist.nl/images/products/akey_2861_3eb60322_0.jpg,https://autosleutel-specialist.nl/images/products/akey_2861_3eb60322_0.jpg | https://autosleutel-specialist.nl/images/products/akey_2861_3eb60322_1.jpg
2862,funkschlusselblatt-en-platine-kompatibel-fur-volkswagen-vvr108,Funkschlüsselblatt en Platine kompatibel für Volkswagen - VVR108,Afstandsbediening · Volkswagen · Funkschlüsselblatt en Platine kompatibel f,afstandsbedieningen,printplaat,Volkswagen,41.65,https://autosleutel-specialist.nl/images/products/akey_2862_3e1c40b5_0.jpg,https://autosleutel-specialist.nl/images/products/akey_2862_3e1c40b5_0.jpg
2863,xkb503en-b5-style-flip-3btn-extreme-blue,XKB503EN B5 Style  (Flip-3BTN-Extreme Blue),Accessoire · Volkswagen · 3 knoppen · XKB503EN B5 Flip-3BTN-Extreme Blue,,,Volkswagen,9.4,https://autosleutel-specialist.nl/images/products/akey_2863_0e02fb27_0.jpg,https://autosleutel-specialist.nl/images/products/akey_2863_0e02fb27_0.jpg | https://autosleutel-specialist.nl/images/products/akey_2863_0e02fb27_1.jpg
2864,xkb528en-b5-style-flip-2btn,XKB528EN B5 Style  (Flip-2BTN),Accessoire · Volkswagen · 2 knoppen · XKB528EN B5 Flip-2BTN,,,Volkswagen,9.4,https://autosleutel-specialist.nl/images/products/akey_2864_09339494_0.jpg,https://autosleutel-specialist.nl/images/products/akey_2864_09339494_0.jpg | https://autosleutel-specialist.nl/images/products/akey_2864_09339494_1.jpg
2865,1859-borkey-fahrzeugschlussel,1859 Börkey Fahrzeugschlüssel,Accessoire · Toyota · 1859 Börkey Fahrzeugschlüssel,,,Toyota,0.83,https://autosleutel-specialist.nl/images/products/akey_2865_63533c86_0.jpg,https://autosleutel-specialist.nl/images/products/akey_2865_63533c86_0.jpg
2866,ab60p-silca-geeignet-fur-abus-x-plus,AB60P Silca geeignet für ABUS X-Plus,Accessoire · AB60P Silca geeignet für ABUS X-Plus,,,,5.27,https://autosleutel-specialist.nl/images/products/akey_2866_a23d16e7_0.jpg,https://autosleutel-specialist.nl/images/products/akey_2866_a23d16e7_0.jpg
2867,abs3-1393-ab-8i-fahrzeugschlussel,ABS3  1393½  AB-8I - Fahrzeugschlüssel,Accessoire · ABS3 1393½ AB-8I - Fahrzeugschlüssel,,,,0.83,https://autosleutel-specialist.nl/images/products/akey_2867_73ad1110_0.jpg,https://autosleutel-specialist.nl/images/products/akey_2867_73ad1110_0.jpg
2868,af4a-734-fahrzeugschlussel,AF4A  - 734 - Fahrzeugschlüssel,"Accessoire · Alfa Romeo, Fiat · AF4A - 734 - Fahrzeugschlüssel",,,"Alfa Romeo, Fiat",0.83,https://autosleutel-specialist.nl/images/products/akey_2868_bb6b0649_0.jpg,https://autosleutel-specialist.nl/images/products/akey_2868_bb6b0649_0.jpg
2869,af4b-fahrzeugschlussel,AF4B  -  Fahrzeugschlüssel,"Accessoire · Alfa Romeo, Fiat · AF4B - Fahrzeugschlüssel",,,"Alfa Romeo, Fiat",0.83,https://autosleutel-specialist.nl/images/products/akey_2869_322b7393_0.jpg,https://autosleutel-specialist.nl/images/products/akey_2869_322b7393_0.jpg
2870,af4c-fahrzeugschlussel,AF4C - Fahrzeugschlüssel,Accessoire · Alfa Romeo · AF4C - Fahrzeugschlüssel,,,Alfa Romeo,0.83,https://autosleutel-specialist.nl/images/products/akey_2870_d82f7d8d_0.jpg,https://autosleutel-specialist.nl/images/products/akey_2870_d82f7d8d_0.jpg
2871,af4d-728-autoschlussel,AF4D 728½   Autoschlüssel,Accessoire · AF4D 728½ Autoschlüssel,,,,0.83,https://autosleutel-specialist.nl/images/products/akey_2871_ec7422c9_0.jpg,https://autosleutel-specialist.nl/images/products/akey_2871_ec7422c9_0.jpg
2872,af5a-fahrzeugschlussel,AF5A   - Fahrzeugschlüssel,Accessoire · AF5A - Fahrzeugschlüssel,,,,0.83,https://autosleutel-specialist.nl/images/products/akey_2872_88b31936_0.jpg,https://autosleutel-specialist.nl/images/products/akey_2872_88b31936_0.jpg
2873,af5b-714-fahrzeugschlussel,AF5B   714 - Fahrzeugschlüssel,Accessoire · AF5B 714 - Fahrzeugschlüssel,,,,1.55,https://autosleutel-specialist.nl/images/products/akey_2873_b7158d7f_0.jpg,https://autosleutel-specialist.nl/images/products/akey_2873_b7158d7f_0.jpg | https://autosleutel-specialist.nl/images/products/akey_2873_b7158d7f_1.jpg
2874,af7ap-fahrzeugschlussel,AF7AP  - Fahrzeugschlüssel,"Accessoire · Alfa Romeo, Fiat · AF7AP - Fahrzeugschlüssel",,,"Alfa Romeo, Fiat",1.07,https://autosleutel-specialist.nl/images/products/akey_2874_916cb4d2_0.jpg,https://autosleutel-specialist.nl/images/products/akey_2874_916cb4d2_0.jpg
2875,af7cp-fahrzeugschlussel,AF7CP    - Fahrzeugschlüssel,Accessoire · AF7CP - Fahrzeugschlüssel,,,,1.07,https://autosleutel-specialist.nl/images/products/akey_2875_8a13cef3_0.jpg,https://autosleutel-specialist.nl/images/products/akey_2875_8a13cef3_0.jpg
2876,am2r-1288-am1r-fi-8i,AM2R  1288  AM1R  FI-8I,"Accessoire · Seat, Fiat, Iveco · AM2R 1288 AM1R FI-8I",,,"Seat, Fiat, Iveco",1.07,https://autosleutel-specialist.nl/images/products/akey_2876_3d5b670c_0.jpg,https://autosleutel-specialist.nl/images/products/akey_2876_3d5b670c_0.jpg
2877,ax13rdp-fahrzeugschlussel,AX13RDP   - Fahrzeugschlüssel,Accessoire · AX13RDP - Fahrzeugschlüssel,,,,1.07,https://autosleutel-specialist.nl/images/products/akey_2877_1b61ca9e_0.jpg,https://autosleutel-specialist.nl/images/products/akey_2877_1b61ca9e_0.jpg
2878,ax1p-fahrzeugschlussel,AX1P    Fahrzeugschlüssel,Accessoire · AX1P Fahrzeugschlüssel,,,,1.43,https://autosleutel-specialist.nl/images/products/akey_2878_6412139e_0.jpg,https://autosleutel-specialist.nl/images/products/akey_2878_6412139e_0.jpg
2879,ax1rp-ax-1dp-fahrzeugschlussel,AX1RP   AX-1DP  -  Fahrzeugschlüssel,Accessoire · AX1RP AX-1DP - Fahrzeugschlüssel,,,,1.07,https://autosleutel-specialist.nl/images/products/akey_2879_e1a7a845_0.jpg,https://autosleutel-specialist.nl/images/products/akey_2879_e1a7a845_0.jpg | https://autosleutel-specialist.nl/images/products/akey_2879_e1a7a845_1.jpg
2880,ax3rap-axa1p-fahrzeugschlussel,AX3RAP    AXA1P  - Fahrzeugschlüssel,Accessoire · AX3RAP AXA1P - Fahrzeugschlüssel,,,,1.79,https://autosleutel-specialist.nl/images/products/akey_2880_7b115d63_0.jpg,https://autosleutel-specialist.nl/images/products/akey_2880_7b115d63_0.jpg
2881,ax4rp-fahrzeugschlussel,AX4RP  - Fahrzeugschlüssel,Accessoire · AX4RP - Fahrzeugschlüssel,,,,1.07,https://autosleutel-specialist.nl/images/products/akey_2881_bfc64010_0.jpg,https://autosleutel-specialist.nl/images/products/akey_2881_bfc64010_0.jpg | https://autosleutel-specialist.nl/images/products/akey_2881_bfc64010_1.jpg
2882,ax5rp-ax6rp143-axa5sp-fahrzeugschlussel,AX5RP  AX6RP143  AXA5SP - Fahrzeugschlüssel,Accessoire · AX5RP AX6RP143 AXA5SP - Fahrzeugschlüssel,,,,1.07,https://autosleutel-specialist.nl/images/products/akey_2882_fe70df71_0.jpg,https://autosleutel-specialist.nl/images/products/akey_2882_fe70df71_0.jpg | https://autosleutel-specialist.nl/images/products/akey_2882_fe70df71_1.jpg
2883,ba5-fahrzeugschlussel,BA5  - Fahrzeugschlüssel,Accessoire · BA5 - Fahrzeugschlüssel,,,,1.07,https://autosleutel-specialist.nl/images/products/akey_2883_5e8d93db_0.jpg,https://autosleutel-specialist.nl/images/products/akey_2883_5e8d93db_0.jpg
2884,ba5r-233-fahrzeugschlussel,BA5R   233½  - Fahrzeugschlüssel,Accessoire · BA5R 233½ - Fahrzeugschlüssel,,,,0.83,https://autosleutel-specialist.nl/images/products/akey_2884_f7284ebf_0.jpg,https://autosleutel-specialist.nl/images/products/akey_2884_f7284ebf_0.jpg | https://autosleutel-specialist.nl/images/products/akey_2884_f7284ebf_1.jpg
2885,ba8r-autoschlussel,BA8R   Autoschlüssel,Accessoire · BA8R Autoschlüssel,,,,0.48,https://autosleutel-specialist.nl/images/products/akey_2885_c091a44e_0.jpg,https://autosleutel-specialist.nl/images/products/akey_2885_c091a44e_0.jpg
2886,bh10-753-fahrzeugschlussel,BH10   753  - Fahrzeugschlüssel,Accessoire · BH10 753 - Fahrzeugschlüssel,,,,1.07,https://autosleutel-specialist.nl/images/products/akey_2886_cc6a77c1_0.jpg,https://autosleutel-specialist.nl/images/products/akey_2886_cc6a77c1_0.jpg
2887,bh11-fahrzeugschlussel,BH11 Fahrzeugschlüssel,Accessoire · BH11 Fahrzeugschlüssel,,,,3.45,https://autosleutel-specialist.nl/images/products/akey_2887_e9dec104_0.jpg,https://autosleutel-specialist.nl/images/products/akey_2887_e9dec104_0.jpg
2888,bh4-596-fahrzeugschlussel,BH4  596 - Fahrzeugschlüssel,Accessoire · BH4 596 - Fahrzeugschlüssel,,,,0.83,https://autosleutel-specialist.nl/images/products/akey_2888_08e686d0_0.jpg,https://autosleutel-specialist.nl/images/products/akey_2888_08e686d0_0.jpg
2889,bh6-fahrzeugschlussel,BH6   Fahrzeugschlüssel,Accessoire · BH6 Fahrzeugschlüssel,,,,0.83,https://autosleutel-specialist.nl/images/products/akey_2889_10abecde_0.jpg,https://autosleutel-specialist.nl/images/products/akey_2889_10abecde_0.jpg
2890,bt2-ba4r-bl-2-1099k-fahrzeugschlussel,BT2  BA4R  BL-2  1099K  - Fahrzeugschlüssel,Accessoire · BT2 BA4R BL-2 1099K - Fahrzeugschlüssel,,,,0.83,https://autosleutel-specialist.nl/images/products/akey_2890_dd1b84fc_0.jpg,https://autosleutel-specialist.nl/images/products/akey_2890_dd1b84fc_0.jpg
2891,bt2r-fahrzeugschlussel,BT2R  - Fahrzeugschlüssel,Accessoire · BT2R - Fahrzeugschlüssel,,,,0.83,https://autosleutel-specialist.nl/images/products/akey_2891_4a50a103_0.jpg,https://autosleutel-specialist.nl/images/products/akey_2891_4a50a103_0.jpg
2892,bt3-1359-fahrzeugschlussel,BT3  - 1359  Fahrzeugschlüssel,Accessoire · BT3 - 1359 Fahrzeugschlüssel,,,,0.6,https://autosleutel-specialist.nl/images/products/akey_2892_eef91f27_0.jpg,https://autosleutel-specialist.nl/images/products/akey_2892_eef91f27_0.jpg
2893,bt3r-fahrzeugschlussel,BT3R  - Fahrzeugschlüssel,Accessoire · BT3R - Fahrzeugschlüssel,,,,0.6,https://autosleutel-specialist.nl/images/products/akey_2893_52b2d877_0.jpg,https://autosleutel-specialist.nl/images/products/akey_2893_52b2d877_0.jpg
2894,cy22fh-cy24fhschlusselblatt,CY22FH  CY24FHSchlüsselblatt,Sleutelbehuizing · CY22FH CY24FHSchlüsselblatt,behuizingen,noodsleutel,,0.83,https://autosleutel-specialist.nl/images/products/akey_2894_86cc4253_0.jpg,https://autosleutel-specialist.nl/images/products/akey_2894_86cc4253_0.jpg
2895,dat17fh-schlusselblatt,DAT17FH Schlüsselblatt,Sleutelbehuizing · Subaru · DAT17FH Schlüsselblatt,behuizingen,noodsleutel,Subaru,0.83,https://autosleutel-specialist.nl/images/products/akey_2895_f05546c2_0.jpg,https://autosleutel-specialist.nl/images/products/akey_2895_f05546c2_0.jpg
2896,dwo4rfh-schlusselblatt,DWO4RFH Schlüsselblatt,Sleutelbehuizing · Chevrolet · DWO4RFH Schlüsselblatt,behuizingen,noodsleutel,Chevrolet,0.83,https://autosleutel-specialist.nl/images/products/akey_2896_2b2ed869_0.jpg,https://autosleutel-specialist.nl/images/products/akey_2896_2b2ed869_0.jpg
2897,dwo5fh-schlusselblatt,DWO5FH Schlüsselblatt,Sleutelbehuizing · Chevrolet · DWO5FH Schlüsselblatt,behuizingen,noodsleutel,Chevrolet,0.83,https://autosleutel-specialist.nl/images/products/akey_2897_8e1d8395_0.jpg,https://autosleutel-specialist.nl/images/products/akey_2897_8e1d8395_0.jpg
2898,dwo5rfh-schlusselblatt,DWO5RFH Schlüsselblatt,Sleutelbehuizing · Chevrolet · DWO5RFH Schlüsselblatt,behuizingen,noodsleutel,Chevrolet,0.83,https://autosleutel-specialist.nl/images/products/akey_2898_2d2eeb70_0.jpg,https://autosleutel-specialist.nl/images/products/akey_2898_2d2eeb70_0.jpg
2899,fo21fh-schlusselblatt,FO21FH Schlüsselblatt,"Sleutelbehuizing · Ford, Mazda, Jaguar · FO21FH Schlüsselblatt",behuizingen,noodsleutel,"Ford, Mazda, Jaguar",0.83,https://autosleutel-specialist.nl/images/products/akey_2899_8bb3567c_0.jpg,https://autosleutel-specialist.nl/images/products/akey_2899_8bb3567c_0.jpg | https://autosleutel-specialist.nl/images/products/akey_2899_8bb3567c_1.jpg
2900,fo38rfh-schlusselblatt,FO38RFH Schlüsselblatt,Sleutelbehuizing · Ford · FO38RFH Schlüsselblatt,behuizingen,noodsleutel,Ford,0.83,https://autosleutel-specialist.nl/images/products/akey_2900_300832ab_0.jpg,https://autosleutel-specialist.nl/images/products/akey_2900_300832ab_0.jpg
2901,gt10fh-schlusselblatt,GT10FH Schlüsselblatt,Sleutelbehuizing · GT10FH Schlüsselblatt,behuizingen,noodsleutel,,0.83,https://autosleutel-specialist.nl/images/products/akey_2901_1b5fc3bb_0.jpg,https://autosleutel-specialist.nl/images/products/akey_2901_1b5fc3bb_0.jpg
2902,gt15rfh-schlusselblatt,GT15RFH Schlüsselblatt,Sleutelbehuizing · GT15RFH Schlüsselblatt,behuizingen,noodsleutel,,0.83,https://autosleutel-specialist.nl/images/products/akey_2902_f8e86a3b_0.jpg,https://autosleutel-specialist.nl/images/products/akey_2902_f8e86a3b_0.jpg
2903,hon58rfh-schlusselblatt,HON58RFH Schlüsselblatt,Sleutelbehuizing · HON58RFH Schlüsselblatt,behuizingen,noodsleutel,,0.83,https://autosleutel-specialist.nl/images/products/akey_2903_8080b3d8_0.jpg,https://autosleutel-specialist.nl/images/products/akey_2903_8080b3d8_0.jpg
2904,hon66fh-schlusselblatt,HON66FH Schlüsselblatt,Sleutelbehuizing · Honda · HON66FH Schlüsselblatt,behuizingen,noodsleutel,Honda,0.83,https://autosleutel-specialist.nl/images/products/akey_2904_6ce6d971_0.jpg,https://autosleutel-specialist.nl/images/products/akey_2904_6ce6d971_0.jpg
2905,hu100fh-schlusselblatt,HU100FH Schlüsselblatt,"Gereedschap · Opel, Chevrolet · HU100FH Schlüsselblatt",gereedschap,programmeerapparatuur,"Opel, Chevrolet",0.83,https://autosleutel-specialist.nl/images/products/akey_2905_2938a6bb_0.jpg,https://autosleutel-specialist.nl/images/products/akey_2905_2938a6bb_0.jpg
2908,hu101-e-schlusselblatt,HU101 (E) Schlüsselblatt,"Sleutelbehuizing · Land Rover, Ford · HU101 E Schlüsselblatt",behuizingen,noodsleutel,"Land Rover, Ford",0.83,https://autosleutel-specialist.nl/images/products/akey_2908_25fe1c01_0.jpg,https://autosleutel-specialist.nl/images/products/akey_2908_25fe1c01_0.jpg
2909,hu101fh-schlusselblatt,HU101FH  Schlüsselblatt,"Sleutelbehuizing · Land Rover, Ford · HU101FH Schlüsselblatt",behuizingen,noodsleutel,"Land Rover, Ford",0.83,https://autosleutel-specialist.nl/images/products/akey_2909_c7d9a92f_0.jpg,https://autosleutel-specialist.nl/images/products/akey_2909_c7d9a92f_0.jpg
2911,hu116fh-a-schlusselblatt,HU116FH-A Schlüsselblatt,Sleutelbehuizing · HU116FH-A Schlüsselblatt,behuizingen,noodsleutel,,0.83,https://autosleutel-specialist.nl/images/products/akey_2911_d600361e_0.jpg,https://autosleutel-specialist.nl/images/products/akey_2911_d600361e_0.jpg
2912,hu133rfh-schlusselblatt,HU133RFH Schlüsselblatt,"Sleutelbehuizing · Nissan, Suzuki · HU133RFH Schlüsselblatt",behuizingen,noodsleutel,"Nissan, Suzuki",0.83,https://autosleutel-specialist.nl/images/products/akey_2912_7528f352_0.jpg,https://autosleutel-specialist.nl/images/products/akey_2912_7528f352_0.jpg
2913,hu134fh-schlusselblatt,HU134FH Schlüsselblatt,Sleutelbehuizing · Kia · HU134FH Schlüsselblatt,behuizingen,noodsleutel,Kia,0.83,https://autosleutel-specialist.nl/images/products/akey_2913_9a9d8866_0.jpg,https://autosleutel-specialist.nl/images/products/akey_2913_9a9d8866_0.jpg
2914,hu136-ai-schlusselblatt,HU136-AI Schlüsselblatt,"Sleutelbehuizing · Renault, Dacia · HU136-AI Schlüsselblatt",behuizingen,noodsleutel,"Renault, Dacia",0.83,https://autosleutel-specialist.nl/images/products/akey_2914_39594cbe_0.jpg,https://autosleutel-specialist.nl/images/products/akey_2914_39594cbe_0.jpg
2916,hu136fh-schlusselblatt,HU136FH Schlüsselblatt,"Sleutelbehuizing · Renault, Dacia · HU136FH Schlüsselblatt",behuizingen,noodsleutel,"Renault, Dacia",0.83,https://autosleutel-specialist.nl/images/products/akey_2916_394323b2_0.jpg,https://autosleutel-specialist.nl/images/products/akey_2916_394323b2_0.jpg
2918,hu162fh-a,HU162FH (A),"Sleutelbehuizing · Volkswagen, Škoda, Audi · HU162FH A",behuizingen,noodsleutel,"Volkswagen, Škoda, Audi, Seat",0.83,https://autosleutel-specialist.nl/images/products/akey_2918_50d18b25_0.jpg,https://autosleutel-specialist.nl/images/products/akey_2918_50d18b25_0.jpg
2920,hu166fh-schlusselblatt,HU166FH Schlüsselblatt,Sleutelbehuizing · Volkswagen · HU166FH Schlüsselblatt,behuizingen,noodsleutel,Volkswagen,0.83,https://autosleutel-specialist.nl/images/products/akey_2920_f2e31b00_0.jpg,https://autosleutel-specialist.nl/images/products/akey_2920_f2e31b00_0.jpg
2921,hu179-ci-schlusselblatt,HU179-CI Schlüsselblatt,"Sleutelbehuizing · Citroën, Peugeot, Renault · HU179-CI Schlüsselblatt",behuizingen,noodsleutel,"Citroën, Peugeot, Renault, Dacia",0.83,https://autosleutel-specialist.nl/images/products/akey_2921_693bda58_0.jpg,https://autosleutel-specialist.nl/images/products/akey_2921_693bda58_0.jpg | https://autosleutel-specialist.nl/images/products/akey_2921_693bda58_1.jpg
2922,hu179fh-schlusselblatt,HU179FH Schlüsselblatt,"Sleutelbehuizing · Citroën, Peugeot, Renault · HU179FH Schlüsselblatt",behuizingen,noodsleutel,"Citroën, Peugeot, Renault, Dacia",0.83,https://autosleutel-specialist.nl/images/products/akey_2922_da2c8c39_0.jpg,https://autosleutel-specialist.nl/images/products/akey_2922_da2c8c39_0.jpg
2923,hu39fh-schlusselblatt,HU39FH Schlüsselblatt,Sleutelbehuizing · HU39FH Schlüsselblatt,behuizingen,noodsleutel,,0.83,https://autosleutel-specialist.nl/images/products/akey_2923_4f37fb93_0.jpg,https://autosleutel-specialist.nl/images/products/akey_2923_4f37fb93_0.jpg
2924,funkschlussel-pcb-keydiy-remote-dz-754j-universal,Funkschlüssel PCB - Keydiy Remote - DZ-754J Universal,Gereedschap · Audi · Funkschlüssel PCB - Keydiy - DZ-754J,gereedschap,programmeerapparatuur,Audi,34.51,https://autosleutel-specialist.nl/images/products/akey_2924_5984ea98_0.jpg,https://autosleutel-specialist.nl/images/products/akey_2924_5984ea98_0.jpg | https://autosleutel-specialist.nl/images/products/akey_2924_5984ea98_1.jpg
2925,funkschlussel-pcb-keydiy-remote-fgb23-universal,Funkschlüssel PCB - Keydiy Remote - FGB23 Universal,Gereedschap · BMW · Funkschlüssel PCB - Keydiy - FGB23,gereedschap,programmeerapparatuur,BMW,34.51,https://autosleutel-specialist.nl/images/products/akey_2925_8b8d974d_0.jpg,https://autosleutel-specialist.nl/images/products/akey_2925_8b8d974d_0.jpg
2926,funkschlussel-pcb-keydiy-remote-fgb57-universal,Funkschlüssel PCB - Keydiy Remote - FGB57 Universal,Gereedschap · BMW · Funkschlüssel PCB - Keydiy - FGB57,gereedschap,programmeerapparatuur,BMW,34.51,https://autosleutel-specialist.nl/images/products/akey_2926_231cc257_0.jpg,https://autosleutel-specialist.nl/images/products/akey_2926_231cc257_0.jpg
2927,funkschlussel-pcb-keydiy-remote-fgb58-universal,Funkschlüssel PCB - Keydiy Remote - FGB58 Universal,Gereedschap · BMW · Funkschlüssel PCB - Keydiy - FGB58,gereedschap,programmeerapparatuur,BMW,34.51,https://autosleutel-specialist.nl/images/products/akey_2927_dbabf295_0.jpg,https://autosleutel-specialist.nl/images/products/akey_2927_dbabf295_0.jpg
2928,funkschlussel-pcb-keydiy-remote-mlb26-universal,Funkschlüssel PCB - Keydiy Remote - MLB26 Universal,Gereedschap · Funkschlüssel PCB - Keydiy - MLB26,gereedschap,programmeerapparatuur,,53.55,https://autosleutel-specialist.nl/images/products/akey_2928_b4f55845_0.jpg,https://autosleutel-specialist.nl/images/products/akey_2928_b4f55845_0.jpg | https://autosleutel-specialist.nl/images/products/akey_2928_b4f55845_1.jpg
2929,lonsdor-lt20-01-8a-4d-toyota-lexus-smart-key,Lonsdor LT20-01 8A+4D Toyota & Lexus Smart Key,"Smart key · Toyota, Lexus · Lonsdor LT20-01 8A+4D &",smart-keys,smart key,"Toyota, Lexus",29.75,https://autosleutel-specialist.nl/images/products/akey_2929_17852368_0.jpg,https://autosleutel-specialist.nl/images/products/akey_2929_17852368_0.jpg | https://autosleutel-specialist.nl/images/products/akey_2929_17852368_1.jpg
2930,lonsdor-lt20-04-8a-4d-toyota-lexus-smart-key,Lonsdor LT20-04  8A+4D Toyota & Lexus Smart Key,"Smart key · Toyota, Lexus · Lonsdor LT20-04 8A+4D &",smart-keys,smart key,"Toyota, Lexus",29.75,https://autosleutel-specialist.nl/images/products/akey_2930_b608e5f2_0.jpg,https://autosleutel-specialist.nl/images/products/akey_2930_b608e5f2_0.jpg | https://autosleutel-specialist.nl/images/products/akey_2930_b608e5f2_1.jpg
2931,lonsdor-lt20-08-8a-4d-toyota-lexus-smart-key,Lonsdor LT20-08  8A+4D Toyota & Lexus Smart Key,"Smart key · Toyota, Lexus · Lonsdor LT20-08 8A+4D &",smart-keys,smart key,"Toyota, Lexus",29.75,https://autosleutel-specialist.nl/images/products/akey_2931_f6dc1e1c_0.jpg,https://autosleutel-specialist.nl/images/products/akey_2931_f6dc1e1c_0.jpg
2932,lonsdor-lt20-10-8a-ba-toyota-lexus-smart-key,Lonsdor LT20-10  8A+BA Toyota & Lexus Smart Key,"Smart key · Toyota, Lexus · Lonsdor LT20-10 8A+BA &",smart-keys,smart key,"Toyota, Lexus",36.89,https://autosleutel-specialist.nl/images/products/akey_2932_4b9b22ff_0.jpg,https://autosleutel-specialist.nl/images/products/akey_2932_4b9b22ff_0.jpg
2933,xzhy84en-3-tasten-fernbedienungsplatine-geeignet-fur-hyenai,XZHY84EN  3 Tasten Fernbedienungsplatine geeignet für Hyenai,Afstandsbediening · XZHY84EN 3 Tasten Fernbedienungsplatine ge,afstandsbedieningen,printplaat,,15.35,https://autosleutel-specialist.nl/images/products/akey_2933_1e779d39_0.jpg,https://autosleutel-specialist.nl/images/products/akey_2933_1e779d39_0.jpg
2934,xzmzd6en-3-tasten-fernbedienungsplatine-geeignet-fur-mazda,XZMZD6EN  3 Tasten Fernbedienungsplatine geeignet für Mazda,Afstandsbediening · Mazda · XZMZD6EN 3 Tasten Fernbedienungsplatine ge,afstandsbedieningen,printplaat,Mazda,13.69,https://autosleutel-specialist.nl/images/products/akey_2934_a38a0d8b_0.jpg,https://autosleutel-specialist.nl/images/products/akey_2934_a38a0d8b_0.jpg | https://autosleutel-specialist.nl/images/products/akey_2934_a38a0d8b_1.jpg
2935,funkschlussel-gehause-kompatibel-fur-fiat-alfa-firc110-3t,Funkschlüssel - Gehäuse  kompatibel für Fiat / Alfa - FIRC110 3T,Sleutelbehuizing · Fiat · Funkschlüssel - Gehäuse kompatibel für / A,behuizingen,sleutelbehuizing,Fiat,4.17,https://autosleutel-specialist.nl/images/products/akey_2935_a20d81ad_0.jpg,https://autosleutel-specialist.nl/images/products/akey_2935_a20d81ad_0.jpg | https://autosleutel-specialist.nl/images/products/akey_2935_a20d81ad_1.jpg | https://autosleutel-specialist.nl/images/products/akey_2935_a20d81ad_2.jpg
2936,funkschlussel-gehause-kompatibel-fur-alfa-afrc101,Funkschlüssel - Gehäuse kompatibel für Alfa - AFRC101,Sleutelbehuizing · Funkschlüssel - Gehäuse kompatibel für Alf,behuizingen,sleutelbehuizing,,4.64,https://autosleutel-specialist.nl/images/products/akey_2936_ea97d2e4_0.jpg,https://autosleutel-specialist.nl/images/products/akey_2936_ea97d2e4_0.jpg | https://autosleutel-specialist.nl/images/products/akey_2936_ea97d2e4_1.jpg | https://autosleutel-specialist.nl/images/products/akey_2936_ea97d2e4_2.jpg
2937,funkschlussel-gehause-kompatibel-fur-alfa-afrc103,Funkschlüssel - Gehäuse kompatibel für Alfa - AFRC103,Sleutelbehuizing · Funkschlüssel - Gehäuse kompatibel für Alf,behuizingen,sleutelbehuizing,,16.24,https://autosleutel-specialist.nl/images/products/akey_2937_a3118c13_0.jpg,https://autosleutel-specialist.nl/images/products/akey_2937_a3118c13_0.jpg | https://autosleutel-specialist.nl/images/products/akey_2937_a3118c13_1.jpg | https://autosleutel-specialist.nl/images/products/akey_2937_a3118c13_2.jpg
2938,funkschlussel-gehause-kompatibel-fur-alfa-afrc104,Funkschlüssel - Gehäuse kompatibel für Alfa - AFRC104,Sleutelbehuizing · Funkschlüssel - Gehäuse kompatibel für Alf,behuizingen,sleutelbehuizing,,4.7,https://autosleutel-specialist.nl/images/products/akey_2938_c412cf13_0.jpg,https://autosleutel-specialist.nl/images/products/akey_2938_c412cf13_0.jpg | https://autosleutel-specialist.nl/images/products/akey_2938_c412cf13_1.jpg | https://autosleutel-specialist.nl/images/products/akey_2938_c412cf13_2.jpg
2939,auk104-schlusselkopf-kompatibel-fur-audi-vw-skoda-seat,AUK104 Schlüsselkopf kompatibel für Audi - VW - Skoda - Seat,"Accessoire · Volkswagen, Audi, Seat · AUK104 Schlüsselkopf kompatibel für - VW -",,,"Volkswagen, Audi, Seat, Škoda",1.79,https://autosleutel-specialist.nl/images/products/akey_2939_cc5c4f4b_0.jpg,https://autosleutel-specialist.nl/images/products/akey_2939_cc5c4f4b_0.jpg
2940,funkschlussel-gehause-kompatibel-fur-audi-aurc103,Funkschlüssel-Gehäuse  kompatibel für Audi - AURC103,Sleutelbehuizing · Audi · Funkschlüssel-Gehäuse kompatibel für - AUR,behuizingen,sleutelbehuizing,Audi,4.17,https://autosleutel-specialist.nl/images/products/akey_2940_0856ec33_0.jpg,https://autosleutel-specialist.nl/images/products/akey_2940_0856ec33_0.jpg | https://autosleutel-specialist.nl/images/products/akey_2940_0856ec33_1.jpg
2941,funkschlussel-gehause-kompatibel-fur-audi-aurc104,Funkschlüssel-Gehäuse  kompatibel für Audi - AURC104,Sleutelbehuizing · Audi · Funkschlüssel-Gehäuse kompatibel für - AUR,behuizingen,sleutelbehuizing,Audi,5.36,https://autosleutel-specialist.nl/images/products/akey_2941_3362bf61_0.jpg,https://autosleutel-specialist.nl/images/products/akey_2941_3362bf61_0.jpg | https://autosleutel-specialist.nl/images/products/akey_2941_3362bf61_1.jpg
2942,funkschlussel-gehause-kompatibel-fur-audi-aurc152,Funkschlüssel-Gehäuse  kompatibel für Audi - AURC152,Sleutelbehuizing · Audi · Funkschlüssel-Gehäuse kompatibel für - AUR,behuizingen,sleutelbehuizing,Audi,3.45,https://autosleutel-specialist.nl/images/products/akey_2942_57206edb_0.jpg,https://autosleutel-specialist.nl/images/products/akey_2942_57206edb_0.jpg | https://autosleutel-specialist.nl/images/products/akey_2942_57206edb_1.jpg | https://autosleutel-specialist.nl/images/products/akey_2942_57206edb_2.jpg | https://autosleutel-specialist.nl/images/products/akey_2942_57206edb_3.jpg
2943,funkschlussel-gehause-kompatibel-fur-audi-aurc150,Funkschlüssel-Gehäuse kompatibel für Audi  - AURC150,Sleutelbehuizing · Audi · Funkschlüssel-Gehäuse kompatibel für - AUR,behuizingen,sleutelbehuizing,Audi,9.4,https://autosleutel-specialist.nl/images/products/akey_2943_8788f83f_0.jpg,https://autosleutel-specialist.nl/images/products/akey_2943_8788f83f_0.jpg | https://autosleutel-specialist.nl/images/products/akey_2943_8788f83f_1.jpg | https://autosleutel-specialist.nl/images/products/akey_2943_8788f83f_2.jpg
2944,funkschlussel-gehause-kompatibel-fur-audi-aurc153,Funkschlüssel-Gehäuse kompatibel für Audi  - AURC153,Sleutelbehuizing · Audi · Funkschlüssel-Gehäuse kompatibel für - AUR,behuizingen,sleutelbehuizing,Audi,3.45,https://autosleutel-specialist.nl/images/products/akey_2944_b893ae81_0.jpg,https://autosleutel-specialist.nl/images/products/akey_2944_b893ae81_0.jpg | https://autosleutel-specialist.nl/images/products/akey_2944_b893ae81_1.jpg | https://autosleutel-specialist.nl/images/products/akey_2944_b893ae81_2.jpg
2945,funkschlussel-gehause-kompatibel-fur-audi-aurc101,Funkschlüssel-Gehäuse kompatibel für Audi - AURC101,Sleutelbehuizing · Audi · Funkschlüssel-Gehäuse kompatibel für - AUR,behuizingen,sleutelbehuizing,Audi,2.26,https://autosleutel-specialist.nl/images/products/akey_2945_9ad84945_0.jpg,https://autosleutel-specialist.nl/images/products/akey_2945_9ad84945_0.jpg | https://autosleutel-specialist.nl/images/products/akey_2945_9ad84945_1.jpg
2946,schlusselkopf-kompatibel-fur-audi-vw-skoda-seat-auk103,Schlüsselkopf kompatibel für Audi - VW - Skoda - Seat AUK103,"Accessoire · Volkswagen, Audi, Seat · Schlüsselkopf kompatibel für - VW - Skoda",,,"Volkswagen, Audi, Seat, Škoda",1.79,https://autosleutel-specialist.nl/images/products/akey_2946_5347cccf_0.jpg,https://autosleutel-specialist.nl/images/products/akey_2946_5347cccf_0.jpg
2947,funkschlussel-gehause-keydiy-kompatibel-fur-bmw-bmrc110,Funkschlüssel Gehäuse Keydiy  kompatibel für BMW - BMRC110,Gereedschap · BMW · Funkschlüssel Gehäuse Keydiy kompatibel fü,gereedschap,programmeerapparatuur,BMW,2.38,https://autosleutel-specialist.nl/images/products/akey_2947_255ae0ce_0.jpg,https://autosleutel-specialist.nl/images/products/akey_2947_255ae0ce_0.jpg
2948,funkschlussel-gehause-kompatibel-fur-bmw-bmrc105,Funkschlüssel-Gehäuse  Kompatibel für BMW - BMRC105,Sleutelbehuizing · BMW · Funkschlüssel-Gehäuse Kompatibel für - BMR,behuizingen,sleutelbehuizing,BMW,2.32,https://autosleutel-specialist.nl/images/products/akey_2948_b4fce01a_0.jpg,https://autosleutel-specialist.nl/images/products/akey_2948_b4fce01a_0.jpg | https://autosleutel-specialist.nl/images/products/akey_2948_b4fce01a_1.jpg | https://autosleutel-specialist.nl/images/products/akey_2948_b4fce01a_2.jpg
2949,funkschlussel-gehause-kompatibel-fur-bmw-bmrc107,Funkschlüssel-Gehäuse  Kompatibel für BMW - BMRC107,Sleutelbehuizing · BMW · Funkschlüssel-Gehäuse Kompatibel für - BMR,behuizingen,sleutelbehuizing,BMW,4.76,https://autosleutel-specialist.nl/images/products/akey_2949_8edf6f3d_0.jpg,https://autosleutel-specialist.nl/images/products/akey_2949_8edf6f3d_0.jpg | https://autosleutel-specialist.nl/images/products/akey_2949_8edf6f3d_1.jpg | https://autosleutel-specialist.nl/images/products/akey_2949_8edf6f3d_2.jpg
2950,funkschlussel-gehause-kompatibel-fur-bmw-bmrc109,Funkschlüssel-Gehäuse  Kompatibel für BMW - BMRC109,Sleutelbehuizing · BMW · Funkschlüssel-Gehäuse Kompatibel für - BMR,behuizingen,sleutelbehuizing,BMW,4.76,https://autosleutel-specialist.nl/images/products/akey_2950_13868837_0.jpg,https://autosleutel-specialist.nl/images/products/akey_2950_13868837_0.jpg
2951,funkschlussel-gehause-kompatibel-fur-bmw-bmrc151,Funkschlüssel-Gehäuse  Kompatibel für BMW - BMRC151,Sleutelbehuizing · BMW · Funkschlüssel-Gehäuse Kompatibel für - BMR,behuizingen,sleutelbehuizing,BMW,4.64,https://autosleutel-specialist.nl/images/products/akey_2951_114f4868_0.jpg,https://autosleutel-specialist.nl/images/products/akey_2951_114f4868_0.jpg | https://autosleutel-specialist.nl/images/products/akey_2951_114f4868_1.jpg | https://autosleutel-specialist.nl/images/products/akey_2951_114f4868_2.jpg
2952,funkschlussel-gehause-kompatibel-fur-bmw-bmrc156,Funkschlüssel-Gehäuse  kompatibel für BMW - BMRC156,Sleutelbehuizing · BMW · Funkschlüssel-Gehäuse kompatibel für - BMR,behuizingen,sleutelbehuizing,BMW,2.38,https://autosleutel-specialist.nl/images/products/akey_2952_ad284447_0.jpg,https://autosleutel-specialist.nl/images/products/akey_2952_ad284447_0.jpg | https://autosleutel-specialist.nl/images/products/akey_2952_ad284447_1.jpg | https://autosleutel-specialist.nl/images/products/akey_2952_ad284447_2.jpg
2953,funkschlussel-gehause-kompatibel-fur-bmw-bmrc157,Funkschlüssel-Gehäuse  kompatibel für BMW - BMRC157,Sleutelbehuizing · BMW · Funkschlüssel-Gehäuse kompatibel für - BMR,behuizingen,sleutelbehuizing,BMW,4.64,https://autosleutel-specialist.nl/images/products/akey_2953_a7bf581a_0.jpg,https://autosleutel-specialist.nl/images/products/akey_2953_a7bf581a_0.jpg | https://autosleutel-specialist.nl/images/products/akey_2953_a7bf581a_1.jpg | https://autosleutel-specialist.nl/images/products/akey_2953_a7bf581a_2.jpg
2954,funkschlussel-gehause-umbausatz-kompatibel-fur-bmw-bmrc153,Funkschlüssel-Gehäuse - Umbausatz -kompatibel für BMW BMRC153 -,Sleutelbehuizing · BMW · Funkschlüssel-Gehäuse - Umbausatz -kompati,behuizingen,sleutelbehuizing,BMW,4.76,https://autosleutel-specialist.nl/images/products/akey_2954_747caa47_0.jpg,https://autosleutel-specialist.nl/images/products/akey_2954_747caa47_0.jpg
2955,funkschlussel-gehause-kompatibel-fur-bmw-bmrc101,Funkschlüssel-Gehäuse kompatibel für BMW  - BMRC101,Sleutelbehuizing · BMW · Funkschlüssel-Gehäuse kompatibel für - BMR,behuizingen,sleutelbehuizing,BMW,5.95,https://autosleutel-specialist.nl/images/products/akey_2955_1e148cb1_0.jpg,https://autosleutel-specialist.nl/images/products/akey_2955_1e148cb1_0.jpg | https://autosleutel-specialist.nl/images/products/akey_2955_1e148cb1_1.jpg
2956,funkschlussel-gehause-kompatibel-fur-bmw-bmrc159,Funkschlüssel-Gehäuse kompatibel für BMW  - BMRC159,Sleutelbehuizing · BMW · Funkschlüssel-Gehäuse kompatibel für - BMR,behuizingen,sleutelbehuizing,BMW,9.4,https://autosleutel-specialist.nl/images/products/akey_2956_3e18ae46_0.jpg,https://autosleutel-specialist.nl/images/products/akey_2956_3e18ae46_0.jpg | https://autosleutel-specialist.nl/images/products/akey_2956_3e18ae46_1.jpg | https://autosleutel-specialist.nl/images/products/akey_2956_3e18ae46_2.jpg
2957,funkschlussel-gehause-kompatibel-fur-bmw-bmrc102,Funkschlüssel-Gehäuse kompatibel für BMW - BMRC102,Sleutelbehuizing · BMW · Funkschlüssel-Gehäuse kompatibel für - BMR,behuizingen,sleutelbehuizing,BMW,4.64,https://autosleutel-specialist.nl/images/products/akey_2957_43f819b5_0.jpg,https://autosleutel-specialist.nl/images/products/akey_2957_43f819b5_0.jpg | https://autosleutel-specialist.nl/images/products/akey_2957_43f819b5_1.jpg | https://autosleutel-specialist.nl/images/products/akey_2957_43f819b5_2.jpg
2958,funkschlussel-gehause-kompatibel-fur-bmw-bmrc103,Funkschlüssel-Gehäuse kompatibel für BMW - BMRC103,Sleutelbehuizing · BMW · Funkschlüssel-Gehäuse kompatibel für - BMR,behuizingen,sleutelbehuizing,BMW,2.32,https://autosleutel-specialist.nl/images/products/akey_2958_dca9e999_0.jpg,https://autosleutel-specialist.nl/images/products/akey_2958_dca9e999_0.jpg | https://autosleutel-specialist.nl/images/products/akey_2958_dca9e999_1.jpg | https://autosleutel-specialist.nl/images/products/akey_2958_dca9e999_2.jpg
2959,funkschlussel-gehause-kompatibel-fur-bmw-bmrc104-hu92,Funkschlüssel-Gehäuse Kompatibel für BMW - BMRC104/HU92,Sleutelbehuizing · BMW · Funkschlüssel-Gehäuse Kompatibel für - BMR,behuizingen,sleutelbehuizing,BMW,2.38,https://autosleutel-specialist.nl/images/products/akey_2959_513f76ba_0.jpg,https://autosleutel-specialist.nl/images/products/akey_2959_513f76ba_0.jpg | https://autosleutel-specialist.nl/images/products/akey_2959_513f76ba_1.jpg | https://autosleutel-specialist.nl/images/products/akey_2959_513f76ba_2.jpg
2960,funkschlussel-gehause-kompatibel-fur-bmw-bmrc106,Funkschlüssel-Gehäuse kompatibel für BMW - BMRC106,Sleutelbehuizing · BMW · Funkschlüssel-Gehäuse kompatibel für - BMR,behuizingen,sleutelbehuizing,BMW,2.38,https://autosleutel-specialist.nl/images/products/akey_2960_9e709b6b_0.jpg,https://autosleutel-specialist.nl/images/products/akey_2960_9e709b6b_0.jpg | https://autosleutel-specialist.nl/images/products/akey_2960_9e709b6b_1.jpg | https://autosleutel-specialist.nl/images/products/akey_2960_9e709b6b_2.jpg
2961,funkschlussel-gehause-kompatibel-fur-bmw-bmrc108,Funkschlüssel-Gehäuse kompatibel für BMW - BMRC108,Sleutelbehuizing · BMW · Funkschlüssel-Gehäuse kompatibel für - BMR,behuizingen,sleutelbehuizing,BMW,4.64,https://autosleutel-specialist.nl/images/products/akey_2961_c044067a_0.jpg,https://autosleutel-specialist.nl/images/products/akey_2961_c044067a_0.jpg | https://autosleutel-specialist.nl/images/products/akey_2961_c044067a_1.jpg | https://autosleutel-specialist.nl/images/products/akey_2961_c044067a_2.jpg
2962,funkschlussel-gehause-kompatibel-fur-bmw-bmrc154,Funkschlüssel-Gehäuse kompatibel für BMW - BMRC154,Sleutelbehuizing · BMW · Funkschlüssel-Gehäuse kompatibel für - BMR,behuizingen,sleutelbehuizing,BMW,4.64,https://autosleutel-specialist.nl/images/products/akey_2962_a7d2c659_0.jpg,https://autosleutel-specialist.nl/images/products/akey_2962_a7d2c659_0.jpg | https://autosleutel-specialist.nl/images/products/akey_2962_a7d2c659_1.jpg | https://autosleutel-specialist.nl/images/products/akey_2962_a7d2c659_2.jpg
2963,funkschlussel-gehause-kompatibel-fur-bmw-bmrc155,Funkschlüssel-Gehäuse kompatibel für BMW - BMRC155,Sleutelbehuizing · BMW · Funkschlüssel-Gehäuse kompatibel für - BMR,behuizingen,sleutelbehuizing,BMW,2.38,https://autosleutel-specialist.nl/images/products/akey_2963_793b08bc_0.jpg,https://autosleutel-specialist.nl/images/products/akey_2963_793b08bc_0.jpg | https://autosleutel-specialist.nl/images/products/akey_2963_793b08bc_1.jpg | https://autosleutel-specialist.nl/images/products/akey_2963_793b08bc_2.jpg
2964,funkschlussel-gehause-kompatibel-fur-cadillac-cadrc101,Funkschlüssel - Gehäuse kompatibel für Cadillac - CADRC101,Sleutelbehuizing · Funkschlüssel - Gehäuse kompatibel für Cad,behuizingen,sleutelbehuizing,,10.59,https://autosleutel-specialist.nl/images/products/akey_2964_4e298154_0.jpg,https://autosleutel-specialist.nl/images/products/akey_2964_4e298154_0.jpg | https://autosleutel-specialist.nl/images/products/akey_2964_4e298154_1.jpg
2965,funkschlussel-gehause-kompatibel-fur-chevrolet-chrc103,Funkschlüssel-Gehäuse  kompatibel für Chevrolet   - CHRC103,Sleutelbehuizing · Chevrolet · Funkschlüssel-Gehäuse kompatibel für - CHR,behuizingen,sleutelbehuizing,Chevrolet,5.83,https://autosleutel-specialist.nl/images/products/akey_2965_091654e3_0.jpg,https://autosleutel-specialist.nl/images/products/akey_2965_091654e3_0.jpg | https://autosleutel-specialist.nl/images/products/akey_2965_091654e3_1.jpg | https://autosleutel-specialist.nl/images/products/akey_2965_091654e3_2.jpg | https://autosleutel-specialist.nl/images/products/akey_2965_091654e3_3.jpg | https://autosleutel-specialist.nl/images/products/akey_2965_091654e3_4.jpg
2966,funkschlussel-gehause-kompatibel-fur-chevrolet-chrc101,Funkschlüssel-Gehäuse  kompatibel für Chevrolet  - CHRC101,Sleutelbehuizing · Chevrolet · Funkschlüssel-Gehäuse kompatibel für - CHR,behuizingen,sleutelbehuizing,Chevrolet,3.45,https://autosleutel-specialist.nl/images/products/akey_2966_a07e4db9_0.jpg,https://autosleutel-specialist.nl/images/products/akey_2966_a07e4db9_0.jpg | https://autosleutel-specialist.nl/images/products/akey_2966_a07e4db9_1.jpg | https://autosleutel-specialist.nl/images/products/akey_2966_a07e4db9_2.jpg | https://autosleutel-specialist.nl/images/products/akey_2966_a07e4db9_3.jpg | https://autosleutel-specialist.nl/images/products/akey_2966_a07e4db9_4.jpg
2967,funkschlussel-gehause-kompatibel-fur-chevrolet-chrc102,Funkschlüssel-Gehäuse  kompatibel für Chevrolet  - CHRC102,Sleutelbehuizing · Chevrolet · Funkschlüssel-Gehäuse kompatibel für - CHR,behuizingen,sleutelbehuizing,Chevrolet,4.64,https://autosleutel-specialist.nl/images/products/akey_2967_322a1a19_0.jpg,https://autosleutel-specialist.nl/images/products/akey_2967_322a1a19_0.jpg
2968,funkschlussel-gehause-kompatibel-fur-chrysler-chyrc150,Funkschlüssel-Gehäuse kompatibel für Chrysler - CHYRC150,Sleutelbehuizing · Chrysler · Funkschlüssel-Gehäuse kompatibel für - CHY,behuizingen,sleutelbehuizing,Chrysler,4.64,https://autosleutel-specialist.nl/images/products/akey_2968_25b31af8_0.jpg,https://autosleutel-specialist.nl/images/products/akey_2968_25b31af8_0.jpg | https://autosleutel-specialist.nl/images/products/akey_2968_25b31af8_1.jpg | https://autosleutel-specialist.nl/images/products/akey_2968_25b31af8_2.jpg
2969,funkschlussel-gehause-kompatibel-fur-chrysler-chyrc151,Funkschlüssel-Gehäuse kompatibel für Chrysler - CHYRC151,Sleutelbehuizing · Chrysler · Funkschlüssel-Gehäuse kompatibel für - CHY,behuizingen,sleutelbehuizing,Chrysler,4.64,https://autosleutel-specialist.nl/images/products/akey_2969_1b982621_0.jpg,https://autosleutel-specialist.nl/images/products/akey_2969_1b982621_0.jpg | https://autosleutel-specialist.nl/images/products/akey_2969_1b982621_1.jpg | https://autosleutel-specialist.nl/images/products/akey_2969_1b982621_2.jpg
2970,funkschlussel-gehause-kompatibel-fur-chrysler-chyrc152,Funkschlüssel-Gehäuse kompatibel für Chrysler - CHYRC152,"Sleutelbehuizing · Chrysler, Dodge · Funkschlüssel-Gehäuse kompatibel für - CHY",behuizingen,sleutelbehuizing,"Chrysler, Dodge",5.36,https://autosleutel-specialist.nl/images/products/akey_2970_c29b2ff8_0.jpg,https://autosleutel-specialist.nl/images/products/akey_2970_c29b2ff8_0.jpg | https://autosleutel-specialist.nl/images/products/akey_2970_c29b2ff8_1.jpg | https://autosleutel-specialist.nl/images/products/akey_2970_c29b2ff8_2.jpg
2971,funkschlussel-gehause-kompatibel-fur-chrysler-chyrc153,Funkschlüssel-Gehäuse kompatibel für Chrysler - CHYRC153,"Sleutelbehuizing · Jeep, Chrysler, Dodge · Funkschlüssel-Gehäuse kompatibel für - CHY",behuizingen,sleutelbehuizing,"Jeep, Chrysler, Dodge",2.26,https://autosleutel-specialist.nl/images/products/akey_2971_ddf8566b_0.jpg,https://autosleutel-specialist.nl/images/products/akey_2971_ddf8566b_0.jpg | https://autosleutel-specialist.nl/images/products/akey_2971_ddf8566b_1.jpg | https://autosleutel-specialist.nl/images/products/akey_2971_ddf8566b_2.jpg | https://autosleutel-specialist.nl/images/products/akey_2971_ddf8566b_3.jpg | https://autosleutel-specialist.nl/images/products/akey_2971_ddf8566b_4.jpg
2972,funkschlussel-gehause-kompatibel-fur-chrysler-chyrc154,Funkschlüssel-Gehäuse kompatibel für Chrysler - CHYRC154,Sleutelbehuizing · Chrysler · Funkschlüssel-Gehäuse kompatibel für - CHY,behuizingen,sleutelbehuizing,Chrysler,2.26,https://autosleutel-specialist.nl/images/products/akey_2972_1acaa8e1_0.jpg,https://autosleutel-specialist.nl/images/products/akey_2972_1acaa8e1_0.jpg | https://autosleutel-specialist.nl/images/products/akey_2972_1acaa8e1_1.jpg | https://autosleutel-specialist.nl/images/products/akey_2972_1acaa8e1_2.jpg
2973,funkschlussel-gehause-kompatibel-fur-chrysler-chyrc155,Funkschlüssel-Gehäuse kompatibel für Chrysler - CHYRC155,Sleutelbehuizing · Chrysler · Funkschlüssel-Gehäuse kompatibel für - CHY,behuizingen,sleutelbehuizing,Chrysler,4.64,https://autosleutel-specialist.nl/images/products/akey_2973_0355c62e_0.jpg,https://autosleutel-specialist.nl/images/products/akey_2973_0355c62e_0.jpg
2974,funkschlussel-gehause-kompatibel-fur-chrysler-chyrc156,Funkschlüssel-Gehäuse kompatibel für Chrysler - CHYRC156,Sleutelbehuizing · Chrysler · Funkschlüssel-Gehäuse kompatibel für - CHY,behuizingen,sleutelbehuizing,Chrysler,4.64,https://autosleutel-specialist.nl/images/products/akey_2974_ed8c297b_0.jpg,https://autosleutel-specialist.nl/images/products/akey_2974_ed8c297b_0.jpg
2975,funkschlussel-gehause-kompatibel-fur-chrysler-chyrc157,Funkschlüssel-Gehäuse kompatibel für Chrysler - CHYRC157,Sleutelbehuizing · Chrysler · Funkschlüssel-Gehäuse kompatibel für - CHY,behuizingen,sleutelbehuizing,Chrysler,4.64,https://autosleutel-specialist.nl/images/products/akey_2975_26283cb5_0.jpg,https://autosleutel-specialist.nl/images/products/akey_2975_26283cb5_0.jpg
2976,funkschlussel-gehause-kompatibel-fur-chrysler-chyrc158,Funkschlüssel-Gehäuse kompatibel für Chrysler - CHYRC158,Sleutelbehuizing · Chrysler · Funkschlüssel-Gehäuse kompatibel für - CHY,behuizingen,sleutelbehuizing,Chrysler,4.64,https://autosleutel-specialist.nl/images/products/akey_2976_4f9763bf_0.jpg,https://autosleutel-specialist.nl/images/products/akey_2976_4f9763bf_0.jpg
2977,funkschlussel-gehause-kompatibel-fur-chrysler-chyrc159,Funkschlüssel-Gehäuse kompatibel für Chrysler - CHYRC159,Sleutelbehuizing · Chrysler · Funkschlüssel-Gehäuse kompatibel für - CHY,behuizingen,sleutelbehuizing,Chrysler,4.64,https://autosleutel-specialist.nl/images/products/akey_2977_934a7df8_0.jpg,https://autosleutel-specialist.nl/images/products/akey_2977_934a7df8_0.jpg
2978,funkschlussel-gehause-kompatibel-fur-chrysler-chyrc160,Funkschlüssel-Gehäuse kompatibel für Chrysler - CHYRC160,Sleutelbehuizing · Chrysler · Funkschlüssel-Gehäuse kompatibel für - CHY,behuizingen,sleutelbehuizing,Chrysler,4.64,https://autosleutel-specialist.nl/images/products/akey_2978_28582e87_0.jpg,https://autosleutel-specialist.nl/images/products/akey_2978_28582e87_0.jpg
2979,funkschlussel-gehause-kompatibel-fur-chrysler-chyrc161,Funkschlüssel-Gehäuse kompatibel für Chrysler - CHYRC161,Sleutelbehuizing · Chrysler · Funkschlüssel-Gehäuse kompatibel für - CHY,behuizingen,sleutelbehuizing,Chrysler,4.64,https://autosleutel-specialist.nl/images/products/akey_2979_d202e4a9_0.jpg,https://autosleutel-specialist.nl/images/products/akey_2979_d202e4a9_0.jpg
2980,funkschlussel-gehause-kompatibel-fur-chrysler-chyrc162,Funkschlüssel-Gehäuse kompatibel für Chrysler - CHYRC162,Sleutelbehuizing · Chrysler · Funkschlüssel-Gehäuse kompatibel für - CHY,behuizingen,sleutelbehuizing,Chrysler,4.64,https://autosleutel-specialist.nl/images/products/akey_2980_86470a10_0.jpg,https://autosleutel-specialist.nl/images/products/akey_2980_86470a10_0.jpg
2981,funkschlussel-gehause-kompatibel-fur-chrysler-chyrc163,Funkschlüssel-Gehäuse kompatibel für Chrysler - CHYRC163,Sleutelbehuizing · Chrysler · Funkschlüssel-Gehäuse kompatibel für - CHY,behuizingen,sleutelbehuizing,Chrysler,4.64,https://autosleutel-specialist.nl/images/products/akey_2981_af802b61_0.jpg,https://autosleutel-specialist.nl/images/products/akey_2981_af802b61_0.jpg
2982,funkschlussel-gehause-kompatibel-fur-chrysler-chyrc164,Funkschlüssel-Gehäuse kompatibel für Chrysler - CHYRC164,Sleutelbehuizing · Chrysler · Funkschlüssel-Gehäuse kompatibel für - CHY,behuizingen,sleutelbehuizing,Chrysler,4.64,https://autosleutel-specialist.nl/images/products/akey_2982_2f65bf8c_0.jpg,https://autosleutel-specialist.nl/images/products/akey_2982_2f65bf8c_0.jpg
2983,funkschlussel-gehause-kompatibel-fur-chrysler-chyrc165,Funkschlüssel-Gehäuse kompatibel für Chrysler - CHYRC165,Sleutelbehuizing · Chrysler · Funkschlüssel-Gehäuse kompatibel für - CHY,behuizingen,sleutelbehuizing,Chrysler,4.64,https://autosleutel-specialist.nl/images/products/akey_2983_8b004d4f_0.jpg,https://autosleutel-specialist.nl/images/products/akey_2983_8b004d4f_0.jpg
2984,funkschlussel-gehause-kompatibel-fur-chrysler-chyrc166,Funkschlüssel-Gehäuse kompatibel für Chrysler - CHYRC166,Sleutelbehuizing · Chrysler · Funkschlüssel-Gehäuse kompatibel für - CHY,behuizingen,sleutelbehuizing,Chrysler,4.64,https://autosleutel-specialist.nl/images/products/akey_2984_283bbde2_0.jpg,https://autosleutel-specialist.nl/images/products/akey_2984_283bbde2_0.jpg
2985,funkschlussel-gehause-kompatibel-fur-chrysler-chyrc167,Funkschlüssel-Gehäuse kompatibel für Chrysler - CHYRC167,Sleutelbehuizing · Chrysler · Funkschlüssel-Gehäuse kompatibel für - CHY,behuizingen,sleutelbehuizing,Chrysler,4.64,https://autosleutel-specialist.nl/images/products/akey_2985_45aba4c3_0.jpg,https://autosleutel-specialist.nl/images/products/akey_2985_45aba4c3_0.jpg
2986,funkschlussel-gehause-kompatibel-fur-chrysler-chyrc168,Funkschlüssel-Gehäuse kompatibel für Chrysler - CHYRC168,Sleutelbehuizing · Chrysler · Funkschlüssel-Gehäuse kompatibel für - CHY,behuizingen,sleutelbehuizing,Chrysler,4.64,https://autosleutel-specialist.nl/images/products/akey_2986_c977ba10_0.jpg,https://autosleutel-specialist.nl/images/products/akey_2986_c977ba10_0.jpg
2987,funkschlussel-gehause-kompatibel-fur-chrysler-chyrc169,Funkschlüssel-Gehäuse kompatibel für Chrysler - CHYRC169,Sleutelbehuizing · Chrysler · Funkschlüssel-Gehäuse kompatibel für - CHY,behuizingen,sleutelbehuizing,Chrysler,4.64,https://autosleutel-specialist.nl/images/products/akey_2987_af9f63fb_0.jpg,https://autosleutel-specialist.nl/images/products/akey_2987_af9f63fb_0.jpg
2988,funkschlussel-gehause-kompatibel-fur-pegueot-pgrc103,Funkschlüssel - Gehäuse kompatibel für Pegueot  - PGRC103,Sleutelbehuizing · Peugeot · Funkschlüssel - Gehäuse kompatibel für Peg,behuizingen,sleutelbehuizing,Peugeot,4.52,https://autosleutel-specialist.nl/images/products/akey_2988_dae72fe1_0.jpg,https://autosleutel-specialist.nl/images/products/akey_2988_dae72fe1_0.jpg
2989,funkschlussel-gehause-kompatibel-fur-peugeot-pgrc109,Funkschlüssel - Gehäuse kompatibel für Peugeot PGRC109,"Sleutelbehuizing · Opel, Peugeot · Funkschlüssel - Gehäuse kompatibel für PGR",behuizingen,sleutelbehuizing,"Opel, Peugeot",5.83,https://autosleutel-specialist.nl/images/products/akey_2989_8d9eaefb_0.jpg,https://autosleutel-specialist.nl/images/products/akey_2989_8d9eaefb_0.jpg
2990,funkschlussel-gehause-kompatibel-fur-peugeot-pgrc110,Funkschlüssel - Gehäuse kompatibel für Peugeot PGRC110,"Sleutelbehuizing · Opel, Peugeot · Funkschlüssel - Gehäuse kompatibel für PGR",behuizingen,sleutelbehuizing,"Opel, Peugeot",5.83,https://autosleutel-specialist.nl/images/products/akey_2990_a48460f4_0.jpg,https://autosleutel-specialist.nl/images/products/akey_2990_a48460f4_0.jpg
2991,gehause-kompatibel-fur-citroen-ctrc101-o-batteriefach-ne73,Gehäuse kompatibel für Citroen CTRC101 - o.Batteriefach NE73,Sleutelbehuizing · Citroën · Gehäuse kompatibel für Citroen CTRC101 - o,behuizingen,sleutelbehuizing,Citroën,1.79,https://autosleutel-specialist.nl/images/products/akey_2991_96afb5ab_0.jpg,https://autosleutel-specialist.nl/images/products/akey_2991_96afb5ab_0.jpg | https://autosleutel-specialist.nl/images/products/akey_2991_96afb5ab_1.jpg | https://autosleutel-specialist.nl/images/products/akey_2991_96afb5ab_2.jpg | https://autosleutel-specialist.nl/images/products/akey_2991_96afb5ab_3.jpg | https://autosleutel-specialist.nl/images/products/akey_2991_96afb5ab_4.jpg
2992,gehause-kompatibel-fur-citroen-ctrc102-o-batteriefach-hu83,Gehäuse kompatibel für Citroen CTRC102 - o.Batteriefach HU83,Sleutelbehuizing · Citroën · Gehäuse kompatibel für Citroen CTRC102 - o,behuizingen,sleutelbehuizing,Citroën,1.79,https://autosleutel-specialist.nl/images/products/akey_2992_3969ca46_0.jpg,https://autosleutel-specialist.nl/images/products/akey_2992_3969ca46_0.jpg | https://autosleutel-specialist.nl/images/products/akey_2992_3969ca46_1.jpg | https://autosleutel-specialist.nl/images/products/akey_2992_3969ca46_2.jpg | https://autosleutel-specialist.nl/images/products/akey_2992_3969ca46_3.jpg
2993,gehause-kompatibel-fur-citroen-ctrc103-m-batteriefach-hu83,Gehäuse kompatibel für Citroen CTRC103 - m.Batteriefach HU83,Sleutelbehuizing · Citroën · Gehäuse kompatibel für Citroen CTRC103 - m,behuizingen,sleutelbehuizing,Citroën,3.45,https://autosleutel-specialist.nl/images/products/akey_2993_480762c8_0.jpg,https://autosleutel-specialist.nl/images/products/akey_2993_480762c8_0.jpg | https://autosleutel-specialist.nl/images/products/akey_2993_480762c8_1.jpg | https://autosleutel-specialist.nl/images/products/akey_2993_480762c8_2.jpg
2994,gehause-kompatibel-fur-citroen-ctrc104-m-batteriefach-va2,Gehäuse kompatibel für Citroen CTRC104 - m.Batteriefach VA2,Sleutelbehuizing · Citroën · Gehäuse kompatibel für Citroen CTRC104 - m,behuizingen,sleutelbehuizing,Citroën,2.62,https://autosleutel-specialist.nl/images/products/akey_2994_201b6841_0.jpg,https://autosleutel-specialist.nl/images/products/akey_2994_201b6841_0.jpg | https://autosleutel-specialist.nl/images/products/akey_2994_201b6841_1.jpg | https://autosleutel-specialist.nl/images/products/akey_2994_201b6841_2.jpg
2995,gehause-kompatibel-fur-citroen-ctrc105-o-batteriehalter-sx9,Gehäuse kompatibel für Citroen CTRC105 - o.Batteriehalter SX9,Sleutelbehuizing · Citroën · Gehäuse kompatibel für Citroen CTRC105 - o,behuizingen,sleutelbehuizing,Citroën,2.26,https://autosleutel-specialist.nl/images/products/akey_2995_b5fbfcac_0.jpg,https://autosleutel-specialist.nl/images/products/akey_2995_b5fbfcac_0.jpg | https://autosleutel-specialist.nl/images/products/akey_2995_b5fbfcac_1.jpg | https://autosleutel-specialist.nl/images/products/akey_2995_b5fbfcac_2.jpg
2996,gehause-kompatibel-fur-citroen-ctrc106-o-batteriefach-sx9,Gehäuse kompatibel für Citroen CTRC106 - o.Batteriefach - SX9,"Sleutelbehuizing · Citroën, Peugeot · Gehäuse kompatibel für Citroen CTRC106 - o",behuizingen,sleutelbehuizing,"Citroën, Peugeot",3.45,https://autosleutel-specialist.nl/images/products/akey_2996_56a72fc6_0.jpg,https://autosleutel-specialist.nl/images/products/akey_2996_56a72fc6_0.jpg | https://autosleutel-specialist.nl/images/products/akey_2996_56a72fc6_1.jpg | https://autosleutel-specialist.nl/images/products/akey_2996_56a72fc6_2.jpg
2997,gehause-kompatibel-fur-citroen-ctrc108-o-batteriefach,Gehäuse kompatibel für Citroen CTRC108 - o.Batteriefach,"Sleutelbehuizing · Citroën, Peugeot · Gehäuse kompatibel für Citroen CTRC108 - o",behuizingen,sleutelbehuizing,"Citroën, Peugeot",2.26,https://autosleutel-specialist.nl/images/products/akey_2997_87261e15_0.jpg,https://autosleutel-specialist.nl/images/products/akey_2997_87261e15_0.jpg | https://autosleutel-specialist.nl/images/products/akey_2997_87261e15_1.jpg
2998,gehause-kompatibel-fur-citroen-ctrc109-o-batteriefach-sx9,Gehäuse kompatibel für Citroen CTRC109 - o.Batteriefach SX9,Sleutelbehuizing · Citroën · Gehäuse kompatibel für Citroen CTRC109 - o,behuizingen,sleutelbehuizing,Citroën,5.83,https://autosleutel-specialist.nl/images/products/akey_2998_52340be9_0.jpg,https://autosleutel-specialist.nl/images/products/akey_2998_52340be9_0.jpg | https://autosleutel-specialist.nl/images/products/akey_2998_52340be9_1.jpg | https://autosleutel-specialist.nl/images/products/akey_2998_52340be9_2.jpg | https://autosleutel-specialist.nl/images/products/akey_2998_52340be9_3.jpg | https://autosleutel-specialist.nl/images/products/akey_2998_52340be9_4.jpg
2999,gehause-kompatibel-fur-citroen-ctrc110-o-batteriefach-sx9,Gehäuse kompatibel für Citroen CTRC110 - o.Batteriefach SX9,Sleutelbehuizing · Citroën · Gehäuse kompatibel für Citroen CTRC110 - o,behuizingen,sleutelbehuizing,Citroën,16.1,https://autosleutel-specialist.nl/images/products/akey_2999_734aeb07_0.jpg,https://autosleutel-specialist.nl/images/products/akey_2999_734aeb07_0.jpg | https://autosleutel-specialist.nl/images/products/akey_2999_734aeb07_1.jpg | https://autosleutel-specialist.nl/images/products/akey_2999_734aeb07_2.jpg
3000,gehause-kompatibel-fur-citroen-ctrc111-m-batteriefach-ne73,Gehäuse kompatibel für Citroen CTRC111 - m.Batteriefach NE73,Sleutelbehuizing · Citroën · Gehäuse kompatibel für Citroen CTRC111 - m,behuizingen,sleutelbehuizing,Citroën,2.98,https://autosleutel-specialist.nl/images/products/akey_3000_951ffa69_0.jpg,https://autosleutel-specialist.nl/images/products/akey_3000_951ffa69_0.jpg | https://autosleutel-specialist.nl/images/products/akey_3000_951ffa69_1.jpg | https://autosleutel-specialist.nl/images/products/akey_3000_951ffa69_2.jpg
3001,gehause-kompatibel-fur-citroen-ctrc112-o-batteriefach-va2,Gehäuse kompatibel für Citroen CTRC112 - o.Batteriefach VA2,"Sleutelbehuizing · Citroën, Peugeot · Gehäuse kompatibel für Citroen CTRC112 - o",behuizingen,sleutelbehuizing,"Citroën, Peugeot",2.26,https://autosleutel-specialist.nl/images/products/akey_3001_90cdc1e8_0.jpg,https://autosleutel-specialist.nl/images/products/akey_3001_90cdc1e8_0.jpg | https://autosleutel-specialist.nl/images/products/akey_3001_90cdc1e8_1.jpg
3002,gehause-kompatibel-fur-citroen-ctrc114-o-batteriefach-hu83,Gehäuse kompatibel für Citroen CTRC114 - o.Batteriefach HU83,Sleutelbehuizing · Citroën · Gehäuse kompatibel für Citroen CTRC114 - o,behuizingen,sleutelbehuizing,Citroën,3.51,https://autosleutel-specialist.nl/images/products/akey_3002_f8f4fe79_0.jpg,https://autosleutel-specialist.nl/images/products/akey_3002_f8f4fe79_0.jpg | https://autosleutel-specialist.nl/images/products/akey_3002_f8f4fe79_1.jpg | https://autosleutel-specialist.nl/images/products/akey_3002_f8f4fe79_2.jpg | https://autosleutel-specialist.nl/images/products/akey_3002_f8f4fe79_3.jpg
3003,gehause-kompatibel-fur-citroen-ctrc116-o-batteriefach-va2,Gehäuse kompatibel für Citroen CTRC116 - o.Batteriefach VA2,"Sleutelbehuizing · Citroën, Peugeot · Gehäuse kompatibel für Citroen CTRC116 - o",behuizingen,sleutelbehuizing,"Citroën, Peugeot",3.45,https://autosleutel-specialist.nl/images/products/akey_3003_e122c947_0.jpg,https://autosleutel-specialist.nl/images/products/akey_3003_e122c947_0.jpg | https://autosleutel-specialist.nl/images/products/akey_3003_e122c947_1.jpg | https://autosleutel-specialist.nl/images/products/akey_3003_e122c947_2.jpg | https://autosleutel-specialist.nl/images/products/akey_3003_e122c947_3.jpg
3004,gehause-kompatibel-fur-citroen-ctrc117-o-batteriefach-va2,Gehäuse kompatibel für Citroen CTRC117 - o.Batteriefach VA2,Sleutelbehuizing · Citroën · Gehäuse kompatibel für Citroen CTRC117 - o,behuizingen,sleutelbehuizing,Citroën,3.51,https://autosleutel-specialist.nl/images/products/akey_3004_b491fb96_0.jpg,https://autosleutel-specialist.nl/images/products/akey_3004_b491fb96_0.jpg | https://autosleutel-specialist.nl/images/products/akey_3004_b491fb96_1.jpg | https://autosleutel-specialist.nl/images/products/akey_3004_b491fb96_2.jpg
3005,gehause-kompatibel-fur-citroen-ctrc118-m-batteriefach-hu83,Gehäuse kompatibel für Citroen CTRC118 - m.Batteriefach HU83,Sleutelbehuizing · Citroën · Gehäuse kompatibel für Citroen CTRC118 - m,behuizingen,sleutelbehuizing,Citroën,3.45,https://autosleutel-specialist.nl/images/products/akey_3005_037106ff_0.jpg,https://autosleutel-specialist.nl/images/products/akey_3005_037106ff_0.jpg | https://autosleutel-specialist.nl/images/products/akey_3005_037106ff_1.jpg | https://autosleutel-specialist.nl/images/products/akey_3005_037106ff_2.jpg | https://autosleutel-specialist.nl/images/products/akey_3005_037106ff_3.jpg
3006,gehause-kompatibel-fur-citroen-ctrc150-o-batteriefach-sx9,Gehäuse kompatibel für Citroen CTRC150 - o.Batteriefach SX9,Sleutelbehuizing · Citroën · Gehäuse kompatibel für Citroen CTRC150 - o,behuizingen,sleutelbehuizing,Citroën,2.98,https://autosleutel-specialist.nl/images/products/akey_3006_bd8aaa0d_0.jpg,https://autosleutel-specialist.nl/images/products/akey_3006_bd8aaa0d_0.jpg | https://autosleutel-specialist.nl/images/products/akey_3006_bd8aaa0d_1.jpg | https://autosleutel-specialist.nl/images/products/akey_3006_bd8aaa0d_2.jpg | https://autosleutel-specialist.nl/images/products/akey_3006_bd8aaa0d_3.jpg
3007,gehause-umbausatz-kompatibel-fur-peugeot-pgrc108-o-batteriefach-va2,Gehäuse UMBAUSATZ  kompatibel für Peugeot PGRC108 - o.Batteriefach VA2,Sleutelbehuizing · Peugeot · Gehäuse UMBAUSATZ kompatibel für PGRC108 -,behuizingen,sleutelbehuizing,Peugeot,5.36,https://autosleutel-specialist.nl/images/products/akey_3007_b93d7251_0.jpg,https://autosleutel-specialist.nl/images/products/akey_3007_b93d7251_0.jpg | https://autosleutel-specialist.nl/images/products/akey_3007_b93d7251_1.jpg
3008,gehause-umbausatz-kompatibel-fur-citroen-ctrc107-o-batteriefach-ne72,Gehäuse UMBAUSATZ kompatibel für Citroen CTRC107 - o.Batteriefach NE72,"Sleutelbehuizing · Citroën, Peugeot · Gehäuse UMBAUSATZ kompatibel für Citroen C",behuizingen,sleutelbehuizing,"Citroën, Peugeot",4.17,https://autosleutel-specialist.nl/images/products/akey_3008_ff33c2a3_0.jpg,https://autosleutel-specialist.nl/images/products/akey_3008_ff33c2a3_0.jpg | https://autosleutel-specialist.nl/images/products/akey_3008_ff33c2a3_1.jpg
3009,funkschlussel-gehause-kompatibel-fur-renault-dacia-rnrc120,Funkschlüssel - Gehäuse kompatibel für Renault / Dacia RNRC120,"Sleutelbehuizing · Opel, Renault, Dacia · Funkschlüssel - Gehäuse kompatibel für / R",behuizingen,sleutelbehuizing,"Opel, Renault, Dacia",2.62,https://autosleutel-specialist.nl/images/products/akey_3009_ac4d3cad_0.jpg,https://autosleutel-specialist.nl/images/products/akey_3009_ac4d3cad_0.jpg | https://autosleutel-specialist.nl/images/products/akey_3009_ac4d3cad_1.jpg | https://autosleutel-specialist.nl/images/products/akey_3009_ac4d3cad_2.jpg
3010,funkschlussel-gehause-kompatibel-fur-renault-dacia-rnrc121,Funkschlüssel - Gehäuse kompatibel für Renault / Dacia RNRC121,"Sleutelbehuizing · Opel, Renault, Dacia · Funkschlüssel - Gehäuse kompatibel für / R",behuizingen,sleutelbehuizing,"Opel, Renault, Dacia",2.62,https://autosleutel-specialist.nl/images/products/akey_3010_4179dcb7_0.jpg,https://autosleutel-specialist.nl/images/products/akey_3010_4179dcb7_0.jpg | https://autosleutel-specialist.nl/images/products/akey_3010_4179dcb7_1.jpg | https://autosleutel-specialist.nl/images/products/akey_3010_4179dcb7_2.jpg
3011,funkschlussel-gehause-kompatibel-fur-renault-dacia-rnrc122,Funkschlüssel - Gehäuse kompatibel für Renault / Dacia RNRC122,"Sleutelbehuizing · Opel, Renault, Dacia · Funkschlüssel - Gehäuse kompatibel für / R",behuizingen,sleutelbehuizing,"Opel, Renault, Dacia",2.62,https://autosleutel-specialist.nl/images/products/akey_3011_5cd7dab0_0.jpg,https://autosleutel-specialist.nl/images/products/akey_3011_5cd7dab0_0.jpg | https://autosleutel-specialist.nl/images/products/akey_3011_5cd7dab0_1.jpg
3012,funkschlussel-gehause-kompatibel-fur-renault-dacia-rnrc125,Funkschlüssel - Gehäuse kompatibel für Renault / Dacia RNRC125,"Sleutelbehuizing · Opel, Renault, Dacia · Funkschlüssel - Gehäuse kompatibel für / R",behuizingen,sleutelbehuizing,"Opel, Renault, Dacia",2.62,https://autosleutel-specialist.nl/images/products/akey_3012_9e7fb4c2_0.jpg,https://autosleutel-specialist.nl/images/products/akey_3012_9e7fb4c2_0.jpg
3013,funkschlussel-gehause-kompatibel-fur-renault-dacia-rnrc115,Funkschlüssel-Gehäuse kompatibel für Renault / Dacia - RNRC115,"Sleutelbehuizing · Renault, Dacia · Funkschlüssel-Gehäuse kompatibel für / - R",behuizingen,sleutelbehuizing,"Renault, Dacia",2.26,https://autosleutel-specialist.nl/images/products/akey_3013_0caa0f5c_0.jpg,https://autosleutel-specialist.nl/images/products/akey_3013_0caa0f5c_0.jpg | https://autosleutel-specialist.nl/images/products/akey_3013_0caa0f5c_1.jpg
3014,funkschlussel-gehause-kompatibel-fur-renault-dacia-rnrc116,Funkschlüssel-Gehäuse kompatibel für Renault / Dacia - RNRC116,"Sleutelbehuizing · Renault, Dacia · Funkschlüssel-Gehäuse kompatibel für / - R",behuizingen,sleutelbehuizing,"Renault, Dacia",2.26,https://autosleutel-specialist.nl/images/products/akey_3014_19ee35fd_0.jpg,https://autosleutel-specialist.nl/images/products/akey_3014_19ee35fd_0.jpg | https://autosleutel-specialist.nl/images/products/akey_3014_19ee35fd_1.jpg | https://autosleutel-specialist.nl/images/products/akey_3014_19ee35fd_2.jpg | https://autosleutel-specialist.nl/images/products/akey_3014_19ee35fd_3.jpg
3015,funkschlussel-gehause-kompatibel-fur-renault-dacia-rnrc118,Funkschlüssel-Gehäuse kompatibel für Renault/Dacia - RNRC118,"Sleutelbehuizing · Renault, Dacia · Funkschlüssel-Gehäuse kompatibel für / - R",behuizingen,sleutelbehuizing,"Renault, Dacia",4.17,https://autosleutel-specialist.nl/images/products/akey_3015_acf79e1a_0.jpg,https://autosleutel-specialist.nl/images/products/akey_3015_acf79e1a_0.jpg | https://autosleutel-specialist.nl/images/products/akey_3015_acf79e1a_1.jpg | https://autosleutel-specialist.nl/images/products/akey_3015_acf79e1a_2.jpg | https://autosleutel-specialist.nl/images/products/akey_3015_acf79e1a_3.jpg
3016,funkschlussel-gehause-kompatibel-fur-renault-dacia-rnrc119,Funkschlüssel-Gehäuse kompatibel für Renault/Dacia - RNRC119,"Sleutelbehuizing · Renault, Dacia · Funkschlüssel-Gehäuse kompatibel für / - R",behuizingen,sleutelbehuizing,"Renault, Dacia",4.17,https://autosleutel-specialist.nl/images/products/akey_3016_ed62b361_0.jpg,https://autosleutel-specialist.nl/images/products/akey_3016_ed62b361_0.jpg | https://autosleutel-specialist.nl/images/products/akey_3016_ed62b361_1.jpg | https://autosleutel-specialist.nl/images/products/akey_3016_ed62b361_2.jpg | https://autosleutel-specialist.nl/images/products/akey_3016_ed62b361_3.jpg
3017,ferc101-funkschlussel-gehause-kompatibel-fur-ferrari,FERC101 Funkschlüssel Gehäuse kompatibel für Ferrari,Sleutelbehuizing · FERC101 Funkschlüssel Gehäuse kompatibel f,behuizingen,sleutelbehuizing,,2.98,https://autosleutel-specialist.nl/images/products/akey_3017_b180ed0e_0.jpg,https://autosleutel-specialist.nl/images/products/akey_3017_b180ed0e_0.jpg
3018,funkschlussel-gehause-kompatibel-fur-fiat-firc106,Funkschlüssel - Gehäuse kompatibel für Fiat  - FIRC106,"Sleutelbehuizing · Citroën, Fiat · Funkschlüssel - Gehäuse kompatibel für - F",behuizingen,sleutelbehuizing,"Citroën, Fiat",4.17,https://autosleutel-specialist.nl/images/products/akey_3018_d96f6885_0.jpg,https://autosleutel-specialist.nl/images/products/akey_3018_d96f6885_0.jpg | https://autosleutel-specialist.nl/images/products/akey_3018_d96f6885_1.jpg | https://autosleutel-specialist.nl/images/products/akey_3018_d96f6885_2.jpg | https://autosleutel-specialist.nl/images/products/akey_3018_d96f6885_3.jpg
3019,funkschlussel-gehause-kompatibel-fur-fiat-firc109,Funkschlüssel - Gehäuse kompatibel für Fiat  - FIRC109,Sleutelbehuizing · Fiat · Funkschlüssel - Gehäuse kompatibel für - F,behuizingen,sleutelbehuizing,Fiat,8.21,https://autosleutel-specialist.nl/images/products/akey_3019_b9d348d4_0.jpg,https://autosleutel-specialist.nl/images/products/akey_3019_b9d348d4_0.jpg
3020,funkschlussel-gehause-kompatibel-fur-fiat-firc117,Funkschlüssel - Gehäuse kompatibel für Fiat  - FIRC117,"Sleutelbehuizing · Citroën, Fiat · Funkschlüssel - Gehäuse kompatibel für - F",behuizingen,sleutelbehuizing,"Citroën, Fiat",4.17,https://autosleutel-specialist.nl/images/products/akey_3020_432156ee_0.jpg,https://autosleutel-specialist.nl/images/products/akey_3020_432156ee_0.jpg | https://autosleutel-specialist.nl/images/products/akey_3020_432156ee_1.jpg | https://autosleutel-specialist.nl/images/products/akey_3020_432156ee_2.jpg
3021,funkschlussel-gehause-kompatibel-fur-fiat-firc101,Funkschlüssel - Gehäuse kompatibel für Fiat - FIRC101,Sleutelbehuizing · Fiat · Funkschlüssel - Gehäuse kompatibel für - F,behuizingen,sleutelbehuizing,Fiat,2.62,https://autosleutel-specialist.nl/images/products/akey_3021_77f52705_0.jpg,https://autosleutel-specialist.nl/images/products/akey_3021_77f52705_0.jpg | https://autosleutel-specialist.nl/images/products/akey_3021_77f52705_1.jpg | https://autosleutel-specialist.nl/images/products/akey_3021_77f52705_2.jpg | https://autosleutel-specialist.nl/images/products/akey_3021_77f52705_3.jpg
3022,funkschlussel-gehause-kompatibel-fur-fiat-firc102,Funkschlüssel - Gehäuse kompatibel für Fiat - FIRC102,Sleutelbehuizing · Fiat · Funkschlüssel - Gehäuse kompatibel für - F,behuizingen,sleutelbehuizing,Fiat,2.62,https://autosleutel-specialist.nl/images/products/akey_3022_9c7c9348_0.jpg,https://autosleutel-specialist.nl/images/products/akey_3022_9c7c9348_0.jpg | https://autosleutel-specialist.nl/images/products/akey_3022_9c7c9348_1.jpg | https://autosleutel-specialist.nl/images/products/akey_3022_9c7c9348_2.jpg
3023,funkschlussel-gehause-kompatibel-fur-fiat-firc103,Funkschlüssel - Gehäuse kompatibel für Fiat - FIRC103,Sleutelbehuizing · Fiat · Funkschlüssel - Gehäuse kompatibel für - F,behuizingen,sleutelbehuizing,Fiat,4.17,https://autosleutel-specialist.nl/images/products/akey_3023_61074806_0.jpg,https://autosleutel-specialist.nl/images/products/akey_3023_61074806_0.jpg | https://autosleutel-specialist.nl/images/products/akey_3023_61074806_1.jpg | https://autosleutel-specialist.nl/images/products/akey_3023_61074806_2.jpg | https://autosleutel-specialist.nl/images/products/akey_3023_61074806_3.jpg | https://autosleutel-specialist.nl/images/products/akey_3023_61074806_4.jpg
3024,funkschlussel-gehause-kompatibel-fur-fiat-firc104,Funkschlüssel - Gehäuse kompatibel für Fiat - FIRC104,Sleutelbehuizing · Fiat · Funkschlüssel - Gehäuse kompatibel für - F,behuizingen,sleutelbehuizing,Fiat,4.17,https://autosleutel-specialist.nl/images/products/akey_3024_40de0ec0_0.jpg,https://autosleutel-specialist.nl/images/products/akey_3024_40de0ec0_0.jpg | https://autosleutel-specialist.nl/images/products/akey_3024_40de0ec0_1.jpg | https://autosleutel-specialist.nl/images/products/akey_3024_40de0ec0_2.jpg | https://autosleutel-specialist.nl/images/products/akey_3024_40de0ec0_3.jpg | https://autosleutel-specialist.nl/images/products/akey_3024_40de0ec0_4.jpg | https://autosleutel-specialist.nl/images/products/akey_3024_40de0ec0_5.jpg
3025,funkschlussel-gehause-kompatibel-fur-fiat-firc107,Funkschlüssel - Gehäuse kompatibel für Fiat - FIRC107,Sleutelbehuizing · Fiat · Funkschlüssel - Gehäuse kompatibel für - F,behuizingen,sleutelbehuizing,Fiat,4.17,https://autosleutel-specialist.nl/images/products/akey_3025_97df4303_0.jpg,https://autosleutel-specialist.nl/images/products/akey_3025_97df4303_0.jpg | https://autosleutel-specialist.nl/images/products/akey_3025_97df4303_1.jpg | https://autosleutel-specialist.nl/images/products/akey_3025_97df4303_2.jpg | https://autosleutel-specialist.nl/images/products/akey_3025_97df4303_3.jpg
3026,funkschlussel-gehause-kompatibel-fur-fiat-firc108,Funkschlüssel - Gehäuse kompatibel für Fiat - FIRC108,Sleutelbehuizing · Fiat · Funkschlüssel - Gehäuse kompatibel für - F,behuizingen,sleutelbehuizing,Fiat,4.17,https://autosleutel-specialist.nl/images/products/akey_3026_b1e7944c_0.jpg,https://autosleutel-specialist.nl/images/products/akey_3026_b1e7944c_0.jpg | https://autosleutel-specialist.nl/images/products/akey_3026_b1e7944c_1.jpg | https://autosleutel-specialist.nl/images/products/akey_3026_b1e7944c_2.jpg
3027,funkschlussel-gehause-kompatibel-fur-fiat-firc129,Funkschlüssel - Gehäuse kompatibel für Fiat - FIRC129,Sleutelbehuizing · Fiat · Funkschlüssel - Gehäuse kompatibel für - F,behuizingen,sleutelbehuizing,Fiat,5.83,https://autosleutel-specialist.nl/images/products/akey_3027_913d48c5_0.jpg,https://autosleutel-specialist.nl/images/products/akey_3027_913d48c5_0.jpg | https://autosleutel-specialist.nl/images/products/akey_3027_913d48c5_1.jpg
3028,funkschlussel-gehause-kompatibel-fur-fiat-firc150,Funkschlüssel - Gehäuse kompatibel für Fiat- FIRC150,Sleutelbehuizing · Fiat · Funkschlüssel - Gehäuse kompatibel für - F,behuizingen,sleutelbehuizing,Fiat,4.17,https://autosleutel-specialist.nl/images/products/akey_3028_29a4f0d4_0.jpg,https://autosleutel-specialist.nl/images/products/akey_3028_29a4f0d4_0.jpg | https://autosleutel-specialist.nl/images/products/akey_3028_29a4f0d4_1.jpg | https://autosleutel-specialist.nl/images/products/akey_3028_29a4f0d4_2.jpg
3029,funkschlussel-gehause-kompatibel-fur-fiat-umbauset-firc111,Funkschlüssel-Gehäuse kompatibel für Fiat - Umbauset - FIRC111,Sleutelbehuizing · Fiat · Funkschlüssel-Gehäuse kompatibel für - Umb,behuizingen,sleutelbehuizing,Fiat,5.36,https://autosleutel-specialist.nl/images/products/akey_3029_1ff58831_0.jpg,https://autosleutel-specialist.nl/images/products/akey_3029_1ff58831_0.jpg
3030,fork100t-schlusselkopf-kompatibel-fur-ford,FORK100T Schlüsselkopf kompatibel für Ford,Accessoire · Ford · FORK100T Schlüsselkopf kompatibel für,,,Ford,2.98,https://autosleutel-specialist.nl/images/products/akey_3030_c43a7157_0.jpg,https://autosleutel-specialist.nl/images/products/akey_3030_c43a7157_0.jpg
3031,funkschlussel-gehause-kompatibel-fur-ford-forc102,Funkschlüssel - Gehäuse kompatibel für Ford  - FORC102,Sleutelbehuizing · Ford · Funkschlüssel - Gehäuse kompatibel für - F,behuizingen,sleutelbehuizing,Ford,3.45,https://autosleutel-specialist.nl/images/products/akey_3031_6c6eec52_0.jpg,https://autosleutel-specialist.nl/images/products/akey_3031_6c6eec52_0.jpg | https://autosleutel-specialist.nl/images/products/akey_3031_6c6eec52_1.jpg | https://autosleutel-specialist.nl/images/products/akey_3031_6c6eec52_2.jpg
3032,funkschlussel-gehause-kompatibel-fur-ford-forc110,Funkschlüssel - Gehäuse kompatibel für Ford  - FORC110,Sleutelbehuizing · Ford · Funkschlüssel - Gehäuse kompatibel für - F,behuizingen,sleutelbehuizing,Ford,5.83,https://autosleutel-specialist.nl/images/products/akey_3032_3701ab58_0.jpg,https://autosleutel-specialist.nl/images/products/akey_3032_3701ab58_0.jpg | https://autosleutel-specialist.nl/images/products/akey_3032_3701ab58_1.jpg | https://autosleutel-specialist.nl/images/products/akey_3032_3701ab58_2.jpg | https://autosleutel-specialist.nl/images/products/akey_3032_3701ab58_3.jpg
3033,funkschlussel-gehause-kompatibel-fur-ford-forc111,Funkschlüssel - Gehäuse kompatibel für Ford  - FORC111,Sleutelbehuizing · Ford · Funkschlüssel - Gehäuse kompatibel für - F,behuizingen,sleutelbehuizing,Ford,3.45,https://autosleutel-specialist.nl/images/products/akey_3033_3140bf91_0.jpg,https://autosleutel-specialist.nl/images/products/akey_3033_3140bf91_0.jpg | https://autosleutel-specialist.nl/images/products/akey_3033_3140bf91_1.jpg
3034,funkschlussel-gehause-kompatibel-fur-ford-forc115,Funkschlüssel - Gehäuse kompatibel für Ford  - FORC115,Sleutelbehuizing · Ford · Funkschlüssel - Gehäuse kompatibel für - F,behuizingen,sleutelbehuizing,Ford,7.02,https://autosleutel-specialist.nl/images/products/akey_3034_cffc1d02_0.jpg,https://autosleutel-specialist.nl/images/products/akey_3034_cffc1d02_0.jpg | https://autosleutel-specialist.nl/images/products/akey_3034_cffc1d02_1.jpg | https://autosleutel-specialist.nl/images/products/akey_3034_cffc1d02_2.jpg
3035,funkschlussel-gehause-kompatibel-fur-ford-forc150,Funkschlüssel - Gehäuse kompatibel für Ford  - FORC150,Sleutelbehuizing · Ford · Funkschlüssel - Gehäuse kompatibel für - F,behuizingen,sleutelbehuizing,Ford,2.62,https://autosleutel-specialist.nl/images/products/akey_3035_ffaccdaa_0.jpg,https://autosleutel-specialist.nl/images/products/akey_3035_ffaccdaa_0.jpg | https://autosleutel-specialist.nl/images/products/akey_3035_ffaccdaa_1.jpg | https://autosleutel-specialist.nl/images/products/akey_3035_ffaccdaa_2.jpg
3036,funkschlussel-gehause-kompatibel-fur-ford-forc153,Funkschlüssel - Gehäuse kompatibel für Ford  - FORC153,Sleutelbehuizing · Ford · Funkschlüssel - Gehäuse kompatibel für - F,behuizingen,sleutelbehuizing,Ford,2.98,https://autosleutel-specialist.nl/images/products/akey_3036_6ced3fbe_0.jpg,https://autosleutel-specialist.nl/images/products/akey_3036_6ced3fbe_0.jpg | https://autosleutel-specialist.nl/images/products/akey_3036_6ced3fbe_1.jpg | https://autosleutel-specialist.nl/images/products/akey_3036_6ced3fbe_2.jpg
3037,funkschlussel-gehause-kompatibel-fur-ford-forc154,Funkschlüssel - Gehäuse kompatibel für Ford  - FORC154,Sleutelbehuizing · Ford · Funkschlüssel - Gehäuse kompatibel für - F,behuizingen,sleutelbehuizing,Ford,11.78,https://autosleutel-specialist.nl/images/products/akey_3037_2384030d_0.jpg,https://autosleutel-specialist.nl/images/products/akey_3037_2384030d_0.jpg | https://autosleutel-specialist.nl/images/products/akey_3037_2384030d_1.jpg | https://autosleutel-specialist.nl/images/products/akey_3037_2384030d_2.jpg | https://autosleutel-specialist.nl/images/products/akey_3037_2384030d_3.jpg | https://autosleutel-specialist.nl/images/products/akey_3037_2384030d_4.jpg
3038,funkschlussel-gehause-kompatibel-fur-ford-forc155,Funkschlüssel - Gehäuse kompatibel für Ford  - FORC155,Sleutelbehuizing · Ford · Funkschlüssel - Gehäuse kompatibel für - F,behuizingen,sleutelbehuizing,Ford,11.78,https://autosleutel-specialist.nl/images/products/akey_3038_5c2cf967_0.jpg,https://autosleutel-specialist.nl/images/products/akey_3038_5c2cf967_0.jpg
3039,funkschlussel-gehause-kompatibel-fur-ford-forc152,Funkschlüssel - Gehäuse kompatibel für Ford -  FORC152,Sleutelbehuizing · Ford · Funkschlüssel - Gehäuse kompatibel für - F,behuizingen,sleutelbehuizing,Ford,2.26,https://autosleutel-specialist.nl/images/products/akey_3039_3e7cd751_0.jpg,https://autosleutel-specialist.nl/images/products/akey_3039_3e7cd751_0.jpg | https://autosleutel-specialist.nl/images/products/akey_3039_3e7cd751_1.jpg | https://autosleutel-specialist.nl/images/products/akey_3039_3e7cd751_2.jpg
3040,funkschlussel-gehause-kompatibel-fur-ford-forc101,Funkschlüssel - Gehäuse kompatibel für Ford - FORC101,Sleutelbehuizing · Ford · Funkschlüssel - Gehäuse kompatibel für - F,behuizingen,sleutelbehuizing,Ford,1.43,https://autosleutel-specialist.nl/images/products/akey_3040_83125985_0.jpg,https://autosleutel-specialist.nl/images/products/akey_3040_83125985_0.jpg
3041,funkschlussel-gehause-kompatibel-fur-ford-forc103,Funkschlüssel - Gehäuse kompatibel für Ford - FORC103,Sleutelbehuizing · Ford · Funkschlüssel - Gehäuse kompatibel für - F,behuizingen,sleutelbehuizing,Ford,9.4,https://autosleutel-specialist.nl/images/products/akey_3041_04588eb9_0.jpg,https://autosleutel-specialist.nl/images/products/akey_3041_04588eb9_0.jpg
3042,funkschlussel-gehause-kompatibel-fur-ford-forc104,Funkschlüssel - Gehäuse kompatibel für Ford - FORC104,Sleutelbehuizing · Ford · Funkschlüssel - Gehäuse kompatibel für - F,behuizingen,sleutelbehuizing,Ford,4.17,https://autosleutel-specialist.nl/images/products/akey_3042_b90c0726_0.jpg,https://autosleutel-specialist.nl/images/products/akey_3042_b90c0726_0.jpg
3043,funkschlussel-gehause-kompatibel-fur-ford-forc105,Funkschlüssel - Gehäuse kompatibel für Ford - FORC105,Sleutelbehuizing · Ford · Funkschlüssel - Gehäuse kompatibel für - F,behuizingen,sleutelbehuizing,Ford,5.83,https://autosleutel-specialist.nl/images/products/akey_3043_aa7bb9f5_0.jpg,https://autosleutel-specialist.nl/images/products/akey_3043_aa7bb9f5_0.jpg | https://autosleutel-specialist.nl/images/products/akey_3043_aa7bb9f5_1.jpg | https://autosleutel-specialist.nl/images/products/akey_3043_aa7bb9f5_2.jpg | https://autosleutel-specialist.nl/images/products/akey_3043_aa7bb9f5_3.jpg | https://autosleutel-specialist.nl/images/products/akey_3043_aa7bb9f5_4.jpg | https://autosleutel-specialist.nl/images/products/akey_3043_aa7bb9f5_5.jpg | https://autosleutel-specialist.nl/images/products/akey_3043_aa7bb9f5_6.jpg
3044,funkschlussel-gehause-kompatibel-fur-ford-forc106,Funkschlüssel - Gehäuse kompatibel für Ford - FORC106,Sleutelbehuizing · Ford · Funkschlüssel - Gehäuse kompatibel für - F,behuizingen,sleutelbehuizing,Ford,4.64,https://autosleutel-specialist.nl/images/products/akey_3044_456f0117_0.jpg,https://autosleutel-specialist.nl/images/products/akey_3044_456f0117_0.jpg | https://autosleutel-specialist.nl/images/products/akey_3044_456f0117_1.jpg | https://autosleutel-specialist.nl/images/products/akey_3044_456f0117_2.jpg | https://autosleutel-specialist.nl/images/products/akey_3044_456f0117_3.jpg | https://autosleutel-specialist.nl/images/products/akey_3044_456f0117_4.jpg | https://autosleutel-specialist.nl/images/products/akey_3044_456f0117_5.jpg
3045,funkschlussel-gehause-kompatibel-fur-ford-forc108,Funkschlüssel - Gehäuse kompatibel für Ford - FORC108,Sleutelbehuizing · Ford · Funkschlüssel - Gehäuse kompatibel für - F,behuizingen,sleutelbehuizing,Ford,9.4,https://autosleutel-specialist.nl/images/products/akey_3045_bef61339_0.jpg,https://autosleutel-specialist.nl/images/products/akey_3045_bef61339_0.jpg | https://autosleutel-specialist.nl/images/products/akey_3045_bef61339_1.jpg | https://autosleutel-specialist.nl/images/products/akey_3045_bef61339_2.jpg
3046,funkschlussel-gehause-kompatibel-fur-ford-forc113,Funkschlüssel - Gehäuse kompatibel für Ford - FORC113,Sleutelbehuizing · Ford · Funkschlüssel - Gehäuse kompatibel für - F,behuizingen,sleutelbehuizing,Ford,5.83,https://autosleutel-specialist.nl/images/products/akey_3046_cce9b0b3_0.jpg,https://autosleutel-specialist.nl/images/products/akey_3046_cce9b0b3_0.jpg
3047,funkschlussel-gehause-kompatibel-fur-ford-forc114,Funkschlüssel - Gehäuse kompatibel für Ford - FORC114,Sleutelbehuizing · Ford · Funkschlüssel - Gehäuse kompatibel für - F,behuizingen,sleutelbehuizing,Ford,4.64,https://autosleutel-specialist.nl/images/products/akey_3047_f9ab8406_0.jpg,https://autosleutel-specialist.nl/images/products/akey_3047_f9ab8406_0.jpg
3048,funkschlussel-gehause-kompatibel-fur-ford-forc151,Funkschlüssel - Gehäuse kompatibel für Ford - FORC151,Sleutelbehuizing · Ford · Funkschlüssel - Gehäuse kompatibel für - F,behuizingen,sleutelbehuizing,Ford,3.57,https://autosleutel-specialist.nl/images/products/akey_3048_99a607ee_0.jpg,https://autosleutel-specialist.nl/images/products/akey_3048_99a607ee_0.jpg | https://autosleutel-specialist.nl/images/products/akey_3048_99a607ee_1.jpg | https://autosleutel-specialist.nl/images/products/akey_3048_99a607ee_2.jpg | https://autosleutel-specialist.nl/images/products/akey_3048_99a607ee_3.jpg
3049,funkschlussel-gehause-kompatibel-fur-honda-horc102,Funkschlüssel - Gehäuse kompatibel für Honda  - HORC102,Sleutelbehuizing · Honda · Funkschlüssel - Gehäuse kompatibel für - H,behuizingen,sleutelbehuizing,Honda,4.64,https://autosleutel-specialist.nl/images/products/akey_3049_837d710b_0.jpg,https://autosleutel-specialist.nl/images/products/akey_3049_837d710b_0.jpg | https://autosleutel-specialist.nl/images/products/akey_3049_837d710b_1.jpg | https://autosleutel-specialist.nl/images/products/akey_3049_837d710b_2.jpg | https://autosleutel-specialist.nl/images/products/akey_3049_837d710b_3.jpg
3050,funkschlussel-gehause-kompatibel-fur-honda-horc103,Funkschlüssel - Gehäuse kompatibel für Honda  - HORC103,Sleutelbehuizing · Honda · Funkschlüssel - Gehäuse kompatibel für - H,behuizingen,sleutelbehuizing,Honda,5.83,https://autosleutel-specialist.nl/images/products/akey_3050_f29f870a_0.jpg,https://autosleutel-specialist.nl/images/products/akey_3050_f29f870a_0.jpg
3051,funkschlussel-gehause-kompatibel-fur-honda-horc104,Funkschlüssel - Gehäuse kompatibel für Honda  - HORC104,Sleutelbehuizing · Honda · Funkschlüssel - Gehäuse kompatibel für - H,behuizingen,sleutelbehuizing,Honda,5.36,https://autosleutel-specialist.nl/images/products/akey_3051_4e9d73f4_0.jpg,https://autosleutel-specialist.nl/images/products/akey_3051_4e9d73f4_0.jpg
3052,funkschlussel-gehause-kompatibel-fur-honda-horc107,Funkschlüssel - Gehäuse kompatibel für Honda  - HORC107,Sleutelbehuizing · Honda · Funkschlüssel - Gehäuse kompatibel für - H,behuizingen,sleutelbehuizing,Honda,5.36,https://autosleutel-specialist.nl/images/products/akey_3052_221de8a6_0.jpg,https://autosleutel-specialist.nl/images/products/akey_3052_221de8a6_0.jpg
3053,funkschlussel-gehause-kompatibel-fur-honda-horc109,Funkschlüssel - Gehäuse kompatibel für Honda  - HORC109,Sleutelbehuizing · Honda · Funkschlüssel - Gehäuse kompatibel für - H,behuizingen,sleutelbehuizing,Honda,2.62,https://autosleutel-specialist.nl/images/products/akey_3053_9903a150_0.jpg,https://autosleutel-specialist.nl/images/products/akey_3053_9903a150_0.jpg | https://autosleutel-specialist.nl/images/products/akey_3053_9903a150_1.jpg | https://autosleutel-specialist.nl/images/products/akey_3053_9903a150_2.jpg | https://autosleutel-specialist.nl/images/products/akey_3053_9903a150_3.jpg
3054,funkschlussel-gehause-kompatibel-fur-honda-horc110,Funkschlüssel - Gehäuse kompatibel für Honda  - HORC110,Sleutelbehuizing · Honda · Funkschlüssel - Gehäuse kompatibel für - H,behuizingen,sleutelbehuizing,Honda,2.32,https://autosleutel-specialist.nl/images/products/akey_3054_f219176f_0.jpg,https://autosleutel-specialist.nl/images/products/akey_3054_f219176f_0.jpg | https://autosleutel-specialist.nl/images/products/akey_3054_f219176f_1.jpg | https://autosleutel-specialist.nl/images/products/akey_3054_f219176f_2.jpg
3055,funkschlussel-gehause-kompatibel-fur-honda-horc111,Funkschlüssel - Gehäuse kompatibel für Honda  - HORC111,Sleutelbehuizing · Honda · Funkschlüssel - Gehäuse kompatibel für - H,behuizingen,sleutelbehuizing,Honda,5.36,https://autosleutel-specialist.nl/images/products/akey_3055_834ec492_0.jpg,https://autosleutel-specialist.nl/images/products/akey_3055_834ec492_0.jpg
3056,funkschlussel-gehause-kompatibel-fur-honda-horc113,Funkschlüssel - Gehäuse kompatibel für Honda  - HORC113,Sleutelbehuizing · Honda · Funkschlüssel - Gehäuse kompatibel für - H,behuizingen,sleutelbehuizing,Honda,5.83,https://autosleutel-specialist.nl/images/products/akey_3056_c64ed123_0.jpg,https://autosleutel-specialist.nl/images/products/akey_3056_c64ed123_0.jpg | https://autosleutel-specialist.nl/images/products/akey_3056_c64ed123_1.jpg | https://autosleutel-specialist.nl/images/products/akey_3056_c64ed123_2.jpg
3057,funkschlussel-gehause-kompatibel-fur-honda-horc101,Funkschlüssel - Gehäuse kompatibel für Honda - HORC101,Sleutelbehuizing · Honda · Funkschlüssel - Gehäuse kompatibel für - H,behuizingen,sleutelbehuizing,Honda,7.02,https://autosleutel-specialist.nl/images/products/akey_3057_b836ddce_0.jpg,https://autosleutel-specialist.nl/images/products/akey_3057_b836ddce_0.jpg | https://autosleutel-specialist.nl/images/products/akey_3057_b836ddce_1.jpg | https://autosleutel-specialist.nl/images/products/akey_3057_b836ddce_2.jpg
3058,funkschlussel-gehause-kompatibel-fur-honda-horc105,Funkschlüssel - Gehäuse kompatibel für Honda - HORC105,Sleutelbehuizing · Honda · Funkschlüssel - Gehäuse kompatibel für - H,behuizingen,sleutelbehuizing,Honda,2.62,https://autosleutel-specialist.nl/images/products/akey_3058_45e456db_0.jpg,https://autosleutel-specialist.nl/images/products/akey_3058_45e456db_0.jpg | https://autosleutel-specialist.nl/images/products/akey_3058_45e456db_1.jpg | https://autosleutel-specialist.nl/images/products/akey_3058_45e456db_2.jpg
3059,funkschlussel-gehause-kompatibel-fur-honda-horc106,Funkschlüssel - Gehäuse kompatibel für Honda - HORC106,Sleutelbehuizing · Honda · Funkschlüssel - Gehäuse kompatibel für - H,behuizingen,sleutelbehuizing,Honda,2.62,https://autosleutel-specialist.nl/images/products/akey_3059_f37e378f_0.jpg,https://autosleutel-specialist.nl/images/products/akey_3059_f37e378f_0.jpg | https://autosleutel-specialist.nl/images/products/akey_3059_f37e378f_1.jpg | https://autosleutel-specialist.nl/images/products/akey_3059_f37e378f_2.jpg | https://autosleutel-specialist.nl/images/products/akey_3059_f37e378f_3.jpg
3060,funkschlussel-gehause-kompatibel-fur-honda-horc108,Funkschlüssel - Gehäuse kompatibel für Honda - HORC108,Sleutelbehuizing · Honda · Funkschlüssel - Gehäuse kompatibel für - H,behuizingen,sleutelbehuizing,Honda,7.02,https://autosleutel-specialist.nl/images/products/akey_3060_fdea781f_0.jpg,https://autosleutel-specialist.nl/images/products/akey_3060_fdea781f_0.jpg | https://autosleutel-specialist.nl/images/products/akey_3060_fdea781f_1.jpg | https://autosleutel-specialist.nl/images/products/akey_3060_fdea781f_2.jpg
3061,funkschlussel-gehause-kompatibel-fur-honda-horc112,Funkschlüssel - Gehäuse kompatibel für Honda - HORC112,Sleutelbehuizing · Honda · Funkschlüssel - Gehäuse kompatibel für - H,behuizingen,sleutelbehuizing,Honda,5.83,https://autosleutel-specialist.nl/images/products/akey_3061_7ae69578_0.jpg,https://autosleutel-specialist.nl/images/products/akey_3061_7ae69578_0.jpg | https://autosleutel-specialist.nl/images/products/akey_3061_7ae69578_1.jpg
3062,funkschlussel-gehause-kompatibel-fur-hyenai-hyrc105,Funkschlüssel - Gehäuse kompatibel für Hyenai  - HYRC105,Sleutelbehuizing · Funkschlüssel - Gehäuse kompatibel für Hye,behuizingen,sleutelbehuizing,,3.45,https://autosleutel-specialist.nl/images/products/akey_3062_85354c34_0.jpg,https://autosleutel-specialist.nl/images/products/akey_3062_85354c34_0.jpg | https://autosleutel-specialist.nl/images/products/akey_3062_85354c34_1.jpg | https://autosleutel-specialist.nl/images/products/akey_3062_85354c34_2.jpg | https://autosleutel-specialist.nl/images/products/akey_3062_85354c34_3.jpg | https://autosleutel-specialist.nl/images/products/akey_3062_85354c34_4.jpg | https://autosleutel-specialist.nl/images/products/akey_3062_85354c34_5.jpg
3063,funkschlussel-gehause-kompatibel-fur-hyenai-hyrc112,Funkschlüssel - Gehäuse kompatibel für Hyenai - HYRC112,Sleutelbehuizing · Kia · Funkschlüssel - Gehäuse kompatibel für Hye,behuizingen,sleutelbehuizing,Kia,5.36,https://autosleutel-specialist.nl/images/products/akey_3063_67f1a578_0.jpg,https://autosleutel-specialist.nl/images/products/akey_3063_67f1a578_0.jpg
3064,funkschlussel-gehause-kompatibel-fur-hyenai-hyrc114,Funkschlüssel - Gehäuse kompatibel für Hyenai - HYRC114,Sleutelbehuizing · Kia · Funkschlüssel - Gehäuse kompatibel für Hye,behuizingen,sleutelbehuizing,Kia,5.36,https://autosleutel-specialist.nl/images/products/akey_3064_351361cb_0.jpg,https://autosleutel-specialist.nl/images/products/akey_3064_351361cb_0.jpg | https://autosleutel-specialist.nl/images/products/akey_3064_351361cb_1.jpg
3065,funkschlussel-gehause-kompatibel-fur-hyenai-hyrc116,Funkschlüssel - Gehäuse kompatibel für Hyenai - HYRC116,Sleutelbehuizing · Kia · Funkschlüssel - Gehäuse kompatibel für Hye,behuizingen,sleutelbehuizing,Kia,7.02,https://autosleutel-specialist.nl/images/products/akey_3065_271a58f9_0.jpg,https://autosleutel-specialist.nl/images/products/akey_3065_271a58f9_0.jpg
3066,funkschlussel-gehause-kompatibel-fur-hyenai-hyrc117,Funkschlüssel - Gehäuse kompatibel für Hyenai - HYRC117,Sleutelbehuizing · Kia · Funkschlüssel - Gehäuse kompatibel für Hye,behuizingen,sleutelbehuizing,Kia,7.02,https://autosleutel-specialist.nl/images/products/akey_3066_b63abfce_0.jpg,https://autosleutel-specialist.nl/images/products/akey_3066_b63abfce_0.jpg
3067,funkschlussel-gehause-keydiy-kompatibel-fur-hyenai-hyrc118,Funkschlüssel Gehäuse Keydiy kompatibel für Hyenai - HYRC118,Gereedschap · Funkschlüssel Gehäuse Keydiy kompatibel fü,gereedschap,programmeerapparatuur,,4.05,https://autosleutel-specialist.nl/images/products/akey_3067_7cea2c29_0.jpg,https://autosleutel-specialist.nl/images/products/akey_3067_7cea2c29_0.jpg | https://autosleutel-specialist.nl/images/products/akey_3067_7cea2c29_1.jpg
3068,funkschlussel-gehause-keydiy-kompatibel-fur-hyenai-hyrc119,Funkschlüssel Gehäuse Keydiy kompatibel für Hyenai - HYRC119,Gereedschap · Funkschlüssel Gehäuse Keydiy kompatibel fü,gereedschap,programmeerapparatuur,,4.05,https://autosleutel-specialist.nl/images/products/akey_3068_63358ace_0.jpg,https://autosleutel-specialist.nl/images/products/akey_3068_63358ace_0.jpg
3069,funkschlussel-gehause-kompatibel-fur-hyenai-hyrc115,Funkschlüssel Gehäuse kompatibel für Hyenai  HYRC115,Sleutelbehuizing · Funkschlüssel Gehäuse kompatibel für Hyena,behuizingen,sleutelbehuizing,,4.64,https://autosleutel-specialist.nl/images/products/akey_3069_b3739154_0.jpg,https://autosleutel-specialist.nl/images/products/akey_3069_b3739154_0.jpg | https://autosleutel-specialist.nl/images/products/akey_3069_b3739154_1.jpg
3070,funkschlussel-gehause-kompatibel-fur-hyenai-hyrc113,Funkschlüssel Gehäuse kompatibel für Hyenai - HYRC113,Sleutelbehuizing · Funkschlüssel Gehäuse kompatibel für Hyena,behuizingen,sleutelbehuizing,,4.05,https://autosleutel-specialist.nl/images/products/akey_3070_d6ea1c00_0.jpg,https://autosleutel-specialist.nl/images/products/akey_3070_d6ea1c00_0.jpg | https://autosleutel-specialist.nl/images/products/akey_3070_d6ea1c00_1.jpg
3071,funkschlussel-gehause-kompatibel-fur-hyenai-hyrc120,Funkschlüssel Gehäuse kompatibel für Hyenai - HYRC120,Sleutelbehuizing · Funkschlüssel Gehäuse kompatibel für Hyena,behuizingen,sleutelbehuizing,,5.83,https://autosleutel-specialist.nl/images/products/akey_3071_af5fa3c8_0.jpg,https://autosleutel-specialist.nl/images/products/akey_3071_af5fa3c8_0.jpg
3072,funkschlussel-gehause-kompatibel-fur-hyenai-hyrc101,Funkschlüssel-Gehäuse kompatibel für Hyenai   - HYRC101,Sleutelbehuizing · Funkschlüssel-Gehäuse kompatibel für Hyena,behuizingen,sleutelbehuizing,,3.45,https://autosleutel-specialist.nl/images/products/akey_3072_f80e145a_0.jpg,https://autosleutel-specialist.nl/images/products/akey_3072_f80e145a_0.jpg | https://autosleutel-specialist.nl/images/products/akey_3072_f80e145a_1.jpg | https://autosleutel-specialist.nl/images/products/akey_3072_f80e145a_2.jpg | https://autosleutel-specialist.nl/images/products/akey_3072_f80e145a_3.jpg
3073,funkschlussel-gehause-kompatibel-fur-hyenai-hyrc108,Funkschlüssel-Gehäuse kompatibel für Hyenai   - HYRC108,Sleutelbehuizing · Funkschlüssel-Gehäuse kompatibel für Hyena,behuizingen,sleutelbehuizing,,2.98,https://autosleutel-specialist.nl/images/products/akey_3073_d87489af_0.jpg,https://autosleutel-specialist.nl/images/products/akey_3073_d87489af_0.jpg | https://autosleutel-specialist.nl/images/products/akey_3073_d87489af_1.jpg | https://autosleutel-specialist.nl/images/products/akey_3073_d87489af_2.jpg | https://autosleutel-specialist.nl/images/products/akey_3073_d87489af_3.jpg | https://autosleutel-specialist.nl/images/products/akey_3073_d87489af_4.jpg
3074,funkschlussel-gehause-kompatibel-fur-hyenai-hyrc102,Funkschlüssel-Gehäuse kompatibel für Hyenai  - HYRC102,Sleutelbehuizing · Funkschlüssel-Gehäuse kompatibel für Hyena,behuizingen,sleutelbehuizing,,2.62,https://autosleutel-specialist.nl/images/products/akey_3074_e20d5a91_0.jpg,https://autosleutel-specialist.nl/images/products/akey_3074_e20d5a91_0.jpg | https://autosleutel-specialist.nl/images/products/akey_3074_e20d5a91_1.jpg
3075,funkschlussel-gehause-kompatibel-fur-hyenai-hyrc103,Funkschlüssel-Gehäuse kompatibel für Hyenai  - HYRC103,Sleutelbehuizing · Funkschlüssel-Gehäuse kompatibel für Hyena,behuizingen,sleutelbehuizing,,2.26,https://autosleutel-specialist.nl/images/products/akey_3075_cbb1e58f_0.jpg,https://autosleutel-specialist.nl/images/products/akey_3075_cbb1e58f_0.jpg | https://autosleutel-specialist.nl/images/products/akey_3075_cbb1e58f_1.jpg | https://autosleutel-specialist.nl/images/products/akey_3075_cbb1e58f_2.jpg
3076,funkschlussel-gehause-kompatibel-fur-hyenai-hyrc104,Funkschlüssel-Gehäuse kompatibel für Hyenai  - HYRC104,Sleutelbehuizing · Kia · Funkschlüssel-Gehäuse kompatibel für Hyena,behuizingen,sleutelbehuizing,Kia,2.62,https://autosleutel-specialist.nl/images/products/akey_3076_298b94c9_0.jpg,https://autosleutel-specialist.nl/images/products/akey_3076_298b94c9_0.jpg | https://autosleutel-specialist.nl/images/products/akey_3076_298b94c9_1.jpg
3077,funkschlussel-gehause-kompatibel-fur-hyenai-hyrc106,Funkschlüssel-Gehäuse kompatibel für Hyenai  - HYRC106,Sleutelbehuizing · Funkschlüssel-Gehäuse kompatibel für Hyena,behuizingen,sleutelbehuizing,,3.45,https://autosleutel-specialist.nl/images/products/akey_3077_cea07830_0.jpg,https://autosleutel-specialist.nl/images/products/akey_3077_cea07830_0.jpg
3078,funkschlussel-gehause-kompatibel-fur-hyenai-hyrc109,Funkschlüssel-Gehäuse kompatibel für Hyenai  - HYRC109,Sleutelbehuizing · Funkschlüssel-Gehäuse kompatibel für Hyena,behuizingen,sleutelbehuizing,,2.98,https://autosleutel-specialist.nl/images/products/akey_3078_fc32c05e_0.jpg,https://autosleutel-specialist.nl/images/products/akey_3078_fc32c05e_0.jpg
3079,funkschlussel-gehause-kompatibel-fur-hyenai-hyrc107,Funkschlüssel-Gehäuse kompatibel für Hyenai - HYRC107,Sleutelbehuizing · Funkschlüssel-Gehäuse kompatibel für Hyena,behuizingen,sleutelbehuizing,,2.98,https://autosleutel-specialist.nl/images/products/akey_3079_54e5b6ee_0.jpg,https://autosleutel-specialist.nl/images/products/akey_3079_54e5b6ee_0.jpg | https://autosleutel-specialist.nl/images/products/akey_3079_54e5b6ee_1.jpg
3080,funkschlussel-gehause-kompatibel-fur-kia-kirc105,Funkschlüssel-Gehäuse kompatibel für Kia  - KIRC105,Sleutelbehuizing · Kia · Funkschlüssel-Gehäuse kompatibel für - KIR,behuizingen,sleutelbehuizing,Kia,5.36,https://autosleutel-specialist.nl/images/products/akey_3080_eb293007_0.jpg,https://autosleutel-specialist.nl/images/products/akey_3080_eb293007_0.jpg
3081,funkschlussel-gehause-kompatibel-fur-kia-kirc106,Funkschlüssel-Gehäuse kompatibel für Kia  - KIRC106,Sleutelbehuizing · Kia · Funkschlüssel-Gehäuse kompatibel für - KIR,behuizingen,sleutelbehuizing,Kia,11.07,https://autosleutel-specialist.nl/images/products/akey_3081_e426e8cc_0.jpg,https://autosleutel-specialist.nl/images/products/akey_3081_e426e8cc_0.jpg | https://autosleutel-specialist.nl/images/products/akey_3081_e426e8cc_1.jpg
3082,funkschlussel-gehause-kompatibel-fur-jaguar-jagc151,Funkschlüssel - Gehäuse kompatibel für Jaguar - JAGC151,Sleutelbehuizing · Jaguar · Funkschlüssel - Gehäuse kompatibel für - J,behuizingen,sleutelbehuizing,Jaguar,10.59,https://autosleutel-specialist.nl/images/products/akey_3082_225ab5c1_0.jpg,https://autosleutel-specialist.nl/images/products/akey_3082_225ab5c1_0.jpg | https://autosleutel-specialist.nl/images/products/akey_3082_225ab5c1_1.jpg | https://autosleutel-specialist.nl/images/products/akey_3082_225ab5c1_2.jpg | https://autosleutel-specialist.nl/images/products/akey_3082_225ab5c1_3.jpg | https://autosleutel-specialist.nl/images/products/akey_3082_225ab5c1_4.jpg | https://autosleutel-specialist.nl/images/products/akey_3082_225ab5c1_5.jpg
3083,funkschlussel-gehause-kompatibel-fur-land-rover-lrrc104,Funkschlüssel - Gehäuse kompatibel für Land Rover  - LRRC104,Sleutelbehuizing · Land Rover · Funkschlüssel - Gehäuse kompatibel für Rov,behuizingen,sleutelbehuizing,Land Rover,2.98,https://autosleutel-specialist.nl/images/products/akey_3083_d68cc6f8_0.jpg,https://autosleutel-specialist.nl/images/products/akey_3083_d68cc6f8_0.jpg | https://autosleutel-specialist.nl/images/products/akey_3083_d68cc6f8_1.jpg | https://autosleutel-specialist.nl/images/products/akey_3083_d68cc6f8_2.jpg
3084,funkschlussel-gehause-kompatibel-fur-land-rover-lrrc101,Funkschlüssel - Gehäuse kompatibel für Land Rover - LRRC101,Sleutelbehuizing · Land Rover · Funkschlüssel - Gehäuse kompatibel für Rov,behuizingen,sleutelbehuizing,Land Rover,5.83,https://autosleutel-specialist.nl/images/products/akey_3084_571fa01e_0.jpg,https://autosleutel-specialist.nl/images/products/akey_3084_571fa01e_0.jpg | https://autosleutel-specialist.nl/images/products/akey_3084_571fa01e_1.jpg | https://autosleutel-specialist.nl/images/products/akey_3084_571fa01e_2.jpg | https://autosleutel-specialist.nl/images/products/akey_3084_571fa01e_3.jpg
3085,funkschlussel-gehause-kompatibel-fur-land-rover-lrrc103,Funkschlüssel - Gehäuse kompatibel für Land Rover - LRRC103,Sleutelbehuizing · Land Rover · Funkschlüssel - Gehäuse kompatibel für Rov,behuizingen,sleutelbehuizing,Land Rover,8.93,https://autosleutel-specialist.nl/images/products/akey_3085_d4f51340_0.jpg,https://autosleutel-specialist.nl/images/products/akey_3085_d4f51340_0.jpg | https://autosleutel-specialist.nl/images/products/akey_3085_d4f51340_1.jpg | https://autosleutel-specialist.nl/images/products/akey_3085_d4f51340_2.jpg
3086,funkschlussel-gehause-kompatibel-fur-kia-kirc104,Funkschlüssel-Gehäuse kompatibel für Kia  - KIRC104,Sleutelbehuizing · Kia · Funkschlüssel-Gehäuse kompatibel für - KIR,behuizingen,sleutelbehuizing,Kia,5.36,https://autosleutel-specialist.nl/images/products/akey_3086_db5f59f3_0.jpg,https://autosleutel-specialist.nl/images/products/akey_3086_db5f59f3_0.jpg
3087,funkschlussel-gehause-kompatibel-fur-kia-kirc103,Funkschlüssel-Gehäuse kompatibel für Kia - KIRC103,Sleutelbehuizing · Kia · Funkschlüssel-Gehäuse kompatibel für - KIR,behuizingen,sleutelbehuizing,Kia,5.36,https://autosleutel-specialist.nl/images/products/akey_3087_c8e28873_0.jpg,https://autosleutel-specialist.nl/images/products/akey_3087_c8e28873_0.jpg | https://autosleutel-specialist.nl/images/products/akey_3087_c8e28873_1.jpg
3088,funkschlussel-gehause-kompatibel-fur-kia-kirc101,Funkschlüssel-Gehäuse kompatibel für Kia- KIRC101,Sleutelbehuizing · Kia · Funkschlüssel-Gehäuse kompatibel für - KIR,behuizingen,sleutelbehuizing,Kia,8.21,https://autosleutel-specialist.nl/images/products/akey_3088_8762832a_0.jpg,https://autosleutel-specialist.nl/images/products/akey_3088_8762832a_0.jpg | https://autosleutel-specialist.nl/images/products/akey_3088_8762832a_1.jpg
3089,funkschlussel-gehause-kompatibel-fur-kia-kirc102,Funkschlüssel-Gehäuse kompatibel für Kia- KIRC102,Sleutelbehuizing · Kia · Funkschlüssel-Gehäuse kompatibel für - KIR,behuizingen,sleutelbehuizing,Kia,4.64,https://autosleutel-specialist.nl/images/products/akey_3089_c6b5ab30_0.jpg,https://autosleutel-specialist.nl/images/products/akey_3089_c6b5ab30_0.jpg | https://autosleutel-specialist.nl/images/products/akey_3089_c6b5ab30_1.jpg
3090,funkschlussel-gehause-kompatibel-fur-land-rover-lrrc108,Funkschlüssel - Gehäuse kompatibel für Land Rover - LRRC108,Sleutelbehuizing · Land Rover · Funkschlüssel - Gehäuse kompatibel für Rov,behuizingen,sleutelbehuizing,Land Rover,5.83,https://autosleutel-specialist.nl/images/products/akey_3090_2608bb5c_0.jpg,https://autosleutel-specialist.nl/images/products/akey_3090_2608bb5c_0.jpg | https://autosleutel-specialist.nl/images/products/akey_3090_2608bb5c_1.jpg | https://autosleutel-specialist.nl/images/products/akey_3090_2608bb5c_2.jpg | https://autosleutel-specialist.nl/images/products/akey_3090_2608bb5c_3.jpg | https://autosleutel-specialist.nl/images/products/akey_3090_2608bb5c_4.jpg | https://autosleutel-specialist.nl/images/products/akey_3090_2608bb5c_5.jpg
3092,funkschlussel-gehause-kompatibel-fur-mazda-marc104,Funkschlüssel Gehäuse kompatibel für Mazda  - MARC104,Sleutelbehuizing · Mazda · Funkschlüssel Gehäuse kompatibel für - MAR,behuizingen,sleutelbehuizing,Mazda,7.02,https://autosleutel-specialist.nl/images/products/akey_3092_771e8d15_0.jpg,https://autosleutel-specialist.nl/images/products/akey_3092_771e8d15_0.jpg | https://autosleutel-specialist.nl/images/products/akey_3092_771e8d15_1.jpg | https://autosleutel-specialist.nl/images/products/akey_3092_771e8d15_2.jpg
3093,funkschlussel-gehause-kompatibel-fur-mazda-marc152,Funkschlüssel Gehäuse kompatibel für Mazda  - MARC152,Sleutelbehuizing · Mazda · Funkschlüssel Gehäuse kompatibel für - MAR,behuizingen,sleutelbehuizing,Mazda,7.02,https://autosleutel-specialist.nl/images/products/akey_3093_80fc811b_0.jpg,https://autosleutel-specialist.nl/images/products/akey_3093_80fc811b_0.jpg
3094,funkschlussel-gehause-kompatibel-fur-mazda-marc154,Funkschlüssel Gehäuse kompatibel für Mazda - MARC154,Sleutelbehuizing · Mazda · Funkschlüssel Gehäuse kompatibel für - MAR,behuizingen,sleutelbehuizing,Mazda,5.95,https://autosleutel-specialist.nl/images/products/akey_3094_1e8a649d_0.jpg,https://autosleutel-specialist.nl/images/products/akey_3094_1e8a649d_0.jpg | https://autosleutel-specialist.nl/images/products/akey_3094_1e8a649d_1.jpg
3095,funkschlussel-gehause-kompatibel-fur-mazda-marc100,Funkschlüssel-Gehäuse kompatibel für Mazda  - MARC100,Sleutelbehuizing · Mazda · Funkschlüssel-Gehäuse kompatibel für - MAR,behuizingen,sleutelbehuizing,Mazda,3.69,https://autosleutel-specialist.nl/images/products/akey_3095_b44b174a_0.jpg,https://autosleutel-specialist.nl/images/products/akey_3095_b44b174a_0.jpg | https://autosleutel-specialist.nl/images/products/akey_3095_b44b174a_1.jpg | https://autosleutel-specialist.nl/images/products/akey_3095_b44b174a_2.jpg
3096,funkschlussel-gehause-kompatibel-fur-mazda-marc102,Funkschlüssel-Gehäuse kompatibel für Mazda  - MARC102,Sleutelbehuizing · Mazda · Funkschlüssel-Gehäuse kompatibel für - MAR,behuizingen,sleutelbehuizing,Mazda,3.45,https://autosleutel-specialist.nl/images/products/akey_3096_e96d6aff_0.jpg,https://autosleutel-specialist.nl/images/products/akey_3096_e96d6aff_0.jpg | https://autosleutel-specialist.nl/images/products/akey_3096_e96d6aff_1.jpg | https://autosleutel-specialist.nl/images/products/akey_3096_e96d6aff_2.jpg
3097,funkschlussel-gehause-kompatibel-fur-mazda-marc150,Funkschlüssel-Gehäuse kompatibel für Mazda  - MARC150,Sleutelbehuizing · Mazda · Funkschlüssel-Gehäuse kompatibel für - MAR,behuizingen,sleutelbehuizing,Mazda,8.21,https://autosleutel-specialist.nl/images/products/akey_3097_d5f5aff3_0.jpg,https://autosleutel-specialist.nl/images/products/akey_3097_d5f5aff3_0.jpg
3098,funkschlussel-gehause-kompatibel-fur-mazda-marc101,Funkschlüssel-Gehäuse kompatibel für Mazda - MARC101,Sleutelbehuizing · Mazda · Funkschlüssel-Gehäuse kompatibel für - MAR,behuizingen,sleutelbehuizing,Mazda,3.57,https://autosleutel-specialist.nl/images/products/akey_3098_2cd89abf_0.jpg,https://autosleutel-specialist.nl/images/products/akey_3098_2cd89abf_0.jpg | https://autosleutel-specialist.nl/images/products/akey_3098_2cd89abf_1.jpg | https://autosleutel-specialist.nl/images/products/akey_3098_2cd89abf_2.jpg
3099,funkschlussel-gehause-kompatibel-fur-mazda-marc103,Funkschlüssel-Gehäuse kompatibel für Mazda - MARC103,Sleutelbehuizing · Mazda · Funkschlüssel-Gehäuse kompatibel für - MAR,behuizingen,sleutelbehuizing,Mazda,3.57,https://autosleutel-specialist.nl/images/products/akey_3099_d21874ce_0.jpg,https://autosleutel-specialist.nl/images/products/akey_3099_d21874ce_0.jpg | https://autosleutel-specialist.nl/images/products/akey_3099_d21874ce_1.jpg | https://autosleutel-specialist.nl/images/products/akey_3099_d21874ce_2.jpg
3100,funkschlussel-gehause-kompatibel-fur-mazda-marc153,Funkschlüssel-Gehäuse kompatibel für Mazda - MARC153,Sleutelbehuizing · Mazda · Funkschlüssel-Gehäuse kompatibel für - MAR,behuizingen,sleutelbehuizing,Mazda,9.4,https://autosleutel-specialist.nl/images/products/akey_3100_613d84a3_0.jpg,https://autosleutel-specialist.nl/images/products/akey_3100_613d84a3_0.jpg | https://autosleutel-specialist.nl/images/products/akey_3100_613d84a3_1.jpg | https://autosleutel-specialist.nl/images/products/akey_3100_613d84a3_2.jpg | https://autosleutel-specialist.nl/images/products/akey_3100_613d84a3_3.jpg | https://autosleutel-specialist.nl/images/products/akey_3100_613d84a3_4.jpg
3101,funkschlussel-gehause-kompatibel-fur-mercedes-benz-bzrc104,Funkschlüssel - Gehäuse kompatibel für Mercedes-Benz - BZRC104,Sleutelbehuizing · Mercedes-Benz · Funkschlüssel - Gehäuse kompatibel für -Be,behuizingen,sleutelbehuizing,Mercedes-Benz,4.64,https://autosleutel-specialist.nl/images/products/akey_3101_24f50bc0_0.jpg,https://autosleutel-specialist.nl/images/products/akey_3101_24f50bc0_0.jpg | https://autosleutel-specialist.nl/images/products/akey_3101_24f50bc0_1.jpg | https://autosleutel-specialist.nl/images/products/akey_3101_24f50bc0_2.jpg
3102,funkschlussel-gehause-kompatibel-fur-mercedes-benz-bzrc106,Funkschlüssel - Gehäuse kompatibel für Mercedes-Benz - BZRC106,Sleutelbehuizing · Mercedes-Benz · Funkschlüssel - Gehäuse kompatibel für -Be,behuizingen,sleutelbehuizing,Mercedes-Benz,4.76,https://autosleutel-specialist.nl/images/products/akey_3102_b050e5ac_0.jpg,https://autosleutel-specialist.nl/images/products/akey_3102_b050e5ac_0.jpg | https://autosleutel-specialist.nl/images/products/akey_3102_b050e5ac_1.jpg | https://autosleutel-specialist.nl/images/products/akey_3102_b050e5ac_2.jpg
3104,funkschlussel-gehause-kompatibel-fur-mercedes-benz-bzrc107,Funkschlüssel - Gehäuse kompatibel für Mercedes-Benz - BZRC107,Sleutelbehuizing · Mercedes-Benz · Funkschlüssel - Gehäuse kompatibel für -Be,behuizingen,sleutelbehuizing,Mercedes-Benz,4.64,https://autosleutel-specialist.nl/images/products/akey_3104_01ad0731_0.jpg,https://autosleutel-specialist.nl/images/products/akey_3104_01ad0731_0.jpg | https://autosleutel-specialist.nl/images/products/akey_3104_01ad0731_1.jpg | https://autosleutel-specialist.nl/images/products/akey_3104_01ad0731_2.jpg | https://autosleutel-specialist.nl/images/products/akey_3104_01ad0731_3.jpg | https://autosleutel-specialist.nl/images/products/akey_3104_01ad0731_4.jpg
3105,funkschlussel-gehause-kompatibel-fur-mercedes-benz-bzrc108,Funkschlüssel - Gehäuse kompatibel für Mercedes-Benz - BZRC108,Sleutelbehuizing · Mercedes-Benz · Funkschlüssel - Gehäuse kompatibel für -Be,behuizingen,sleutelbehuizing,Mercedes-Benz,4.64,https://autosleutel-specialist.nl/images/products/akey_3105_3253793f_0.jpg,https://autosleutel-specialist.nl/images/products/akey_3105_3253793f_0.jpg | https://autosleutel-specialist.nl/images/products/akey_3105_3253793f_1.jpg
3106,funkschlussel-gehause-kompatibel-fur-mercedes-benz-bzrc110,Funkschlüssel - Gehäuse kompatibel für Mercedes-Benz - BZRC110,Sleutelbehuizing · Mercedes-Benz · Funkschlüssel - Gehäuse kompatibel für -Be,behuizingen,sleutelbehuizing,Mercedes-Benz,20.77,https://autosleutel-specialist.nl/images/products/akey_3106_a47e0d92_0.jpg,https://autosleutel-specialist.nl/images/products/akey_3106_a47e0d92_0.jpg | https://autosleutel-specialist.nl/images/products/akey_3106_a47e0d92_1.jpg | https://autosleutel-specialist.nl/images/products/akey_3106_a47e0d92_2.jpg
3107,funkschlussel-gehause-kompatibel-fur-mercedes-benz-bzrc150,Funkschlüssel - Gehäuse kompatibel für Mercedes-Benz - BZRC150,Sleutelbehuizing · Mercedes-Benz · Funkschlüssel - Gehäuse kompatibel für -Be,behuizingen,sleutelbehuizing,Mercedes-Benz,4.17,https://autosleutel-specialist.nl/images/products/akey_3107_0a8c10e9_0.jpg,https://autosleutel-specialist.nl/images/products/akey_3107_0a8c10e9_0.jpg | https://autosleutel-specialist.nl/images/products/akey_3107_0a8c10e9_1.jpg
3108,funkschlussel-gehause-kompatibel-fur-mercedes-benz-bzrc116,Funkschlüssel Gehäuse kompatibel für Mercedes Benz - BZRC116,Sleutelbehuizing · Mercedes-Benz · Funkschlüssel Gehäuse kompatibel für Benz,behuizingen,sleutelbehuizing,Mercedes-Benz,5.83,https://autosleutel-specialist.nl/images/products/akey_3108_6820299e_0.jpg,https://autosleutel-specialist.nl/images/products/akey_3108_6820299e_0.jpg | https://autosleutel-specialist.nl/images/products/akey_3108_6820299e_1.jpg | https://autosleutel-specialist.nl/images/products/akey_3108_6820299e_2.jpg
3109,funkschlussel-gehause-kompatibel-fur-mercedes-benz-bzrc101,Funkschlüssel-Gehäuse kompatibel für Mercedes Benz - BZRC101,Sleutelbehuizing · Mercedes-Benz · Funkschlüssel-Gehäuse kompatibel für Benz,behuizingen,sleutelbehuizing,Mercedes-Benz,8.21,https://autosleutel-specialist.nl/images/products/akey_3109_96e6ed7d_0.jpg,https://autosleutel-specialist.nl/images/products/akey_3109_96e6ed7d_0.jpg | https://autosleutel-specialist.nl/images/products/akey_3109_96e6ed7d_1.jpg | https://autosleutel-specialist.nl/images/products/akey_3109_96e6ed7d_2.jpg | https://autosleutel-specialist.nl/images/products/akey_3109_96e6ed7d_3.jpg | https://autosleutel-specialist.nl/images/products/akey_3109_96e6ed7d_4.jpg | https://autosleutel-specialist.nl/images/products/akey_3109_96e6ed7d_5.jpg
3110,funkschlussel-gehause-kompatibel-fur-mercedes-benz-bzrc115,Funkschlüssel-Gehäuse kompatibel für Mercedes Benz - BZRC115,Sleutelbehuizing · Mercedes-Benz · Funkschlüssel-Gehäuse kompatibel für Benz,behuizingen,sleutelbehuizing,Mercedes-Benz,7.02,https://autosleutel-specialist.nl/images/products/akey_3110_8312c3db_0.jpg,https://autosleutel-specialist.nl/images/products/akey_3110_8312c3db_0.jpg | https://autosleutel-specialist.nl/images/products/akey_3110_8312c3db_1.jpg | https://autosleutel-specialist.nl/images/products/akey_3110_8312c3db_2.jpg
3111,funkschlussel-gehause-kompatibel-fur-mini-mcrc150,Funkschlüssel-Gehäuse kompatibel für Mini  - MCRC150,"Sleutelbehuizing · BMW, Mini · Funkschlüssel-Gehäuse kompatibel für - MCR",behuizingen,sleutelbehuizing,"BMW, Mini",8.21,https://autosleutel-specialist.nl/images/products/akey_3111_5d520e28_0.jpg,https://autosleutel-specialist.nl/images/products/akey_3111_5d520e28_0.jpg | https://autosleutel-specialist.nl/images/products/akey_3111_5d520e28_1.jpg | https://autosleutel-specialist.nl/images/products/akey_3111_5d520e28_2.jpg | https://autosleutel-specialist.nl/images/products/akey_3111_5d520e28_3.jpg
3112,funkschlussel-gehause-kompatibel-fur-mini-mcrc151,Funkschlüssel-Gehäuse kompatibel für Mini  - MCRC151,"Sleutelbehuizing · BMW, Mini · Funkschlüssel-Gehäuse kompatibel für - MCR",behuizingen,sleutelbehuizing,"BMW, Mini",8.21,https://autosleutel-specialist.nl/images/products/akey_3112_6908f3df_0.jpg,https://autosleutel-specialist.nl/images/products/akey_3112_6908f3df_0.jpg | https://autosleutel-specialist.nl/images/products/akey_3112_6908f3df_1.jpg | https://autosleutel-specialist.nl/images/products/akey_3112_6908f3df_2.jpg
3113,funkschlussel-gehause-kompatibel-fur-mini-cooper-mcrc101,Funkschlüssel-Gehäuse kompatibel für Mini Cooper - MCRC101,Sleutelbehuizing · Mini · Funkschlüssel-Gehäuse kompatibel für Coope,behuizingen,sleutelbehuizing,Mini,4.17,https://autosleutel-specialist.nl/images/products/akey_3113_322fa355_0.jpg,https://autosleutel-specialist.nl/images/products/akey_3113_322fa355_0.jpg | https://autosleutel-specialist.nl/images/products/akey_3113_322fa355_1.jpg
3114,funkschlussel-gehause-kompatibel-fur-mini-cooper-mcrc102,Funkschlüssel-Gehäuse kompatibel für Mini Cooper - MCRC102,Sleutelbehuizing · Mini · Funkschlüssel-Gehäuse kompatibel für Coope,behuizingen,sleutelbehuizing,Mini,4.64,https://autosleutel-specialist.nl/images/products/akey_3114_ee0f27d3_0.jpg,https://autosleutel-specialist.nl/images/products/akey_3114_ee0f27d3_0.jpg | https://autosleutel-specialist.nl/images/products/akey_3114_ee0f27d3_1.jpg | https://autosleutel-specialist.nl/images/products/akey_3114_ee0f27d3_2.jpg
3115,funkschlussel-gehause-kompatibel-fur-mini-cooper-mcrc103,Funkschlüssel-Gehäuse kompatibel für Mini Cooper - MCRC103,Sleutelbehuizing · Mini · Funkschlüssel-Gehäuse kompatibel für Coope,behuizingen,sleutelbehuizing,Mini,2.32,https://autosleutel-specialist.nl/images/products/akey_3115_2fb4029b_0.jpg,https://autosleutel-specialist.nl/images/products/akey_3115_2fb4029b_0.jpg | https://autosleutel-specialist.nl/images/products/akey_3115_2fb4029b_1.jpg
3116,funkschlussel-gehause-kompatibel-fur-mini-cooper-mcrc104,Funkschlüssel-Gehäuse kompatibel für Mini Cooper - MCRC104,Sleutelbehuizing · Mini · Funkschlüssel-Gehäuse kompatibel für Coope,behuizingen,sleutelbehuizing,Mini,5.36,https://autosleutel-specialist.nl/images/products/akey_3116_8725d41c_0.jpg,https://autosleutel-specialist.nl/images/products/akey_3116_8725d41c_0.jpg | https://autosleutel-specialist.nl/images/products/akey_3116_8725d41c_1.jpg
3117,funkschlussel-gehause-kompatibel-fur-metsubishi-metrc101,Funkschlüssel-Gehäuse kompatibel für  metsubishi- metRC101,Sleutelbehuizing · Funkschlüssel-Gehäuse kompatibel für metsu,behuizingen,sleutelbehuizing,,2.62,https://autosleutel-specialist.nl/images/products/akey_3117_68fe93a4_0.jpg,https://autosleutel-specialist.nl/images/products/akey_3117_68fe93a4_0.jpg | https://autosleutel-specialist.nl/images/products/akey_3117_68fe93a4_1.jpg
3118,funkschlussel-gehause-kompatibel-fur-metsubishi-metrc102,Funkschlüssel-Gehäuse kompatibel für metsubishi- metRC102,Sleutelbehuizing · Funkschlüssel-Gehäuse kompatibel für metsu,behuizingen,sleutelbehuizing,,2.98,https://autosleutel-specialist.nl/images/products/akey_3118_fa48a120_0.jpg,https://autosleutel-specialist.nl/images/products/akey_3118_fa48a120_0.jpg | https://autosleutel-specialist.nl/images/products/akey_3118_fa48a120_1.jpg
3119,2-tasten-funkschlussel-gehause-kompatibel-fur-nissan-nirc151,2 Tasten Funkschlüssel-Gehäuse kompatibel für Nissan - NIRC151,Sleutelbehuizing · Nissan · 2 Tasten Funkschlüssel-Gehäuse kompatibel,behuizingen,sleutelbehuizing,Nissan,2.98,https://autosleutel-specialist.nl/images/products/akey_3119_0c9337ac_0.jpg,https://autosleutel-specialist.nl/images/products/akey_3119_0c9337ac_0.jpg | https://autosleutel-specialist.nl/images/products/akey_3119_0c9337ac_1.jpg | https://autosleutel-specialist.nl/images/products/akey_3119_0c9337ac_2.jpg
3120,funkschlussel-gehause-kompatibel-fur-nissan-nirc101,Funkschlüssel Gehäuse kompatibel für Nissan  - NIRC101,Sleutelbehuizing · Nissan · Funkschlüssel Gehäuse kompatibel für - NIR,behuizingen,sleutelbehuizing,Nissan,4.64,https://autosleutel-specialist.nl/images/products/akey_3120_e2cffdca_0.jpg,https://autosleutel-specialist.nl/images/products/akey_3120_e2cffdca_0.jpg | https://autosleutel-specialist.nl/images/products/akey_3120_e2cffdca_1.jpg
3121,funkschlussel-gehause-kompatibel-fur-nissan-nirc102,Funkschlüssel Gehäuse kompatibel für Nissan  - NIRC102,Sleutelbehuizing · Nissan · Funkschlüssel Gehäuse kompatibel für - NIR,behuizingen,sleutelbehuizing,Nissan,3.45,https://autosleutel-specialist.nl/images/products/akey_3121_5ff2a449_0.jpg,https://autosleutel-specialist.nl/images/products/akey_3121_5ff2a449_0.jpg
3122,funkschlussel-gehause-kompatibel-fur-nissan-nirc103,Funkschlüssel Gehäuse kompatibel für Nissan  - NIRC103,Sleutelbehuizing · Nissan · Funkschlüssel Gehäuse kompatibel für - NIR,behuizingen,sleutelbehuizing,Nissan,3.45,https://autosleutel-specialist.nl/images/products/akey_3122_d17de2ed_0.jpg,https://autosleutel-specialist.nl/images/products/akey_3122_d17de2ed_0.jpg | https://autosleutel-specialist.nl/images/products/akey_3122_d17de2ed_1.jpg
3123,funkschlussel-gehause-kompatibel-fur-nissan-nirc105,Funkschlüssel Gehäuse kompatibel für Nissan  - NIRC105,Sleutelbehuizing · Nissan · Funkschlüssel Gehäuse kompatibel für - NIR,behuizingen,sleutelbehuizing,Nissan,5.83,https://autosleutel-specialist.nl/images/products/akey_3123_0ee426aa_0.jpg,https://autosleutel-specialist.nl/images/products/akey_3123_0ee426aa_0.jpg | https://autosleutel-specialist.nl/images/products/akey_3123_0ee426aa_1.jpg
3124,funkschlussel-gehause-kompatibel-fur-nissan-nirc104,Funkschlüssel Gehäuse kompatibel für Nissan - NIRC104,Sleutelbehuizing · Nissan · Funkschlüssel Gehäuse kompatibel für - NIR,behuizingen,sleutelbehuizing,Nissan,5.83,https://autosleutel-specialist.nl/images/products/akey_3124_6f98906e_0.jpg,https://autosleutel-specialist.nl/images/products/akey_3124_6f98906e_0.jpg | https://autosleutel-specialist.nl/images/products/akey_3124_6f98906e_1.jpg
3125,funkschlussel-gehause-kompatibel-fur-renault-rnrc124,Funkschlüssel Gehäuse kompatibel für Renault - RNRC124,Sleutelbehuizing · Renault · Funkschlüssel Gehäuse kompatibel für - RNR,behuizingen,sleutelbehuizing,Renault,5.83,https://autosleutel-specialist.nl/images/products/akey_3125_5eb9bbf0_0.jpg,https://autosleutel-specialist.nl/images/products/akey_3125_5eb9bbf0_0.jpg | https://autosleutel-specialist.nl/images/products/akey_3125_5eb9bbf0_1.jpg | https://autosleutel-specialist.nl/images/products/akey_3125_5eb9bbf0_2.jpg | https://autosleutel-specialist.nl/images/products/akey_3125_5eb9bbf0_3.jpg
3126,funkschlussel-gehause-kompatibel-fur-nissan-nirc152,Funkschlüssel-Gehäuse kompatibel für Nissan - NIRC152,Sleutelbehuizing · Nissan · Funkschlüssel-Gehäuse kompatibel für - NIR,behuizingen,sleutelbehuizing,Nissan,5.83,https://autosleutel-specialist.nl/images/products/akey_3126_b3acad6a_0.jpg,https://autosleutel-specialist.nl/images/products/akey_3126_b3acad6a_0.jpg | https://autosleutel-specialist.nl/images/products/akey_3126_b3acad6a_1.jpg | https://autosleutel-specialist.nl/images/products/akey_3126_b3acad6a_2.jpg | https://autosleutel-specialist.nl/images/products/akey_3126_b3acad6a_3.jpg | https://autosleutel-specialist.nl/images/products/akey_3126_b3acad6a_4.jpg
3127,funkschlussel-gehause-kompatibel-fur-renault-rnrc123,Funkschlüssel-Gehäuse kompatibel für Renault - RNRC123,Sleutelbehuizing · Renault · Funkschlüssel-Gehäuse kompatibel für - RNR,behuizingen,sleutelbehuizing,Renault,3.45,https://autosleutel-specialist.nl/images/products/akey_3127_7d342df3_0.jpg,https://autosleutel-specialist.nl/images/products/akey_3127_7d342df3_0.jpg | https://autosleutel-specialist.nl/images/products/akey_3127_7d342df3_1.jpg | https://autosleutel-specialist.nl/images/products/akey_3127_7d342df3_2.jpg
3128,funkschlussel-umbauset-3-1-tasten-kompatibel-fur-nissan-nirc150,Funkschlüssel-Umbauset  3+1 Tasten kompatibel für Nissan - NIRC150,Afstandsbediening · Nissan · Funkschlüssel-Umbauset 3+1 Tasten kompatib,afstandsbedieningen,printplaat,Nissan,8.21,https://autosleutel-specialist.nl/images/products/akey_3128_c8facc61_0.jpg,https://autosleutel-specialist.nl/images/products/akey_3128_c8facc61_0.jpg | https://autosleutel-specialist.nl/images/products/akey_3128_c8facc61_1.jpg | https://autosleutel-specialist.nl/images/products/akey_3128_c8facc61_2.jpg | https://autosleutel-specialist.nl/images/products/akey_3128_c8facc61_3.jpg | https://autosleutel-specialist.nl/images/products/akey_3128_c8facc61_4.jpg
3129,nsn14at-schlusselkopf-kompatibel-fur-nissan,NSN14AT Schlüsselkopf kompatibel für Nissan,Accessoire · Nissan · NSN14AT Schlüsselkopf kompatibel für,,,Nissan,1.79,https://autosleutel-specialist.nl/images/products/akey_3129_2242e8e9_0.jpg,https://autosleutel-specialist.nl/images/products/akey_3129_2242e8e9_0.jpg
3130,smartkey-kompatibel-fur-nissan-nsn14b,Smartkey kompatibel für Nissan -NSN14B,Smart key · Nissan · Smartkey kompatibel für -NSN14B,smart-keys,smart key,Nissan,3.45,https://autosleutel-specialist.nl/images/products/akey_3130_fe85fa75_0.jpg,https://autosleutel-specialist.nl/images/products/akey_3130_fe85fa75_0.jpg | https://autosleutel-specialist.nl/images/products/akey_3130_fe85fa75_1.jpg | https://autosleutel-specialist.nl/images/products/akey_3130_fe85fa75_2.jpg
3131,funkschlussel-gehause-kompatibel-fur-opel-oprc101,Funkschlüssel-Gehäuse kompatibel für Opel  - OPRC101,Sleutelbehuizing · Opel · Funkschlüssel-Gehäuse kompatibel für - OPR,behuizingen,sleutelbehuizing,Opel,1.79,https://autosleutel-specialist.nl/images/products/akey_3131_0d376952_0.jpg,https://autosleutel-specialist.nl/images/products/akey_3131_0d376952_0.jpg | https://autosleutel-specialist.nl/images/products/akey_3131_0d376952_1.jpg | https://autosleutel-specialist.nl/images/products/akey_3131_0d376952_2.jpg
3132,funkschlussel-gehause-kompatibel-fur-opel-oprc103,Funkschlüssel-Gehäuse kompatibel für Opel  - OPRC103,Sleutelbehuizing · Opel · Funkschlüssel-Gehäuse kompatibel für - OPR,behuizingen,sleutelbehuizing,Opel,1.79,https://autosleutel-specialist.nl/images/products/akey_3132_eef94524_0.jpg,https://autosleutel-specialist.nl/images/products/akey_3132_eef94524_0.jpg | https://autosleutel-specialist.nl/images/products/akey_3132_eef94524_1.jpg | https://autosleutel-specialist.nl/images/products/akey_3132_eef94524_2.jpg
3133,funkschlussel-gehause-kompatibel-fur-opel-oprc104,Funkschlüssel-Gehäuse kompatibel für Opel  - OPRC104,Sleutelbehuizing · Opel · Funkschlüssel-Gehäuse kompatibel für - OPR,behuizingen,sleutelbehuizing,Opel,1.79,https://autosleutel-specialist.nl/images/products/akey_3133_095ed3f8_0.jpg,https://autosleutel-specialist.nl/images/products/akey_3133_095ed3f8_0.jpg | https://autosleutel-specialist.nl/images/products/akey_3133_095ed3f8_1.jpg | https://autosleutel-specialist.nl/images/products/akey_3133_095ed3f8_2.jpg
3134,funkschlussel-gehause-kompatibel-fur-opel-oprc105,Funkschlüssel-Gehäuse kompatibel für Opel  - OPRC105,Sleutelbehuizing · Opel · Funkschlüssel-Gehäuse kompatibel für - OPR,behuizingen,sleutelbehuizing,Opel,3.45,https://autosleutel-specialist.nl/images/products/akey_3134_d5959eb2_0.jpg,https://autosleutel-specialist.nl/images/products/akey_3134_d5959eb2_0.jpg | https://autosleutel-specialist.nl/images/products/akey_3134_d5959eb2_1.jpg | https://autosleutel-specialist.nl/images/products/akey_3134_d5959eb2_2.jpg | https://autosleutel-specialist.nl/images/products/akey_3134_d5959eb2_3.jpg | https://autosleutel-specialist.nl/images/products/akey_3134_d5959eb2_4.jpg
3135,funkschlussel-gehause-kompatibel-fur-opel-oprc106,Funkschlüssel-Gehäuse kompatibel für Opel  - OPRC106,Sleutelbehuizing · Opel · Funkschlüssel-Gehäuse kompatibel für - OPR,behuizingen,sleutelbehuizing,Opel,3.45,https://autosleutel-specialist.nl/images/products/akey_3135_721f325c_0.jpg,https://autosleutel-specialist.nl/images/products/akey_3135_721f325c_0.jpg
3136,funkschlussel-gehause-kompatibel-fur-opel-oprc107,Funkschlüssel-Gehäuse kompatibel für Opel  - OPRC107,Sleutelbehuizing · Opel · Funkschlüssel-Gehäuse kompatibel für - OPR,behuizingen,sleutelbehuizing,Opel,4.17,https://autosleutel-specialist.nl/images/products/akey_3136_664cfba2_0.jpg,https://autosleutel-specialist.nl/images/products/akey_3136_664cfba2_0.jpg | https://autosleutel-specialist.nl/images/products/akey_3136_664cfba2_1.jpg | https://autosleutel-specialist.nl/images/products/akey_3136_664cfba2_2.jpg | https://autosleutel-specialist.nl/images/products/akey_3136_664cfba2_3.jpg | https://autosleutel-specialist.nl/images/products/akey_3136_664cfba2_4.jpg
3137,funkschlussel-gehause-kompatibel-fur-opel-oprc108,Funkschlüssel-Gehäuse kompatibel für Opel  - OPRC108,Sleutelbehuizing · Opel · Funkschlüssel-Gehäuse kompatibel für - OPR,behuizingen,sleutelbehuizing,Opel,3.45,https://autosleutel-specialist.nl/images/products/akey_3137_a5c4eece_0.jpg,https://autosleutel-specialist.nl/images/products/akey_3137_a5c4eece_0.jpg | https://autosleutel-specialist.nl/images/products/akey_3137_a5c4eece_1.jpg
3138,funkschlussel-gehause-kompatibel-fur-opel-oprc109,Funkschlüssel-Gehäuse kompatibel für Opel  - OPRC109,Sleutelbehuizing · Opel · Funkschlüssel-Gehäuse kompatibel für - OPR,behuizingen,sleutelbehuizing,Opel,3.45,https://autosleutel-specialist.nl/images/products/akey_3138_5605ae0a_0.jpg,https://autosleutel-specialist.nl/images/products/akey_3138_5605ae0a_0.jpg | https://autosleutel-specialist.nl/images/products/akey_3138_5605ae0a_1.jpg | https://autosleutel-specialist.nl/images/products/akey_3138_5605ae0a_2.jpg | https://autosleutel-specialist.nl/images/products/akey_3138_5605ae0a_3.jpg | https://autosleutel-specialist.nl/images/products/akey_3138_5605ae0a_4.jpg
3139,funkschlussel-gehause-kompatibel-fur-opel-oprc113,Funkschlüssel-Gehäuse kompatibel für Opel  - OPRC113,Sleutelbehuizing · Opel · Funkschlüssel-Gehäuse kompatibel für - OPR,behuizingen,sleutelbehuizing,Opel,3.45,https://autosleutel-specialist.nl/images/products/akey_3139_9132313d_0.jpg,https://autosleutel-specialist.nl/images/products/akey_3139_9132313d_0.jpg | https://autosleutel-specialist.nl/images/products/akey_3139_9132313d_1.jpg | https://autosleutel-specialist.nl/images/products/akey_3139_9132313d_2.jpg | https://autosleutel-specialist.nl/images/products/akey_3139_9132313d_3.jpg | https://autosleutel-specialist.nl/images/products/akey_3139_9132313d_4.jpg
3140,funkschlussel-gehause-kompatibel-fur-opel-oprc116,Funkschlüssel-Gehäuse kompatibel für Opel  - OPRC116,Sleutelbehuizing · Opel · Funkschlüssel-Gehäuse kompatibel für - OPR,behuizingen,sleutelbehuizing,Opel,3.45,https://autosleutel-specialist.nl/images/products/akey_3140_8eeda01b_0.jpg,https://autosleutel-specialist.nl/images/products/akey_3140_8eeda01b_0.jpg | https://autosleutel-specialist.nl/images/products/akey_3140_8eeda01b_1.jpg | https://autosleutel-specialist.nl/images/products/akey_3140_8eeda01b_2.jpg
3141,funkschlussel-gehause-kompatibel-fur-opel-oprc150,Funkschlüssel-Gehäuse kompatibel für Opel  - OPRC150,Sleutelbehuizing · Opel · Funkschlüssel-Gehäuse kompatibel für - OPR,behuizingen,sleutelbehuizing,Opel,5.36,https://autosleutel-specialist.nl/images/products/akey_3141_66bcb268_0.jpg,https://autosleutel-specialist.nl/images/products/akey_3141_66bcb268_0.jpg
3142,funkschlussel-gehause-kompatibel-fur-opel-oprc151,Funkschlüssel-Gehäuse kompatibel für Opel  - OPRC151,Sleutelbehuizing · Opel · Funkschlüssel-Gehäuse kompatibel für - OPR,behuizingen,sleutelbehuizing,Opel,3.45,https://autosleutel-specialist.nl/images/products/akey_3142_6fc3c246_0.jpg,https://autosleutel-specialist.nl/images/products/akey_3142_6fc3c246_0.jpg | https://autosleutel-specialist.nl/images/products/akey_3142_6fc3c246_1.jpg
3143,funkschlussel-gehause-kompatibel-fur-opel-oprc156,Funkschlüssel-Gehäuse kompatibel für Opel  - OPRC156,Sleutelbehuizing · Opel · Funkschlüssel-Gehäuse kompatibel für - OPR,behuizingen,sleutelbehuizing,Opel,4.64,https://autosleutel-specialist.nl/images/products/akey_3143_dd87d6d1_0.jpg,https://autosleutel-specialist.nl/images/products/akey_3143_dd87d6d1_0.jpg | https://autosleutel-specialist.nl/images/products/akey_3143_dd87d6d1_1.jpg | https://autosleutel-specialist.nl/images/products/akey_3143_dd87d6d1_2.jpg
3144,funkschlussel-gehause-kompatibel-fur-opel-oprc114,Funkschlüssel-Gehäuse kompatibel für Opel - OPRC114,Sleutelbehuizing · Opel · Funkschlüssel-Gehäuse kompatibel für - OPR,behuizingen,sleutelbehuizing,Opel,3.45,https://autosleutel-specialist.nl/images/products/akey_3144_2b286f3c_0.jpg,https://autosleutel-specialist.nl/images/products/akey_3144_2b286f3c_0.jpg | https://autosleutel-specialist.nl/images/products/akey_3144_2b286f3c_1.jpg | https://autosleutel-specialist.nl/images/products/akey_3144_2b286f3c_2.jpg
3145,funkschlussel-gehause-kompatibel-fur-opel-oprc152,Funkschlüssel-Gehäuse kompatibel für Opel - OPRC152,Sleutelbehuizing · Opel · Funkschlüssel-Gehäuse kompatibel für - OPR,behuizingen,sleutelbehuizing,Opel,3.45,https://autosleutel-specialist.nl/images/products/akey_3145_19580911_0.jpg,https://autosleutel-specialist.nl/images/products/akey_3145_19580911_0.jpg | https://autosleutel-specialist.nl/images/products/akey_3145_19580911_1.jpg | https://autosleutel-specialist.nl/images/products/akey_3145_19580911_2.jpg
3146,funkschlussel-gehause-kompatibel-fur-opel-oprc153,Funkschlüssel-Gehäuse kompatibel für Opel - OPRC153,Sleutelbehuizing · Opel · Funkschlüssel-Gehäuse kompatibel für - OPR,behuizingen,sleutelbehuizing,Opel,3.45,https://autosleutel-specialist.nl/images/products/akey_3146_8351660f_0.jpg,https://autosleutel-specialist.nl/images/products/akey_3146_8351660f_0.jpg | https://autosleutel-specialist.nl/images/products/akey_3146_8351660f_1.jpg | https://autosleutel-specialist.nl/images/products/akey_3146_8351660f_2.jpg
3147,funkschlussel-gehause-kompatibel-fur-opel-oprc154,Funkschlüssel-Gehäuse kompatibel für Opel - OPRC154,Sleutelbehuizing · Opel · Funkschlüssel-Gehäuse kompatibel für - OPR,behuizingen,sleutelbehuizing,Opel,3.45,https://autosleutel-specialist.nl/images/products/akey_3147_abb5a299_0.jpg,https://autosleutel-specialist.nl/images/products/akey_3147_abb5a299_0.jpg | https://autosleutel-specialist.nl/images/products/akey_3147_abb5a299_1.jpg | https://autosleutel-specialist.nl/images/products/akey_3147_abb5a299_2.jpg
3148,hu43at-schlusselkopf-kompatibel-fur-opel,HU43AT Schlüsselkopf kompatibel für OPEL,Sleutelbehuizing · Opel · HU43AT Schlüsselkopf kompatibel für,behuizingen,sleutelbehuizing,Opel,1.79,https://autosleutel-specialist.nl/images/products/akey_3148_c8163163_0.jpg,https://autosleutel-specialist.nl/images/products/akey_3148_c8163163_0.jpg | https://autosleutel-specialist.nl/images/products/akey_3148_c8163163_1.jpg
3149,tastenfeld-gummi-kompatibel-fur-suzuki-opel-2-tasten-5-stuck,Tastenfeld Gummi kompatibel für Suzuki / Opel -  2 Tasten (5 Stück),"Afstandsbediening · Opel, Suzuki · Tastenfeld Gummi kompatibel für / - 2 Tast",afstandsbedieningen,printplaat,"Opel, Suzuki",1.07,https://autosleutel-specialist.nl/images/products/akey_3149_4d51b815_0.jpg,https://autosleutel-specialist.nl/images/products/akey_3149_4d51b815_0.jpg
3150,funkschlussel-gehause-kompatibel-fur-peugeot-pgrc101,Funkschlüssel - Gehäuse kompatibel für Peugeot  - PGRC101,Sleutelbehuizing · Peugeot · Funkschlüssel - Gehäuse kompatibel für - P,behuizingen,sleutelbehuizing,Peugeot,2.98,https://autosleutel-specialist.nl/images/products/akey_3150_71a5bd8b_0.jpg,https://autosleutel-specialist.nl/images/products/akey_3150_71a5bd8b_0.jpg
3151,funkschlussel-gehause-kompatibel-fur-peugeot-pgrc112,Funkschlüssel - Gehäuse kompatibel für Peugeot  - PGRC112,Sleutelbehuizing · Peugeot · Funkschlüssel - Gehäuse kompatibel für - P,behuizingen,sleutelbehuizing,Peugeot,2.98,https://autosleutel-specialist.nl/images/products/akey_3151_e32da3ba_0.jpg,https://autosleutel-specialist.nl/images/products/akey_3151_e32da3ba_0.jpg | https://autosleutel-specialist.nl/images/products/akey_3151_e32da3ba_1.jpg
3152,funkschlussel-gehause-kompatibel-fur-peugeot-pgrc152,Funkschlüssel - Gehäuse kompatibel für Peugeot - PGRC152,Sleutelbehuizing · Peugeot · Funkschlüssel - Gehäuse kompatibel für - P,behuizingen,sleutelbehuizing,Peugeot,2.98,https://autosleutel-specialist.nl/images/products/akey_3152_5c99ef32_0.jpg,https://autosleutel-specialist.nl/images/products/akey_3152_5c99ef32_0.jpg | https://autosleutel-specialist.nl/images/products/akey_3152_5c99ef32_1.jpg | https://autosleutel-specialist.nl/images/products/akey_3152_5c99ef32_2.jpg
3153,funkschlussel-gehause-kompatibel-fur-peugeot-pgrc102,Funkschlüssel - Gehäuse kompatibel für Peugeot PGRC102,"Sleutelbehuizing · Opel, Peugeot · Funkschlüssel - Gehäuse kompatibel für PGR",behuizingen,sleutelbehuizing,"Opel, Peugeot",5.83,https://autosleutel-specialist.nl/images/products/akey_3153_b7c64349_0.jpg,https://autosleutel-specialist.nl/images/products/akey_3153_b7c64349_0.jpg
3154,funkschlussel-gehause-kompatibel-fur-peugeot-pgrc104,Funkschlüssel - Gehäuse kompatibel für Peugeot PGRC104,"Sleutelbehuizing · Opel, Peugeot · Funkschlüssel - Gehäuse kompatibel für PGR",behuizingen,sleutelbehuizing,"Opel, Peugeot",5.83,https://autosleutel-specialist.nl/images/products/akey_3154_ebf8232b_0.jpg,https://autosleutel-specialist.nl/images/products/akey_3154_ebf8232b_0.jpg | https://autosleutel-specialist.nl/images/products/akey_3154_ebf8232b_1.jpg
3155,funkschlussel-gehause-kompatibel-fur-peugeot-pgrc105,Funkschlüssel - Gehäuse kompatibel für Peugeot PGRC105,"Sleutelbehuizing · Opel, Peugeot · Funkschlüssel - Gehäuse kompatibel für PGR",behuizingen,sleutelbehuizing,"Opel, Peugeot",5.83,https://autosleutel-specialist.nl/images/products/akey_3155_ce2d4835_0.jpg,https://autosleutel-specialist.nl/images/products/akey_3155_ce2d4835_0.jpg
3156,funkschlussel-gehause-kompatibel-fur-peugeot-pgrc106,Funkschlüssel - Gehäuse kompatibel für Peugeot PGRC106,"Sleutelbehuizing · Opel, Peugeot · Funkschlüssel - Gehäuse kompatibel für PGR",behuizingen,sleutelbehuizing,"Opel, Peugeot",5.83,https://autosleutel-specialist.nl/images/products/akey_3156_4d24d120_0.jpg,https://autosleutel-specialist.nl/images/products/akey_3156_4d24d120_0.jpg
3157,funkschlussel-gehause-kompatibel-fur-porsche-porc102,Funkschlüssel-Gehäuse kompatibel für Porsche  - PORC102,Sleutelbehuizing · Porsche · Funkschlüssel-Gehäuse kompatibel für - POR,behuizingen,sleutelbehuizing,Porsche,5.57,https://autosleutel-specialist.nl/images/products/akey_3157_53b75a04_0.jpg,https://autosleutel-specialist.nl/images/products/akey_3157_53b75a04_0.jpg
3158,funkschlussel-gehause-kompatibel-fur-porsche-porc153,Funkschlüssel-Gehäuse kompatibel für Porsche  - PORC153,Sleutelbehuizing · Porsche · Funkschlüssel-Gehäuse kompatibel für - POR,behuizingen,sleutelbehuizing,Porsche,9.4,https://autosleutel-specialist.nl/images/products/akey_3158_5b884a34_0.jpg,https://autosleutel-specialist.nl/images/products/akey_3158_5b884a34_0.jpg | https://autosleutel-specialist.nl/images/products/akey_3158_5b884a34_1.jpg | https://autosleutel-specialist.nl/images/products/akey_3158_5b884a34_2.jpg
3159,funkschlussel-gehause-kompatibel-fur-porsche-porc157,Funkschlüssel-Gehäuse kompatibel für Porsche  - PORC157,Sleutelbehuizing · Porsche · Funkschlüssel-Gehäuse kompatibel für - POR,behuizingen,sleutelbehuizing,Porsche,5.57,https://autosleutel-specialist.nl/images/products/akey_3159_b62ab267_0.jpg,https://autosleutel-specialist.nl/images/products/akey_3159_b62ab267_0.jpg | https://autosleutel-specialist.nl/images/products/akey_3159_b62ab267_1.jpg | https://autosleutel-specialist.nl/images/products/akey_3159_b62ab267_2.jpg
3160,funkschlussel-gehause-kompatibel-fur-porsche-porc151,Funkschlüssel-Gehäuse kompatibel für Porsche - PORC151,Sleutelbehuizing · Porsche · Funkschlüssel-Gehäuse kompatibel für - POR,behuizingen,sleutelbehuizing,Porsche,11.78,https://autosleutel-specialist.nl/images/products/akey_3160_cc152791_0.jpg,https://autosleutel-specialist.nl/images/products/akey_3160_cc152791_0.jpg | https://autosleutel-specialist.nl/images/products/akey_3160_cc152791_1.jpg | https://autosleutel-specialist.nl/images/products/akey_3160_cc152791_2.jpg
3161,funkschlussel-gehause-kompatibel-fur-porsche-porc152,Funkschlüssel-Gehäuse kompatibel für Porsche- PORC152,Sleutelbehuizing · Porsche · Funkschlüssel-Gehäuse kompatibel für - POR,behuizingen,sleutelbehuizing,Porsche,7.08,https://autosleutel-specialist.nl/images/products/akey_3161_66567420_0.jpg,https://autosleutel-specialist.nl/images/products/akey_3161_66567420_0.jpg | https://autosleutel-specialist.nl/images/products/akey_3161_66567420_1.jpg | https://autosleutel-specialist.nl/images/products/akey_3161_66567420_2.jpg
3162,funkschlussel-gehause-kompatibel-fur-renault-rnrc112,Funkschlüssel-Gehäuse kompatibel für Renault   - RNRC112,Sleutelbehuizing · Renault · Funkschlüssel-Gehäuse kompatibel für - RNR,behuizingen,sleutelbehuizing,Renault,4.64,https://autosleutel-specialist.nl/images/products/akey_3162_b20ab528_0.jpg,https://autosleutel-specialist.nl/images/products/akey_3162_b20ab528_0.jpg | https://autosleutel-specialist.nl/images/products/akey_3162_b20ab528_1.jpg | https://autosleutel-specialist.nl/images/products/akey_3162_b20ab528_2.jpg
3163,funkschlussel-gehause-kompatibel-fur-renault-rnrc114,Funkschlüssel-Gehäuse kompatibel für Renault   - RNRC114,Sleutelbehuizing · Renault · Funkschlüssel-Gehäuse kompatibel für - RNR,behuizingen,sleutelbehuizing,Renault,4.17,https://autosleutel-specialist.nl/images/products/akey_3163_df221190_0.jpg,https://autosleutel-specialist.nl/images/products/akey_3163_df221190_0.jpg | https://autosleutel-specialist.nl/images/products/akey_3163_df221190_1.jpg | https://autosleutel-specialist.nl/images/products/akey_3163_df221190_2.jpg | https://autosleutel-specialist.nl/images/products/akey_3163_df221190_3.jpg
3164,funkschlussel-gehause-kompatibel-fur-renault-rnrc151,Funkschlüssel-Gehäuse kompatibel für Renault   - RNRC151,Sleutelbehuizing · Renault · Funkschlüssel-Gehäuse kompatibel für - RNR,behuizingen,sleutelbehuizing,Renault,2.62,https://autosleutel-specialist.nl/images/products/akey_3164_a372c102_0.jpg,https://autosleutel-specialist.nl/images/products/akey_3164_a372c102_0.jpg | https://autosleutel-specialist.nl/images/products/akey_3164_a372c102_1.jpg | https://autosleutel-specialist.nl/images/products/akey_3164_a372c102_2.jpg
3165,funkschlussel-gehause-kompatibel-fur-renault-rnrc101,Funkschlüssel-Gehäuse kompatibel für Renault  - RNRC101,Sleutelbehuizing · Renault · Funkschlüssel-Gehäuse kompatibel für - RNR,behuizingen,sleutelbehuizing,Renault,2.26,https://autosleutel-specialist.nl/images/products/akey_3165_1ccdf78a_0.jpg,https://autosleutel-specialist.nl/images/products/akey_3165_1ccdf78a_0.jpg | https://autosleutel-specialist.nl/images/products/akey_3165_1ccdf78a_1.jpg | https://autosleutel-specialist.nl/images/products/akey_3165_1ccdf78a_2.jpg
3166,funkschlussel-gehause-kompatibel-fur-renault-rnrc102,Funkschlüssel-Gehäuse kompatibel für Renault  - RNRC102,Sleutelbehuizing · Renault · Funkschlüssel-Gehäuse kompatibel für - RNR,behuizingen,sleutelbehuizing,Renault,2.26,https://autosleutel-specialist.nl/images/products/akey_3166_5d48c1b4_0.jpg,https://autosleutel-specialist.nl/images/products/akey_3166_5d48c1b4_0.jpg | https://autosleutel-specialist.nl/images/products/akey_3166_5d48c1b4_1.jpg | https://autosleutel-specialist.nl/images/products/akey_3166_5d48c1b4_2.jpg
3167,funkschlussel-gehause-kompatibel-fur-renault-rnrc103,Funkschlüssel-Gehäuse kompatibel für Renault  - RNRC103,"Sleutelbehuizing · Opel, Renault · Funkschlüssel-Gehäuse kompatibel für - RNR",behuizingen,sleutelbehuizing,"Opel, Renault",1.79,https://autosleutel-specialist.nl/images/products/akey_3167_34998471_0.jpg,https://autosleutel-specialist.nl/images/products/akey_3167_34998471_0.jpg | https://autosleutel-specialist.nl/images/products/akey_3167_34998471_1.jpg | https://autosleutel-specialist.nl/images/products/akey_3167_34998471_2.jpg
3168,funkschlussel-gehause-kompatibel-fur-renault-rnrc104,Funkschlüssel-Gehäuse kompatibel für Renault  - RNRC104,Sleutelbehuizing · Renault · Funkschlüssel-Gehäuse kompatibel für - RNR,behuizingen,sleutelbehuizing,Renault,2.26,https://autosleutel-specialist.nl/images/products/akey_3168_28e5833e_0.jpg,https://autosleutel-specialist.nl/images/products/akey_3168_28e5833e_0.jpg | https://autosleutel-specialist.nl/images/products/akey_3168_28e5833e_1.jpg | https://autosleutel-specialist.nl/images/products/akey_3168_28e5833e_2.jpg
3169,funkschlussel-gehause-kompatibel-fur-renault-rnrc105,Funkschlüssel-Gehäuse kompatibel für Renault  - RNRC105,Sleutelbehuizing · Renault · Funkschlüssel-Gehäuse kompatibel für - RNR,behuizingen,sleutelbehuizing,Renault,2.2,https://autosleutel-specialist.nl/images/products/akey_3169_d1b34f80_0.jpg,https://autosleutel-specialist.nl/images/products/akey_3169_d1b34f80_0.jpg | https://autosleutel-specialist.nl/images/products/akey_3169_d1b34f80_1.jpg | https://autosleutel-specialist.nl/images/products/akey_3169_d1b34f80_2.jpg
3170,funkschlussel-gehause-kompatibel-fur-renault-rnrc106,Funkschlüssel-Gehäuse kompatibel für Renault  - RNRC106,Sleutelbehuizing · Renault · Funkschlüssel-Gehäuse kompatibel für - RNR,behuizingen,sleutelbehuizing,Renault,2.74,https://autosleutel-specialist.nl/images/products/akey_3170_db87fef8_0.jpg,https://autosleutel-specialist.nl/images/products/akey_3170_db87fef8_0.jpg | https://autosleutel-specialist.nl/images/products/akey_3170_db87fef8_1.jpg | https://autosleutel-specialist.nl/images/products/akey_3170_db87fef8_2.jpg
3171,funkschlussel-gehause-kompatibel-fur-renault-rnrc107,Funkschlüssel-Gehäuse kompatibel für Renault  - RNRC107,"Sleutelbehuizing · Opel, Renault, Dacia · Funkschlüssel-Gehäuse kompatibel für - RNR",behuizingen,sleutelbehuizing,"Opel, Renault, Dacia",2.26,https://autosleutel-specialist.nl/images/products/akey_3171_f6cbd405_0.jpg,https://autosleutel-specialist.nl/images/products/akey_3171_f6cbd405_0.jpg | https://autosleutel-specialist.nl/images/products/akey_3171_f6cbd405_1.jpg | https://autosleutel-specialist.nl/images/products/akey_3171_f6cbd405_2.jpg
3172,funkschlussel-gehause-kompatibel-fur-renault-rnrc108,Funkschlüssel-Gehäuse kompatibel für Renault  - RNRC108,Sleutelbehuizing · Renault · Funkschlüssel-Gehäuse kompatibel für - RNR,behuizingen,sleutelbehuizing,Renault,2.98,https://autosleutel-specialist.nl/images/products/akey_3172_ca1301b0_0.jpg,https://autosleutel-specialist.nl/images/products/akey_3172_ca1301b0_0.jpg
3173,funkschlussel-gehause-kompatibel-fur-renault-rnrc109,Funkschlüssel-Gehäuse kompatibel für Renault  - RNRC109,Sleutelbehuizing · Renault · Funkschlüssel-Gehäuse kompatibel für - RNR,behuizingen,sleutelbehuizing,Renault,2.98,https://autosleutel-specialist.nl/images/products/akey_3173_afb02b4d_0.jpg,https://autosleutel-specialist.nl/images/products/akey_3173_afb02b4d_0.jpg | https://autosleutel-specialist.nl/images/products/akey_3173_afb02b4d_1.jpg
3174,funkschlussel-gehause-kompatibel-fur-renault-rnrc111,Funkschlüssel-Gehäuse kompatibel für Renault - RNRC111,Sleutelbehuizing · Renault · Funkschlüssel-Gehäuse kompatibel für - RNR,behuizingen,sleutelbehuizing,Renault,2.98,https://autosleutel-specialist.nl/images/products/akey_3174_e8af86b3_0.jpg,https://autosleutel-specialist.nl/images/products/akey_3174_e8af86b3_0.jpg
3175,funkschlussel-gehause-kompatibel-fur-renault-rnrc113,Funkschlüssel-Gehäuse kompatibel für Renault - RNRC113,Sleutelbehuizing · Renault · Funkschlüssel-Gehäuse kompatibel für - RNR,behuizingen,sleutelbehuizing,Renault,4.17,https://autosleutel-specialist.nl/images/products/akey_3175_3f9363cd_0.jpg,https://autosleutel-specialist.nl/images/products/akey_3175_3f9363cd_0.jpg | https://autosleutel-specialist.nl/images/products/akey_3175_3f9363cd_1.jpg | https://autosleutel-specialist.nl/images/products/akey_3175_3f9363cd_2.jpg
3176,funkschlussel-gehause-kompatibel-fur-renault-rnrc117,Funkschlüssel-Gehäuse kompatibel für Renault - RNRC117,Sleutelbehuizing · Renault · Funkschlüssel-Gehäuse kompatibel für - RNR,behuizingen,sleutelbehuizing,Renault,4.17,https://autosleutel-specialist.nl/images/products/akey_3176_79d720ca_0.jpg,https://autosleutel-specialist.nl/images/products/akey_3176_79d720ca_0.jpg | https://autosleutel-specialist.nl/images/products/akey_3176_79d720ca_1.jpg
3177,funkschlussel-gehause-kompatibel-fur-renault-rnrc159,Funkschlüssel-Gehäuse kompatibel für Renault - RNRC159,Sleutelbehuizing · Renault · Funkschlüssel-Gehäuse kompatibel für - RNR,behuizingen,sleutelbehuizing,Renault,5.83,https://autosleutel-specialist.nl/images/products/akey_3177_d342df0c_0.jpg,https://autosleutel-specialist.nl/images/products/akey_3177_d342df0c_0.jpg | https://autosleutel-specialist.nl/images/products/akey_3177_d342df0c_1.jpg
3178,funkschlussel-gehause-kompatibel-fur-renault-rnrc110,Funkschlüssel-Gehäuse kompatibel für Renault RNRC110,Sleutelbehuizing · Renault · Funkschlüssel-Gehäuse kompatibel für RNRC1,behuizingen,sleutelbehuizing,Renault,2.98,https://autosleutel-specialist.nl/images/products/akey_3178_3b357ff1_0.jpg,https://autosleutel-specialist.nl/images/products/akey_3178_3b357ff1_0.jpg
3179,funkschlussel-gehause-kompatibel-fur-renaut-rnrc152,Funkschlüssel-Gehäuse kompatibel für Renaut  - RNRC152,Sleutelbehuizing · Renault · Funkschlüssel-Gehäuse kompatibel für Renau,behuizingen,sleutelbehuizing,Renault,3.45,https://autosleutel-specialist.nl/images/products/akey_3179_8d0e0a2c_0.jpg,https://autosleutel-specialist.nl/images/products/akey_3179_8d0e0a2c_0.jpg | https://autosleutel-specialist.nl/images/products/akey_3179_8d0e0a2c_1.jpg | https://autosleutel-specialist.nl/images/products/akey_3179_8d0e0a2c_2.jpg
3180,funkschlussel-gehause-kompatibel-fur-saab-sarc101,Funkschlüssel-Gehäuse kompatibel für Saab - SARC101,Sleutelbehuizing · Funkschlüssel-Gehäuse kompatibel für Saab,behuizingen,sleutelbehuizing,,5.83,https://autosleutel-specialist.nl/images/products/akey_3180_b037fb64_0.jpg,https://autosleutel-specialist.nl/images/products/akey_3180_b037fb64_0.jpg | https://autosleutel-specialist.nl/images/products/akey_3180_b037fb64_1.jpg
3181,funkschlussel-gehause-kompatibel-fur-saab-sarc102,Funkschlüssel-Gehäuse kompatibel für Saab - SARC102,Sleutelbehuizing · Funkschlüssel-Gehäuse kompatibel für Saab,behuizingen,sleutelbehuizing,,5.83,https://autosleutel-specialist.nl/images/products/akey_3181_157b4eaf_0.jpg,https://autosleutel-specialist.nl/images/products/akey_3181_157b4eaf_0.jpg | https://autosleutel-specialist.nl/images/products/akey_3181_157b4eaf_1.jpg | https://autosleutel-specialist.nl/images/products/akey_3181_157b4eaf_2.jpg
3182,funkschlussel-gehause-kompatibel-fur-volkswagen-vvrc110,Funkschlüssel - Gehäuse kompatibel für Volkswagen  - VVRC110,"Sleutelbehuizing · Volkswagen, Seat, Škoda · Funkschlüssel - Gehäuse kompatibel für - V",behuizingen,sleutelbehuizing,"Volkswagen, Seat, Škoda",3.45,https://autosleutel-specialist.nl/images/products/akey_3182_b2dac72c_0.jpg,https://autosleutel-specialist.nl/images/products/akey_3182_b2dac72c_0.jpg | https://autosleutel-specialist.nl/images/products/akey_3182_b2dac72c_1.jpg
3183,funkschlussel-gehause-kompatibel-fur-volkswagen-vvrc104,Funkschlüssel - Gehäuse kompatibel für Volkswagen - VVRC104,Sleutelbehuizing · Volkswagen · Funkschlüssel - Gehäuse kompatibel für - V,behuizingen,sleutelbehuizing,Volkswagen,5.83,https://autosleutel-specialist.nl/images/products/akey_3183_15e4a188_0.jpg,https://autosleutel-specialist.nl/images/products/akey_3183_15e4a188_0.jpg | https://autosleutel-specialist.nl/images/products/akey_3183_15e4a188_1.jpg | https://autosleutel-specialist.nl/images/products/akey_3183_15e4a188_2.jpg
3184,funkschlussel-gehause-kompatibel-fur-volkswagen-vvrc109,Funkschlüssel - Gehäuse kompatibel für Volkswagen - VVRC109,"Sleutelbehuizing · Volkswagen, Seat, Škoda · Funkschlüssel - Gehäuse kompatibel für - V",behuizingen,sleutelbehuizing,"Volkswagen, Seat, Škoda",3.45,https://autosleutel-specialist.nl/images/products/akey_3184_50d3607d_0.jpg,https://autosleutel-specialist.nl/images/products/akey_3184_50d3607d_0.jpg | https://autosleutel-specialist.nl/images/products/akey_3184_50d3607d_1.jpg | https://autosleutel-specialist.nl/images/products/akey_3184_50d3607d_2.jpg
3185,funkschlussel-gehause-kompatibel-fur-volkswagen-vvrc114,Funkschlüssel - Gehäuse kompatibel für Volkswagen - VVRC114,Sleutelbehuizing · Volkswagen · Funkschlüssel - Gehäuse kompatibel für - V,behuizingen,sleutelbehuizing,Volkswagen,5.83,https://autosleutel-specialist.nl/images/products/akey_3185_7ad8685d_0.jpg,https://autosleutel-specialist.nl/images/products/akey_3185_7ad8685d_0.jpg | https://autosleutel-specialist.nl/images/products/akey_3185_7ad8685d_1.jpg
3186,funkschlussel-gehause-kompatibel-fur-volkswagen-vvrc115,Funkschlüssel - Gehäuse kompatibel für Volkswagen - VVRC115,"Sleutelbehuizing · Volkswagen, Seat, Škoda · Funkschlüssel - Gehäuse kompatibel für - V",behuizingen,sleutelbehuizing,"Volkswagen, Seat, Škoda",4.64,https://autosleutel-specialist.nl/images/products/akey_3186_f6b8e116_0.jpg,https://autosleutel-specialist.nl/images/products/akey_3186_f6b8e116_0.jpg | https://autosleutel-specialist.nl/images/products/akey_3186_f6b8e116_1.jpg
3187,funkschlussel-gehause-kompatibel-fur-volkswagen-vvrc105,Funkschlüssel-Gehäuse  kompatibel für Volkswagen  - VVRC105,Sleutelbehuizing · Volkswagen · Funkschlüssel-Gehäuse kompatibel für - VVR,behuizingen,sleutelbehuizing,Volkswagen,7.02,https://autosleutel-specialist.nl/images/products/akey_3187_4ec745dc_0.jpg,https://autosleutel-specialist.nl/images/products/akey_3187_4ec745dc_0.jpg | https://autosleutel-specialist.nl/images/products/akey_3187_4ec745dc_1.jpg | https://autosleutel-specialist.nl/images/products/akey_3187_4ec745dc_2.jpg
3188,funkschlussel-gehause-kompatibel-fur-volkswagen-vvrc119,Funkschlüssel-Gehäuse  kompatibel für Volkswagen  - VVRC119,Sleutelbehuizing · Volkswagen · Funkschlüssel-Gehäuse kompatibel für - VVR,behuizingen,sleutelbehuizing,Volkswagen,7.02,https://autosleutel-specialist.nl/images/products/akey_3188_e1fe1323_0.jpg,https://autosleutel-specialist.nl/images/products/akey_3188_e1fe1323_0.jpg | https://autosleutel-specialist.nl/images/products/akey_3188_e1fe1323_1.jpg | https://autosleutel-specialist.nl/images/products/akey_3188_e1fe1323_2.jpg
3189,funkschlussel-gehause-kompatibel-fur-volkswagen-vvrc150,Funkschlüssel-Gehäuse  kompatibel für Volkswagen  - VVRC150,"Sleutelbehuizing · Volkswagen, Audi · Funkschlüssel-Gehäuse kompatibel für - VVR",behuizingen,sleutelbehuizing,"Volkswagen, Audi",3.45,https://autosleutel-specialist.nl/images/products/akey_3189_b18437a6_0.jpg,https://autosleutel-specialist.nl/images/products/akey_3189_b18437a6_0.jpg | https://autosleutel-specialist.nl/images/products/akey_3189_b18437a6_1.jpg | https://autosleutel-specialist.nl/images/products/akey_3189_b18437a6_2.jpg
3190,funkschlussel-gehause-kompatibel-fur-volkswagen-vvrc152,Funkschlüssel-Gehäuse kompatibel für Volkswagen   - VVRC152,Sleutelbehuizing · Volkswagen · Funkschlüssel-Gehäuse kompatibel für - VVR,behuizingen,sleutelbehuizing,Volkswagen,2.98,https://autosleutel-specialist.nl/images/products/akey_3190_bc76c7b8_0.jpg,https://autosleutel-specialist.nl/images/products/akey_3190_bc76c7b8_0.jpg | https://autosleutel-specialist.nl/images/products/akey_3190_bc76c7b8_1.jpg | https://autosleutel-specialist.nl/images/products/akey_3190_bc76c7b8_2.jpg
3191,funkschlussel-gehause-kompatibel-fur-volkswagen-vvrc111,Funkschlüssel-Gehäuse kompatibel für Volkswagen - VVRC111,Sleutelbehuizing · Volkswagen · Funkschlüssel-Gehäuse kompatibel für - VVR,behuizingen,sleutelbehuizing,Volkswagen,3.81,https://autosleutel-specialist.nl/images/products/akey_3191_5ac1d9b2_0.jpg,https://autosleutel-specialist.nl/images/products/akey_3191_5ac1d9b2_0.jpg | https://autosleutel-specialist.nl/images/products/akey_3191_5ac1d9b2_1.jpg
3192,funkschlussel-gehause-kompatibel-fur-volkswagen-vvrc112,Funkschlüssel-Gehäuse kompatibel für Volkswagen - VVRC112,Sleutelbehuizing · Volkswagen · Funkschlüssel-Gehäuse kompatibel für - VVR,behuizingen,sleutelbehuizing,Volkswagen,3.81,https://autosleutel-specialist.nl/images/products/akey_3192_6f65b19e_0.jpg,https://autosleutel-specialist.nl/images/products/akey_3192_6f65b19e_0.jpg | https://autosleutel-specialist.nl/images/products/akey_3192_6f65b19e_1.jpg | https://autosleutel-specialist.nl/images/products/akey_3192_6f65b19e_2.jpg | https://autosleutel-specialist.nl/images/products/akey_3192_6f65b19e_3.jpg | https://autosleutel-specialist.nl/images/products/akey_3192_6f65b19e_4.jpg
3193,funkschlusselblatt-kompatibel-fur-volkswagen-vvrc107,Funkschlüsselblatt  kompatibel für Volkswagen - VVRC107,Sleutelbehuizing · Volkswagen · Funkschlüsselblatt kompatibel für - VVRC10,behuizingen,sleutelbehuizing,Volkswagen,7.02,https://autosleutel-specialist.nl/images/products/akey_3193_44cba0a5_0.jpg,https://autosleutel-specialist.nl/images/products/akey_3193_44cba0a5_0.jpg | https://autosleutel-specialist.nl/images/products/akey_3193_44cba0a5_1.jpg
3194,hu162xt-notschlussel-fur-smartkey,HU162XT - Notschlüssel für Smartkey,"Smart key · Volkswagen, Audi, Seat · HU162XT - Notschlüssel für Smartkey",smart-keys,smart key,"Volkswagen, Audi, Seat, Škoda",2.32,https://autosleutel-specialist.nl/images/products/akey_3194_fc67d75e_0.jpg,https://autosleutel-specialist.nl/images/products/akey_3194_fc67d75e_0.jpg | https://autosleutel-specialist.nl/images/products/akey_3194_fc67d75e_1.jpg
3195,smrc101-funkschlussel-gehause-kompatibel-fur-smart,SMRC101 - Funkschlüssel-Gehäuse kompatibel für SMART,Sleutelbehuizing · SMRC101 - Funkschlüssel-Gehäuse kompatibel,behuizingen,sleutelbehuizing,,3.45,https://autosleutel-specialist.nl/images/products/akey_3195_9e514dc0_0.jpg,https://autosleutel-specialist.nl/images/products/akey_3195_9e514dc0_0.jpg
3196,smrc102-funkschlussel-gehause-kompatibel-fur-smart,SMRC102 - Funkschlüssel-Gehäuse kompatibel für SMART,Sleutelbehuizing · SMRC102 - Funkschlüssel-Gehäuse kompatibel,behuizingen,sleutelbehuizing,,8.21,https://autosleutel-specialist.nl/images/products/akey_3196_35b7f78a_0.jpg,https://autosleutel-specialist.nl/images/products/akey_3196_35b7f78a_0.jpg | https://autosleutel-specialist.nl/images/products/akey_3196_35b7f78a_1.jpg | https://autosleutel-specialist.nl/images/products/akey_3196_35b7f78a_2.jpg | https://autosleutel-specialist.nl/images/products/akey_3196_35b7f78a_3.jpg
3197,smrc103-funkschlussel-gehause-kompatibel-fur-smart,SMRC103 - Funkschlüssel-Gehäuse kompatibel für SMART,Sleutelbehuizing · SMRC103 - Funkschlüssel-Gehäuse kompatibel,behuizingen,sleutelbehuizing,,3.45,https://autosleutel-specialist.nl/images/products/akey_3197_586620f6_0.jpg,https://autosleutel-specialist.nl/images/products/akey_3197_586620f6_0.jpg
3198,smrc104-funkschlussel-gehause-kompatibel-fur-smart,SMRC104 - Funkschlüssel-Gehäuse kompatibel für SMART,Sleutelbehuizing · SMRC104 - Funkschlüssel-Gehäuse kompatibel,behuizingen,sleutelbehuizing,,3.45,https://autosleutel-specialist.nl/images/products/akey_3198_ce6bb086_0.jpg,https://autosleutel-specialist.nl/images/products/akey_3198_ce6bb086_0.jpg
3199,smrc107-funkschlussel-gehause-kompatibel-fur-smart,SMRC107 - Funkschlüssel-Gehäuse kompatibel für SMART,Sleutelbehuizing · SMRC107 - Funkschlüssel-Gehäuse kompatibel,behuizingen,sleutelbehuizing,,3.45,https://autosleutel-specialist.nl/images/products/akey_3199_d597382a_0.jpg,https://autosleutel-specialist.nl/images/products/akey_3199_d597382a_0.jpg | https://autosleutel-specialist.nl/images/products/akey_3199_d597382a_1.jpg
3200,funkschlussel-gehause-kompatibel-fur-ssangyong-ssarc100,Funkschlüssel-Gehäuse kompatibel für SsangYong - SSARC100,Sleutelbehuizing · Funkschlüssel-Gehäuse kompatibel für Ssang,behuizingen,sleutelbehuizing,,4.17,https://autosleutel-specialist.nl/images/products/akey_3200_cfeaa5b4_0.jpg,https://autosleutel-specialist.nl/images/products/akey_3200_cfeaa5b4_0.jpg | https://autosleutel-specialist.nl/images/products/akey_3200_cfeaa5b4_1.jpg
3201,funkschlussel-gehause-kompatibel-fur-suzuki-surc105,Funkschlüssel-Gehäuse kompatibel für Suzuki   - SURC105,Sleutelbehuizing · Suzuki · Funkschlüssel-Gehäuse kompatibel für - SUR,behuizingen,sleutelbehuizing,Suzuki,2.98,https://autosleutel-specialist.nl/images/products/akey_3201_f068c111_0.jpg,https://autosleutel-specialist.nl/images/products/akey_3201_f068c111_0.jpg
3202,funkschlussel-gehause-kompatibel-fur-suzuki-surc104,Funkschlüssel-Gehäuse kompatibel für Suzuki  - SURC104,"Sleutelbehuizing · Suzuki, Chevrolet · Funkschlüssel-Gehäuse kompatibel für - SUR",behuizingen,sleutelbehuizing,"Suzuki, Chevrolet",2.26,https://autosleutel-specialist.nl/images/products/akey_3202_4d147105_0.jpg,https://autosleutel-specialist.nl/images/products/akey_3202_4d147105_0.jpg
3203,funkschlussel-gehause-kompatibel-fur-suzuki-surc106,Funkschlüssel-Gehäuse kompatibel für Suzuki  - SURC106,Sleutelbehuizing · Suzuki · Funkschlüssel-Gehäuse kompatibel für - SUR,behuizingen,sleutelbehuizing,Suzuki,2.74,https://autosleutel-specialist.nl/images/products/akey_3203_8fc9675c_0.jpg,https://autosleutel-specialist.nl/images/products/akey_3203_8fc9675c_0.jpg
3204,funkschlussel-gehause-kompatibel-fur-suzuki-surc150,Funkschlüssel-Gehäuse kompatibel für Suzuki  - SURC150,Sleutelbehuizing · Suzuki · Funkschlüssel-Gehäuse kompatibel für - SUR,behuizingen,sleutelbehuizing,Suzuki,14.04,https://autosleutel-specialist.nl/images/products/akey_3204_2a84a129_0.jpg,https://autosleutel-specialist.nl/images/products/akey_3204_2a84a129_0.jpg
3205,funkschlussel-gehause-kompatibel-fur-suzuki-surc151,Funkschlüssel-Gehäuse kompatibel für Suzuki  - SURC151,Sleutelbehuizing · Suzuki · Funkschlüssel-Gehäuse kompatibel für - SUR,behuizingen,sleutelbehuizing,Suzuki,2.74,https://autosleutel-specialist.nl/images/products/akey_3205_1b80e40c_0.jpg,https://autosleutel-specialist.nl/images/products/akey_3205_1b80e40c_0.jpg | https://autosleutel-specialist.nl/images/products/akey_3205_1b80e40c_1.jpg | https://autosleutel-specialist.nl/images/products/akey_3205_1b80e40c_2.jpg
3206,funkschlussel-gehause-kompatibel-fur-toyota-toyrc111,Funkschlüssel-Gehäuse kompatibel für Toyota  - TOYRC111,Sleutelbehuizing · Toyota · Funkschlüssel-Gehäuse kompatibel für - TOY,behuizingen,sleutelbehuizing,Toyota,1.79,https://autosleutel-specialist.nl/images/products/akey_3206_cc2295fc_0.jpg,https://autosleutel-specialist.nl/images/products/akey_3206_cc2295fc_0.jpg
3207,funkschlussel-gehause-kompatibel-fur-toyota-toyrc106,Funkschlüssel-Gehäuse kompatibel für Toyota - TOYRC106,Sleutelbehuizing · Toyota · Funkschlüssel-Gehäuse kompatibel für - TOY,behuizingen,sleutelbehuizing,Toyota,8.21,https://autosleutel-specialist.nl/images/products/akey_3207_eefe204c_0.jpg,https://autosleutel-specialist.nl/images/products/akey_3207_eefe204c_0.jpg
3208,funkschlussel-gehause-kompatibel-fur-volvo-volrc103,Funkschlüssel - Gehäuse kompatibel für Volvo - VOLRC103,Sleutelbehuizing · Volvo · Funkschlüssel - Gehäuse kompatibel für - V,behuizingen,sleutelbehuizing,Volvo,5.83,https://autosleutel-specialist.nl/images/products/akey_3208_799626ac_0.jpg,https://autosleutel-specialist.nl/images/products/akey_3208_799626ac_0.jpg | https://autosleutel-specialist.nl/images/products/akey_3208_799626ac_1.jpg
3209,funkschlussel-gehause-kompatibel-fur-volvo-volrc104,Funkschlüssel - Gehäuse kompatibel für Volvo - VOLRC104,Sleutelbehuizing · Volvo · Funkschlüssel - Gehäuse kompatibel für - V,behuizingen,sleutelbehuizing,Volvo,5.83,https://autosleutel-specialist.nl/images/products/akey_3209_56886e84_0.jpg,https://autosleutel-specialist.nl/images/products/akey_3209_56886e84_0.jpg | https://autosleutel-specialist.nl/images/products/akey_3209_56886e84_1.jpg
3210,funkschlussel-gehause-kompatibel-fur-volvo-volrc105,Funkschlüssel - Gehäuse kompatibel für Volvo - VOLRC105,Sleutelbehuizing · Volvo · Funkschlüssel - Gehäuse kompatibel für - V,behuizingen,sleutelbehuizing,Volvo,4.64,https://autosleutel-specialist.nl/images/products/akey_3210_b9f9273e_0.jpg,https://autosleutel-specialist.nl/images/products/akey_3210_b9f9273e_0.jpg
3211,funkschlussel-gehause-kompatibel-fur-volvo-volrc106,Funkschlüssel - Gehäuse kompatibel für Volvo - VOLRC106,Sleutelbehuizing · Volvo · Funkschlüssel - Gehäuse kompatibel für - V,behuizingen,sleutelbehuizing,Volvo,4.64,https://autosleutel-specialist.nl/images/products/akey_3211_f2d6e596_0.jpg,https://autosleutel-specialist.nl/images/products/akey_3211_f2d6e596_0.jpg
3212,cy16-notschlussel,CY16 Notschlüssel,Sleutelbehuizing · CY16 Notschlüssel,behuizingen,noodsleutel,,3.57,https://autosleutel-specialist.nl/images/products/akey_3212_172ca88d_0.jpg,https://autosleutel-specialist.nl/images/products/akey_3212_172ca88d_0.jpg
3213,fo21ap-schlusselblatt-horseshoe-kompatibel-fur-ford,FO21AP Schlüsselblatt Horseshoe kompatibel für FORD,Sleutelbehuizing · Ford · FO21AP Schlüsselblatt Horseshoe kompatibel,behuizingen,sleutelbehuizing,Ford,1.79,https://autosleutel-specialist.nl/images/products/akey_3213_ecf2f5ed_0.jpg,https://autosleutel-specialist.nl/images/products/akey_3213_ecf2f5ed_0.jpg | https://autosleutel-specialist.nl/images/products/akey_3213_ecf2f5ed_1.jpg | https://autosleutel-specialist.nl/images/products/akey_3213_ecf2f5ed_2.jpg
3214,hu1001g-notschlussel-schlusselblatt-fur-ford,HU1001G Notschlüssel Schlüsselblatt für Ford,Sleutelbehuizing · Ford · HU1001G Notschlüssel Schlüsselblatt für,behuizingen,noodsleutel,Ford,3.57,https://autosleutel-specialist.nl/images/products/akey_3214_633fcaba_0.jpg,https://autosleutel-specialist.nl/images/products/akey_3214_633fcaba_0.jpg
3215,hu100b-notschlussel-schlusselblatt-fur-opel,HU100B Notschlüssel Schlüsselblatt für Opel,Sleutelbehuizing · Opel · HU100B Notschlüssel Schlüsselblatt für,behuizingen,noodsleutel,Opel,3.57,https://autosleutel-specialist.nl/images/products/akey_3215_af895073_0.jpg,https://autosleutel-specialist.nl/images/products/akey_3215_af895073_0.jpg
3216,hu100bt-schlusselblatt-horseshoe-kompatibel-fur-opel,HU100BT Schlüsselblatt Horseshoe kompatibel für Opel,Accessoire · Opel · HU100BT Schlüsselblatt Horseshoe kompatibe,,,Opel,1.79,https://autosleutel-specialist.nl/images/products/akey_3216_dae62737_0.jpg,https://autosleutel-specialist.nl/images/products/akey_3216_dae62737_0.jpg
3217,hu100rb-schlusselblatt-notschlussel-fur-bmw,HU100RB Schlüsselblatt Notschlüssel für BMW,Sleutelbehuizing · BMW · HU100RB Schlüsselblatt Notschlüssel für,behuizingen,noodsleutel,BMW,3.57,https://autosleutel-specialist.nl/images/products/akey_3217_4c346d52_0.jpg,https://autosleutel-specialist.nl/images/products/akey_3217_4c346d52_0.jpg
3219,hu101fo-notschlussel-geeignet-fur-ford,HU101FO Notschlüssel geeignet für Ford,Sleutelbehuizing · Ford · HU101FO Notschlüssel geeignet für,behuizingen,noodsleutel,Ford,2.26,https://autosleutel-specialist.nl/images/products/akey_3219_c2fcbf2a_0.jpg,https://autosleutel-specialist.nl/images/products/akey_3219_c2fcbf2a_0.jpg | https://autosleutel-specialist.nl/images/products/akey_3219_c2fcbf2a_1.jpg
3220,hu101lan-notschlussel-geeignet-fur-landrover,HU101LAN Notschlüssel geeignet für Landrover,Sleutelbehuizing · Land Rover · HU101LAN Notschlüssel geeignet für Landrov,behuizingen,noodsleutel,Land Rover,2.26,https://autosleutel-specialist.nl/images/products/akey_3220_69819021_0.jpg,https://autosleutel-specialist.nl/images/products/akey_3220_69819021_0.jpg | https://autosleutel-specialist.nl/images/products/akey_3220_69819021_1.jpg
3221,hu101vol-notschlussel-geeignet-fur-volvo,HU101VOL Notschlüssel geeignet für Volvo,Sleutelbehuizing · Volvo · HU101VOL Notschlüssel geeignet für,behuizingen,noodsleutel,Volvo,2.26,https://autosleutel-specialist.nl/images/products/akey_3221_3442bd1b_0.jpg,https://autosleutel-specialist.nl/images/products/akey_3221_3442bd1b_0.jpg | https://autosleutel-specialist.nl/images/products/akey_3221_3442bd1b_1.jpg
3222,hu133rn-notschlussel,HU133RN Notschlüssel,"Sleutelbehuizing · Opel, Suzuki · HU133RN Notschlüssel",behuizingen,noodsleutel,"Opel, Suzuki",3.57,https://autosleutel-specialist.nl/images/products/akey_3222_741fcf78_0.jpg,https://autosleutel-specialist.nl/images/products/akey_3222_741fcf78_0.jpg
3223,hu200-notschlussel-schlusselblatt-fur-bmw-mini,HU200 Notschlüssel Schlüsselblatt für BMW Mini,"Sleutelbehuizing · BMW, Mini · HU200 Notschlüssel Schlüsselblatt für",behuizingen,noodsleutel,"BMW, Mini",3.57,https://autosleutel-specialist.nl/images/products/akey_3223_2b634bfa_0.jpg,https://autosleutel-specialist.nl/images/products/akey_3223_2b634bfa_0.jpg
3224,hu200r-a-notschlussel-geeignet-fur-bmw,HU200R (A) Notschlüssel geeignet für BMW,Sleutelbehuizing · BMW · HU200R A Notschlüssel geeignet für,behuizingen,noodsleutel,BMW,3.57,https://autosleutel-specialist.nl/images/products/akey_3224_1380bc80_0.jpg,https://autosleutel-specialist.nl/images/products/akey_3224_1380bc80_0.jpg
3225,hu64-b-notschlussel,HU64 (B) Notschlüssel,Sleutelbehuizing · HU64 B Notschlüssel,behuizingen,noodsleutel,,3.57,https://autosleutel-specialist.nl/images/products/akey_3225_958a8b08_0.jpg,https://autosleutel-specialist.nl/images/products/akey_3225_958a8b08_0.jpg
3226,hu64-c-notschlussel,HU64 (C) Notschlüssel,Sleutelbehuizing · Mercedes-Benz · HU64 C Notschlüssel,behuizingen,noodsleutel,Mercedes-Benz,3.57,https://autosleutel-specialist.nl/images/products/akey_3226_b43fc438_0.jpg,https://autosleutel-specialist.nl/images/products/akey_3226_b43fc438_0.jpg
3227,hu64-d-notschlussel-fur-bzr115,HU64 (D) Notschlüssel für BZR115,Sleutelbehuizing · Mercedes-Benz · HU64 D Notschlüssel für BZR115,behuizingen,noodsleutel,Mercedes-Benz,3.57,https://autosleutel-specialist.nl/images/products/akey_3227_8d3b4b92_0.jpg,https://autosleutel-specialist.nl/images/products/akey_3227_8d3b4b92_0.jpg
3228,hu64-e-notschlussel,HU64 (E) Notschlüssel,Sleutelbehuizing · Mercedes-Benz · HU64 E Notschlüssel,behuizingen,noodsleutel,Mercedes-Benz,3.57,https://autosleutel-specialist.nl/images/products/akey_3228_c4ac7c0b_0.jpg,https://autosleutel-specialist.nl/images/products/akey_3228_c4ac7c0b_0.jpg
3229,hu64-f,HU64 (F),Sleutelbehuizing · Mercedes-Benz · HU64 F,behuizingen,noodsleutel,Mercedes-Benz,3.57,https://autosleutel-specialist.nl/images/products/akey_3229_2ae8d252_0.jpg,https://autosleutel-specialist.nl/images/products/akey_3229_2ae8d252_0.jpg
3230,hu64mb-notschlussel-geeignet-fur-mercedes,HU64MB Notschlüssel geeignet für Mercedes,Sleutelbehuizing · Mercedes-Benz · HU64MB Notschlüssel geeignet für,behuizingen,noodsleutel,Mercedes-Benz,2.26,https://autosleutel-specialist.nl/images/products/akey_3230_328e6736_0.jpg,https://autosleutel-specialist.nl/images/products/akey_3230_328e6736_0.jpg
3231,hu87n-notschlussel,HU87N Notschlüssel,Sleutelbehuizing · Suzuki · HU87N Notschlüssel,behuizingen,noodsleutel,Suzuki,3.57,https://autosleutel-specialist.nl/images/products/akey_3231_24ccc223_0.jpg,https://autosleutel-specialist.nl/images/products/akey_3231_24ccc223_0.jpg | https://autosleutel-specialist.nl/images/products/akey_3231_24ccc223_1.jpg
3232,hu92r-b-schlusselblatt-notschlussel,HU92R (B) Schlüsselblatt Notschlüssel,Sleutelbehuizing · BMW · HU92R B Schlüsselblatt Notschlüssel,behuizingen,noodsleutel,BMW,3.57,https://autosleutel-specialist.nl/images/products/akey_3232_199bc9be_0.jpg,https://autosleutel-specialist.nl/images/products/akey_3232_199bc9be_0.jpg
3233,hu92rbw-notschlussel-geeignet-fur-bmw,HU92RBW Notschlüssel geeignet für BMW,Sleutelbehuizing · BMW · HU92RBW Notschlüssel geeignet für,behuizingen,noodsleutel,BMW,2.26,https://autosleutel-specialist.nl/images/products/akey_3233_67f5db87_0.jpg,https://autosleutel-specialist.nl/images/products/akey_3233_67f5db87_0.jpg | https://autosleutel-specialist.nl/images/products/akey_3233_67f5db87_1.jpg
3234,kia7a-notschlussel-schlusselblatt-fur-hyenai-en-kia,KIA7A Notschlüssel Schlüsselblatt für Hyenai en Kia,Sleutelbehuizing · Kia · KIA7A Notschlüssel Schlüsselblatt für Hyen,behuizingen,noodsleutel,Kia,3.57,https://autosleutel-specialist.nl/images/products/akey_3234_b3237b9f_0.jpg,https://autosleutel-specialist.nl/images/products/akey_3234_b3237b9f_0.jpg
3235,kia7b-notschlussel-schlusselblatt-fur-hyenai-en-kia,KIA7B Notschlüssel Schlüsselblatt für Hyenai en Kia,Sleutelbehuizing · Kia · KIA7B Notschlüssel Schlüsselblatt für Hyen,behuizingen,noodsleutel,Kia,3.57,https://autosleutel-specialist.nl/images/products/akey_3235_f1abbf5e_0.jpg,https://autosleutel-specialist.nl/images/products/akey_3235_f1abbf5e_0.jpg
3236,kia7c-notschlussel-schlusselblatt-fur-hyenai-en-kia,KIA7C Notschlüssel Schlüsselblatt für Hyenai en Kia,Sleutelbehuizing · Kia · KIA7C Notschlüssel Schlüsselblatt für Hyen,behuizingen,noodsleutel,Kia,3.57,https://autosleutel-specialist.nl/images/products/akey_3236_1367f914_0.jpg,https://autosleutel-specialist.nl/images/products/akey_3236_1367f914_0.jpg
3237,maz24rn-notschlussel-fur-smartkey,MAZ24RN Notschlüssel für Smartkey,Smart key · Mazda · MAZ24RN Notschlüssel für Smartkey,smart-keys,smart key,Mazda,3.57,https://autosleutel-specialist.nl/images/products/akey_3237_17ab89ca_0.jpg,https://autosleutel-specialist.nl/images/products/akey_3237_17ab89ca_0.jpg
3238,nsn14a-notschlussel-fur-smartkeycard,NSN14A Notschlüssel für Smartkeycard,Smart key · NSN14A Notschlüssel für Smartkeycard,smart-keys,smart key,,3.57,https://autosleutel-specialist.nl/images/products/akey_3238_8fd98c7b_0.jpg,https://autosleutel-specialist.nl/images/products/akey_3238_8fd98c7b_0.jpg
3239,48-transponder-ts48-48chip,48 Transponder TS48 - 48Chip,"Transponderchip · Volkswagen, Audi, Volvo · 48 Transponder TS48 - 48Chip",transponders,transponder,"Volkswagen, Audi, Volvo, Seat, Škoda",3.45,https://autosleutel-specialist.nl/images/products/akey_3239_baec1240_0.jpg,https://autosleutel-specialist.nl/images/products/akey_3239_baec1240_0.jpg
3240,kristall-13-5600-mhz,Kristall 13.5600 MHz,Transponderchip · Mercedes-Benz · Kristall 13.5600 MHz,transponders,transponder,Mercedes-Benz,2.62,https://autosleutel-specialist.nl/images/products/akey_3240_5dbba77f_0.jpg,https://autosleutel-specialist.nl/images/products/akey_3240_5dbba77f_0.jpg
3241,megamos-aes-transponder,MEGAMOS AES TRANSPONDER,"Transponderchip · Volkswagen, Fiat · MEGAMOS AES TRANSPONDER",transponders,transponder,"Volkswagen, Fiat",10.71,https://autosleutel-specialist.nl/images/products/akey_3241_a7865a30_0.jpg,https://autosleutel-specialist.nl/images/products/akey_3241_a7865a30_0.jpg | https://autosleutel-specialist.nl/images/products/akey_3241_a7865a30_1.jpg
3242,toyota-g-chip,Toyota G Chip,Transponderchip · Toyota · G Chip,transponders,transponder,Toyota,5.83,https://autosleutel-specialist.nl/images/products/akey_3242_a61665b1_0.jpg,https://autosleutel-specialist.nl/images/products/akey_3242_a61665b1_0.jpg
3243,transponder-8e-type-2,Transponder  8E   Type 2,Transponderchip · Transponder 8E Type 2,transponders,transponder,,15.35,https://autosleutel-specialist.nl/images/products/akey_3243_e714cf5e_0.jpg,https://autosleutel-specialist.nl/images/products/akey_3243_e714cf5e_0.jpg | https://autosleutel-specialist.nl/images/products/akey_3243_e714cf5e_1.jpg
3244,transponder-4d60-80bit,Transponder -  4D60 80Bit,Transponderchip · Transponder - 4D60 80Bit,transponders,transponder,,4.41,https://autosleutel-specialist.nl/images/products/akey_3244_880f385d_0.jpg,https://autosleutel-specialist.nl/images/products/akey_3244_880f385d_0.jpg
3245,transponder-4d60-80bit-glas,Transponder -  4D60 80Bit Glas,Transponderchip · Transponder - 4D60 80Bit Glas,transponders,transponder,,4.41,https://autosleutel-specialist.nl/images/products/akey_3245_9a5de3ba_0.jpg,https://autosleutel-specialist.nl/images/products/akey_3245_9a5de3ba_0.jpg
3246,transponder-4d67,Transponder -  4D67,Transponderchip · Transponder - 4D67,transponders,transponder,,5.36,https://autosleutel-specialist.nl/images/products/akey_3246_b27914e0_0.jpg,https://autosleutel-specialist.nl/images/products/akey_3246_b27914e0_0.jpg
3247,transponder-pcf7936-china,Transponder -  PCF7936 China,Transponderchip · Transponder - PCF7936 China,transponders,transponder,,2.32,https://autosleutel-specialist.nl/images/products/akey_3247_15b5776f_0.jpg,https://autosleutel-specialist.nl/images/products/akey_3247_15b5776f_0.jpg
3248,transponder-160d0wq,Transponder - 160D0WQ,Transponderchip · BMW · Transponder - 160D0WQ,transponders,transponder,BMW,32.73,https://autosleutel-specialist.nl/images/products/akey_3248_be6b657d_0.jpg,https://autosleutel-specialist.nl/images/products/akey_3248_be6b657d_0.jpg
3249,transponder-cn2-4d-chip,Transponder - CN2 - 4D Chip,Transponderchip · Transponder - CN2 - 4D Chip,transponders,transponder,,8,https://autosleutel-specialist.nl/images/products/akey_3249_2755f936_0.jpg,https://autosleutel-specialist.nl/images/products/akey_3249_2755f936_0.jpg
3250,transponder-4dh,Transponder 4DH,Transponderchip · Toyota · Transponder 4DH,transponders,transponder,Toyota,7.74,https://autosleutel-specialist.nl/images/products/akey_3250_0ed063a2_0.jpg,https://autosleutel-specialist.nl/images/products/akey_3250_0ed063a2_0.jpg | https://autosleutel-specialist.nl/images/products/akey_3250_0ed063a2_1.jpg
3251,transponder-8a,Transponder 8A,Transponderchip · Toyota · Transponder 8A,transponders,transponder,Toyota,5.36,https://autosleutel-specialist.nl/images/products/akey_3251_d2815f3c_0.jpg,https://autosleutel-specialist.nl/images/products/akey_3251_d2815f3c_0.jpg
3252,transponder-gkm,Transponder GKM,Transponderchip · Transponder GKM,transponders,transponder,,20.11,https://autosleutel-specialist.nl/images/products/akey_3252_60625516_0.jpg,https://autosleutel-specialist.nl/images/products/akey_3252_60625516_0.jpg
3253,transponder-glass-t05,Transponder Glass T05,Transponderchip · Transponder Glass T05,transponders,transponder,,3.21,https://autosleutel-specialist.nl/images/products/akey_3253_346def12_0.jpg,https://autosleutel-specialist.nl/images/products/akey_3253_346def12_0.jpg
3254,transponder-jmd-king-blue,Transponder JMD King blue,Transponderchip · Transponder JMD King blue,transponders,transponder,,3.57,https://autosleutel-specialist.nl/images/products/akey_3254_a731e0e2_0.jpg,https://autosleutel-specialist.nl/images/products/akey_3254_a731e0e2_0.jpg
3255,transponder-nova-t5,Transponder Nova T5,Transponderchip · Transponder Nova T5,transponders,transponder,,3.21,https://autosleutel-specialist.nl/images/products/akey_3255_180c2c1c_0.jpg,https://autosleutel-specialist.nl/images/products/akey_3255_180c2c1c_0.jpg | https://autosleutel-specialist.nl/images/products/akey_3255_180c2c1c_1.jpg
3256,transponder-pcf7938,Transponder PCF7938,Transponderchip · Transponder PCF7938,transponders,transponder,,4.17,https://autosleutel-specialist.nl/images/products/akey_3256_9a4fbc75_0.jpg,https://autosleutel-specialist.nl/images/products/akey_3256_9a4fbc75_0.jpg
3257,transponder-pcf7939fh,Transponder PCF7939FH,Transponderchip · Ford · Transponder PCF7939FH,transponders,transponder,Ford,4.81,https://autosleutel-specialist.nl/images/products/akey_3257_b3c203e8_0.jpg,https://autosleutel-specialist.nl/images/products/akey_3257_b3c203e8_0.jpg
3258,transponder-pcf7939ma-h-k-r-psa,"Transponder PCF7939MA H/K, R, PSA","Transponderchip · Renault, Kia · Transponder PCF7939MA H/K R PSA",transponders,transponder,"Renault, Kia",8.21,https://autosleutel-specialist.nl/images/products/akey_3258_1ce8b276_0.jpg,https://autosleutel-specialist.nl/images/products/akey_3258_1ce8b276_0.jpg
3260,transponder-philips-pcf7946,Transponder Philips -  PCF7946,Transponderchip · Transponder Philips - PCF7946,transponders,transponder,,8.09,https://autosleutel-specialist.nl/images/products/akey_3260_c63f88f1_0.jpg,https://autosleutel-specialist.nl/images/products/akey_3260_c63f88f1_0.jpg
3261,bw9t-leergehause-motorrad-kompatibel-fur-bmw,BW9T Leergehäuse-Motorrad kompatibel für BMW,Sleutelbehuizing · BMW · BW9T Leergehäuse-Motorrad kompatibel für,behuizingen,sleutelbehuizing,BMW,1.79,https://autosleutel-specialist.nl/images/products/akey_3261_3f837a35_0.jpg,https://autosleutel-specialist.nl/images/products/akey_3261_3f837a35_0.jpg
3262,chrc104t-transponderschlussel-kompatibel-fur-chevrolet,CHRC104T Transponderschlüssel kompatibel für Chevrolet,Transponderchip · Chevrolet · CHRC104T Transponderschlüssel kompatibel f,transponders,transponder,Chevrolet,1.79,https://autosleutel-specialist.nl/images/products/akey_3262_b87f5c39_0.jpg,https://autosleutel-specialist.nl/images/products/akey_3262_b87f5c39_0.jpg
3263,chv100-leergehause-kompatibel-fur-chevrolet,CHV100 Leergehäuse kompatibel für Chevrolet,"Sleutelbehuizing · Opel, Chevrolet · CHV100 Leergehäuse kompatibel für",behuizingen,sleutelbehuizing,"Opel, Chevrolet",1.79,https://autosleutel-specialist.nl/images/products/akey_3263_39ee69f0_0.jpg,https://autosleutel-specialist.nl/images/products/akey_3263_39ee69f0_0.jpg
3264,cy24t-cy16t-leergehause-kompatibel-fur-chrysler,CY24T  CY16T Leergehäuse kompatibel für Chrysler,"Sleutelbehuizing · Chrysler, Dodge · CY24T CY16T Leergehäuse kompatibel für",behuizingen,sleutelbehuizing,"Chrysler, Dodge",1.79,https://autosleutel-specialist.nl/images/products/akey_3264_3990cdf6_0.jpg,https://autosleutel-specialist.nl/images/products/akey_3264_3990cdf6_0.jpg
3265,dat17t-leergehause-kompatibel-fur-nissan,DAT17T  Leergehäuse kompatibel für Nissan,"Sleutelbehuizing · Nissan, Subaru · DAT17T Leergehäuse kompatibel für",behuizingen,sleutelbehuizing,"Nissan, Subaru",1.79,https://autosleutel-specialist.nl/images/products/akey_3265_54fb11ee_0.jpg,https://autosleutel-specialist.nl/images/products/akey_3265_54fb11ee_0.jpg
3266,dwo4rt-leergehause-kompatibel-fur-chevrolet,DWO4RT Leergehäuse kompatibel für Chevrolet,Sleutelbehuizing · Chevrolet · DWO4RT Leergehäuse kompatibel für,behuizingen,sleutelbehuizing,Chevrolet,1.79,https://autosleutel-specialist.nl/images/products/akey_3266_f9456cd7_0.jpg,https://autosleutel-specialist.nl/images/products/akey_3266_f9456cd7_0.jpg | https://autosleutel-specialist.nl/images/products/akey_3266_f9456cd7_1.jpg
3267,dwo4t-leergehause-kompatibel-fur-chevrolet,DWO4T Leergehäuse kompatibel für Chevrolet,Sleutelbehuizing · Chevrolet · DWO4T Leergehäuse kompatibel für,behuizingen,sleutelbehuizing,Chevrolet,1.79,https://autosleutel-specialist.nl/images/products/akey_3267_12311715_0.jpg,https://autosleutel-specialist.nl/images/products/akey_3267_12311715_0.jpg
3268,dwo5rt-leergehause-kompatibel-fur-daewoo,DWO5RT Leergehäuse kompatibel für Daewoo,Sleutelbehuizing · Chevrolet · DWO5RT Leergehäuse kompatibel für Daewoo,behuizingen,sleutelbehuizing,Chevrolet,1.79,https://autosleutel-specialist.nl/images/products/akey_3268_70889cb1_0.jpg,https://autosleutel-specialist.nl/images/products/akey_3268_70889cb1_0.jpg
3269,dwo5t-leergehause-kompatibel-fur-chrysler,DWO5T Leergehäuse kompatibel für Chrysler,"Sleutelbehuizing · Opel, Chevrolet, Chrysler · DWO5T Leergehäuse kompatibel für",behuizingen,sleutelbehuizing,"Opel, Chevrolet, Chrysler",1.79,https://autosleutel-specialist.nl/images/products/akey_3269_509d0b6d_0.jpg,https://autosleutel-specialist.nl/images/products/akey_3269_509d0b6d_0.jpg
3270,fo21t-leergehause-kompatibel-fur-ford,FO21T Leergehäuse kompatibel für Ford,"Sleutelbehuizing · Ford, Mazda · FO21T Leergehäuse kompatibel für",behuizingen,sleutelbehuizing,"Ford, Mazda",1.79,https://autosleutel-specialist.nl/images/products/akey_3270_a935bfa4_0.jpg,https://autosleutel-specialist.nl/images/products/akey_3270_a935bfa4_0.jpg
3271,fo38rt-leergehause-kompatibel-fur-ford,FO38RT Leergehäuse kompatibel für Ford,"Sleutelbehuizing · Ford, Mazda · FO38RT Leergehäuse kompatibel für",behuizingen,sleutelbehuizing,"Ford, Mazda",1.79,https://autosleutel-specialist.nl/images/products/akey_3271_dbb21e3d_0.jpg,https://autosleutel-specialist.nl/images/products/akey_3271_dbb21e3d_0.jpg | https://autosleutel-specialist.nl/images/products/akey_3271_dbb21e3d_1.jpg
3272,gm15t-leergehause-kompatibel-fur-gm,GM15T  Leergehäuse kompatibel für GM,Sleutelbehuizing · Opel · GM15T Leergehäuse kompatibel für GM,behuizingen,sleutelbehuizing,Opel,1.79,https://autosleutel-specialist.nl/images/products/akey_3272_21f76f32_0.jpg,https://autosleutel-specialist.nl/images/products/akey_3272_21f76f32_0.jpg
3273,gt10t-leergehause-kompatibel-fur-fiat,GT10T Leergehäuse kompatibel für Fiat,"Sleutelbehuizing · Citroën, Peugeot, Fiat · GT10T Leergehäuse kompatibel für",behuizingen,sleutelbehuizing,"Citroën, Peugeot, Fiat, Iveco",1.79,https://autosleutel-specialist.nl/images/products/akey_3273_088ae9b9_0.jpg,https://autosleutel-specialist.nl/images/products/akey_3273_088ae9b9_0.jpg
3274,gt15rt-leergehause-kompatibel-fur-fiat,GT15RT Leergehäuse kompatibel für Fiat,Sleutelbehuizing · Fiat · GT15RT Leergehäuse kompatibel für,behuizingen,sleutelbehuizing,Fiat,1.79,https://autosleutel-specialist.nl/images/products/akey_3274_2a741022_0.jpg,https://autosleutel-specialist.nl/images/products/akey_3274_2a741022_0.jpg
3275,hon58rt-leergehause-kompatibel-fur-honda,HON58RT Leergehäuse kompatibel für Honda,"Sleutelbehuizing · Opel, Honda · HON58RT Leergehäuse kompatibel für",behuizingen,sleutelbehuizing,"Opel, Honda",1.79,https://autosleutel-specialist.nl/images/products/akey_3275_94d4073f_0.jpg,https://autosleutel-specialist.nl/images/products/akey_3275_94d4073f_0.jpg
3276,hon66t-leergehause-kompatibel-fur-honda,HON66T Leergehäuse kompatibel für Honda,Sleutelbehuizing · Honda · HON66T Leergehäuse kompatibel für,behuizingen,sleutelbehuizing,Honda,1.79,https://autosleutel-specialist.nl/images/products/akey_3276_3b61582f_0.jpg,https://autosleutel-specialist.nl/images/products/akey_3276_3b61582f_0.jpg | https://autosleutel-specialist.nl/images/products/akey_3276_3b61582f_1.jpg
3277,hon70t-leergehause-kompatibel-fur-honda,HON70T Leergehäuse kompatibel für Honda,Sleutelbehuizing · Honda · HON70T Leergehäuse kompatibel für,behuizingen,sleutelbehuizing,Honda,1.79,https://autosleutel-specialist.nl/images/products/akey_3277_b1463887_0.jpg,https://autosleutel-specialist.nl/images/products/akey_3277_b1463887_0.jpg
3278,hon77t-leergehause-kompatibel-fur-honda,HON77T Leergehäuse kompatibel für Honda,Sleutelbehuizing · Honda · HON77T Leergehäuse kompatibel für,behuizingen,sleutelbehuizing,Honda,1.79,https://autosleutel-specialist.nl/images/products/akey_3278_55621e79_0.jpg,https://autosleutel-specialist.nl/images/products/akey_3278_55621e79_0.jpg
3279,hon84rte-transponderschlussel-geeignet-fur-honda,HON84RTE Transponderschlüssel geeignet für Honda,Transponderchip · Honda · HON84RTE Transponderschlüssel geeignet für,transponders,transponder,Honda,1.79,https://autosleutel-specialist.nl/images/products/akey_3279_3ad8e608_0.jpg,https://autosleutel-specialist.nl/images/products/akey_3279_3ad8e608_0.jpg
3280,hon84te-transponderschlussel-geeignet-fur-honda,HON84TE Transponderschlüssel geeignet für Honda,Transponderchip · Honda · HON84TE Transponderschlüssel geeignet für,transponders,transponder,Honda,1.79,https://autosleutel-specialist.nl/images/products/akey_3280_47cff9e7_0.jpg,https://autosleutel-specialist.nl/images/products/akey_3280_47cff9e7_0.jpg
3281,hu100at-leergehause-horseshoe-kompatibel-fur-opel,HU100AT Leergehäuse - Horseshoe kompatibel für Opel,Sleutelbehuizing · Opel · HU100AT Leergehäuse - Horseshoe kompatibel,behuizingen,sleutelbehuizing,Opel,1.79,https://autosleutel-specialist.nl/images/products/akey_3281_5e5c0c12_0.jpg,https://autosleutel-specialist.nl/images/products/akey_3281_5e5c0c12_0.jpg
3282,hu100t-leergehause-kompatibel-fur-opel,HU100T Leergehäuse kompatibel für Opel,"Sleutelbehuizing · Opel, Chevrolet · HU100T Leergehäuse kompatibel für",behuizingen,sleutelbehuizing,"Opel, Chevrolet",1.79,https://autosleutel-specialist.nl/images/products/akey_3282_4a36e27b_0.jpg,https://autosleutel-specialist.nl/images/products/akey_3282_4a36e27b_0.jpg
3283,hu101ap-leergehause-horseshoe-kompatibel-fur-ford,HU101AP Leergehäuse - Horseshoe kompatibel für Ford,Sleutelbehuizing · Ford · HU101AP Leergehäuse - Horseshoe kompatibel,behuizingen,sleutelbehuizing,Ford,1.79,https://autosleutel-specialist.nl/images/products/akey_3283_8fa54882_0.jpg,https://autosleutel-specialist.nl/images/products/akey_3283_8fa54882_0.jpg
3284,hu133rt-hu87rt-leergehause-kompatibel-fur-suzuki,HU133RT  HU87RT Leergehäuse kompatibel für Suzuki,"Sleutelbehuizing · Opel, Nissan, Suzuki · HU133RT HU87RT Leergehäuse kompatibel für",behuizingen,sleutelbehuizing,"Opel, Nissan, Suzuki, Subaru",1.79,https://autosleutel-specialist.nl/images/products/akey_3284_80ae9bb8_0.jpg,https://autosleutel-specialist.nl/images/products/akey_3284_80ae9bb8_0.jpg
3285,hu136t-leergehause-kompatibel-fur-renault-dacia,HU136T Leergehäuse kompatibel für Renault - Dacia,"Sleutelbehuizing · Renault, Dacia · HU136T Leergehäuse kompatibel für -",behuizingen,sleutelbehuizing,"Renault, Dacia",1.79,https://autosleutel-specialist.nl/images/products/akey_3285_59817808_0.jpg,https://autosleutel-specialist.nl/images/products/akey_3285_59817808_0.jpg
3286,hu142t-leergehause-kompatibel-fur-renault-dacia,HU142T Leergehäuse kompatibel für Renault Dacia,"Sleutelbehuizing · Renault, Dacia · HU142T Leergehäuse kompatibel für",behuizingen,sleutelbehuizing,"Renault, Dacia",1.79,https://autosleutel-specialist.nl/images/products/akey_3286_867f3ff4_0.jpg,https://autosleutel-specialist.nl/images/products/akey_3286_867f3ff4_0.jpg
3287,anschlag-x-cut-klappe,Anschlag x-cut Klappe,Accessoire · Anschlag x-cut Klappe,,,,14.28,https://autosleutel-specialist.nl/images/products/akey_3287_3e7721ac_0.jpg,https://autosleutel-specialist.nl/images/products/akey_3287_3e7721ac_0.jpg
3288,bafute-demontagewerkzeug-zum-entfernen-von-stiften-stiftentferner,BAFUTE Demontagewerkzeug zum Entfernen von Stiften Stiftentferner,Accessoire · BAFUTE Demontagewerkzeug zum Entfernen von,,,,53.55,https://autosleutel-specialist.nl/images/products/akey_3288_d626d1f1_0.jpg,https://autosleutel-specialist.nl/images/products/akey_3288_d626d1f1_0.jpg | https://autosleutel-specialist.nl/images/products/akey_3288_d626d1f1_1.jpg | https://autosleutel-specialist.nl/images/products/akey_3288_d626d1f1_2.jpg | https://autosleutel-specialist.nl/images/products/akey_3288_d626d1f1_3.jpg
3289,batteriehalter-ersatz-fur-fiat-klappschlussel,Batteriehalter Ersatz für Fiat Klappschlüssel,Batterij · Fiat · Batteriehalter Ersatz für Klappschlüssel,batterijen,batterij,Fiat,0.83,https://autosleutel-specialist.nl/images/products/akey_3289_fc71e411_0.jpg,https://autosleutel-specialist.nl/images/products/akey_3289_fc71e411_0.jpg | https://autosleutel-specialist.nl/images/products/akey_3289_fc71e411_1.jpg | https://autosleutel-specialist.nl/images/products/akey_3289_fc71e411_2.jpg
3290,batteriehalter-fur-verschiedene-bmw-schlussel,Batteriehalter für verschiedene BMW Schlüssel,Batterij · BMW · Batteriehalter für verschiedene Schlüssel,batterijen,batterij,BMW,4.17,https://autosleutel-specialist.nl/images/products/akey_3290_12d28e6b_0.jpg,https://autosleutel-specialist.nl/images/products/akey_3290_12d28e6b_0.jpg | https://autosleutel-specialist.nl/images/products/akey_3290_12d28e6b_1.jpg
3291,cgsulit-ts-01-tpms-sensor-gummi,CgSulit TS-01 TPMS Sensor Gummi,Accessoire · CgSulit TS-01 TPMS Sensor Gummi,,,,14.88,https://autosleutel-specialist.nl/images/products/akey_3291_73fb9402_0.jpg,https://autosleutel-specialist.nl/images/products/akey_3291_73fb9402_0.jpg | https://autosleutel-specialist.nl/images/products/akey_3291_73fb9402_1.jpg
3292,cgsulit-ts-01-tpms-sensor-metall,CgSulit TS-01 TPMS Sensor Metall,Accessoire · CgSulit TS-01 TPMS Sensor Metall,,,,14.88,https://autosleutel-specialist.nl/images/products/akey_3292_61ba6e0d_0.jpg,https://autosleutel-specialist.nl/images/products/akey_3292_61ba6e0d_0.jpg
3293,gehauseoffner-4er-set,Gehäuseöffner 4er Set,Sleutelbehuizing · Gehäuseöffner 4er Set,behuizingen,sleutelbehuizing,,15.35,https://autosleutel-specialist.nl/images/products/akey_3293_e6c99749_0.jpg,https://autosleutel-specialist.nl/images/products/akey_3293_e6c99749_0.jpg
3294,netzadapter-eu-universal-fur-autel-zedfull-u-a,"Netzadapter EU Universal für Autel, ZedFull u.a.",Accessoire · Netzadapter EU für Autel ZedFull u.a.,,,,22.61,https://autosleutel-specialist.nl/images/products/akey_3294_fc6f34b5_0.jpg,https://autosleutel-specialist.nl/images/products/akey_3294_fc6f34b5_0.jpg | https://autosleutel-specialist.nl/images/products/akey_3294_fc6f34b5_1.jpg | https://autosleutel-specialist.nl/images/products/akey_3294_fc6f34b5_2.jpg
3295,schlussel-spannvorrichtung-spannbacken,Schlüssel Spannvorrichtung Spannbacken,Accessoire · Schlüssel Spannvorrichtung Spannbacken,,,,58.31,https://autosleutel-specialist.nl/images/products/akey_3295_9ad3318f_0.jpg,https://autosleutel-specialist.nl/images/products/akey_3295_9ad3318f_0.jpg
3296,schlussel-spannvorrichtung-spannbacken-set-universal-fur-schlusselfrasmaschinen,Schlüssel Spannvorrichtung Spannbacken Set Universal für Schlüsselfräsmaschinen,Accessoire · Schlüssel Spannvorrichtung Spannbacken Set,,,,23.68,https://autosleutel-specialist.nl/images/products/akey_3296_4656602a_0.jpg,https://autosleutel-specialist.nl/images/products/akey_3296_4656602a_0.jpg
3297,spannvorrichtung-spannbacken-2-er-set-v-profil-schlussel-geeignet-fur-abus-pfaff,Spannvorrichtung Spannbacken 2 er Set V-Profil Schlüssel geeignet für ABUS PFAFFENHAIN,Accessoire · Spannvorrichtung Spannbacken 2 er Set V-Pr,,,,58.31,https://autosleutel-specialist.nl/images/products/akey_3297_62900256_0.jpg,https://autosleutel-specialist.nl/images/products/akey_3297_62900256_0.jpg | https://autosleutel-specialist.nl/images/products/akey_3297_62900256_1.jpg | https://autosleutel-specialist.nl/images/products/akey_3297_62900256_2.jpg
3298,splinte-fur-klappschlussel-10-stuck-lange-ca-7-5mm,"Splinte für Klappschlüssel 10 Stück Länge ca. 7,5mm",Accessoire · Splinte für Klappschlüssel 10 Stück Länge,,,,4.05,https://autosleutel-specialist.nl/images/products/akey_3298_f72a77d3_0.jpg,https://autosleutel-specialist.nl/images/products/akey_3298_f72a77d3_0.jpg | https://autosleutel-specialist.nl/images/products/akey_3298_f72a77d3_1.jpg
3299,splinte-fur-klappschlussel-10-stuck-lange-ca-8mm,Splinte für Klappschlüssel 10 Stück Länge ca. 8mm,Accessoire · Splinte für Klappschlüssel 10 Stück Länge,,,,1.19,https://autosleutel-specialist.nl/images/products/akey_3299_120d0ae0_0.jpg,https://autosleutel-specialist.nl/images/products/akey_3299_120d0ae0_0.jpg | https://autosleutel-specialist.nl/images/products/akey_3299_120d0ae0_1.jpg
3300,stiftentferner-zange,Stiftentferner Zange,Accessoire · Stiftentferner Zange,,,,17.73,https://autosleutel-specialist.nl/images/products/akey_3300_f7a2c5c2_0.jpg,https://autosleutel-specialist.nl/images/products/akey_3300_f7a2c5c2_0.jpg | https://autosleutel-specialist.nl/images/products/akey_3300_f7a2c5c2_1.jpg | https://autosleutel-specialist.nl/images/products/akey_3300_f7a2c5c2_2.jpg
3301,stiftentferner-zange-neu,Stiftentferner Zange neu,Sleutelbehuizing · Stiftentferner Zange neu,behuizingen,sleutelbehuizing,,20.11,https://autosleutel-specialist.nl/images/products/akey_3301_7758e0cc_0.jpg,https://autosleutel-specialist.nl/images/products/akey_3301_7758e0cc_0.jpg | https://autosleutel-specialist.nl/images/products/akey_3301_7758e0cc_1.jpg | https://autosleutel-specialist.nl/images/products/akey_3301_7758e0cc_2.jpg
3302,zur-demontage-montage-von-stiften-an-klappschlusseln,Zur Demontage- & Montage von Stiften an Klappschlüsseln,Accessoire · Zur Demontage- & Montage von Stiften an Kl,,,,117.81,https://autosleutel-specialist.nl/images/products/akey_3302_20dcdebb_0.jpg,https://autosleutel-specialist.nl/images/products/akey_3302_20dcdebb_0.jpg
3303,ab33-silca-15-abu-7d-anlagenschlussel,AB33 Silca  +15  ABU-7D - Anlagenschlüssel,Accessoire · AB33 Silca +15 ABU-7D - Anlagenschlüssel,,,,0.83,https://autosleutel-specialist.nl/images/products/akey_3303_3491eedf_0.jpg,https://autosleutel-specialist.nl/images/products/akey_3303_3491eedf_0.jpg
3304,ass137-silca-1911-aa137-as-20d-anlagenschlussel,ASS137 Silca  1911  AA137  AS-20D - Anlagenschlüssel,Accessoire · ASS137 Silca 1911 AA137 AS-20D - Anlagensc,,,,0.83,https://autosleutel-specialist.nl/images/products/akey_3304_9a625e4f_0.jpg,https://autosleutel-specialist.nl/images/products/akey_3304_9a625e4f_0.jpg
3305,ass176-1524-2-anlagenschlussel,ASS176 1524%2  Anlagenschlüssel,Accessoire · ASS176 1524%2 Anlagenschlüssel,,,,1.59,https://autosleutel-specialist.nl/images/products/akey_3305_41c01f73_0.jpg,https://autosleutel-specialist.nl/images/products/akey_3305_41c01f73_0.jpg
3306,ass38-ass2-silca-499l-499k-as28n-anlagenschlussel,ASS38  ASS2 SILCA 499L 499K AS28N  Anlagenschlüssel,Accessoire · ASS38 ASS2 SILCA 499L 499K AS28N Anlagensc,,,,0.83,https://autosleutel-specialist.nl/images/products/akey_3306_6c0fb59b_0.jpg,https://autosleutel-specialist.nl/images/products/akey_3306_6c0fb59b_0.jpg
3307,bab10-errebi-bb25s-keyline-hauptschlussel-1661-0-bab-13-0,BAB10 Errebi BB25S Keyline Hauptschlüssel 1661-0 BAB-13/0,Afstandsbediening · BAB10 Errebi BB25S Keyline Hauptschlüssel,afstandsbedieningen,universele afstandsbediening,,1.07,https://autosleutel-specialist.nl/images/products/akey_3307_5f76cd1f_0.jpg,https://autosleutel-specialist.nl/images/products/akey_3307_5f76cd1f_0.jpg
3308,bab26r-0-1661-0-bab-131-0-sonder-anlageschlussel-universal,BAB26R-0   1661-0  BAB-131-0  Sonder- /Anlageschlüssel Universal,Accessoire · BAB26R-0 1661-0 BAB-131-0 Sonder- /Anlages,,,,1.96,https://autosleutel-specialist.nl/images/products/akey_3308_ae93faf0_0.jpg,https://autosleutel-specialist.nl/images/products/akey_3308_ae93faf0_0.jpg
3309,bab26r-12-silca-zylinderschlussel,BAB26R-12 Silca   Zylinderschlüssel,Accessoire · BAB26R-12 Silca Zylinderschlüssel,,,,1.07,https://autosleutel-specialist.nl/images/products/akey_3309_49725e48_0.jpg,https://autosleutel-specialist.nl/images/products/akey_3309_49725e48_0.jpg
3310,bab26r-18-silca-zylinderschlussel,BAB26R-18 Silca   Zylinderschlüssel,Accessoire · BAB26R-18 Silca Zylinderschlüssel,,,,1.07,https://autosleutel-specialist.nl/images/products/akey_3310_951d5a0c_0.jpg,https://autosleutel-specialist.nl/images/products/akey_3310_951d5a0c_0.jpg
3311,bab26r-23-silca-zylinderschlussel,BAB26R-23 Silca   Zylinderschlüssel,Accessoire · BAB26R-23 Silca Zylinderschlüssel,,,,1.07,https://autosleutel-specialist.nl/images/products/akey_3311_25f5cf39_0.jpg,https://autosleutel-specialist.nl/images/products/akey_3311_25f5cf39_0.jpg
3312,bab26r-6-silca-1661-6-bab-13-6-sonder-anlagenschlussel,"BAB26R-6 Silca 1661/6      BAB-13/6    Sonder-, Anlagenschlüssel",Accessoire · BAB26R-6 Silca 1661/6 BAB-13/6 Sonder- Anl,,,,1.07,https://autosleutel-specialist.nl/images/products/akey_3312_80eb4c9c_0.jpg,https://autosleutel-specialist.nl/images/products/akey_3312_80eb4c9c_0.jpg
3313,bai28-zylinderschlussel-1982-fur-basi-profil-v50,BAI28 Zylinderschlüssel 1982  für Basi Profil V50,Accessoire · BAI28 Zylinderschlüssel 1982 für Basi Prof,,,,0.48,https://autosleutel-specialist.nl/images/products/akey_3313_7a9b8b59_0.jpg,https://autosleutel-specialist.nl/images/products/akey_3313_7a9b8b59_0.jpg
3314,bk3-7-silca-anlageschlussel,BK3-7 Silca Anlageschlüssel,Accessoire · BK3-7 Silca Anlageschlüssel,,,,1.07,https://autosleutel-specialist.nl/images/products/akey_3314_081c9114_0.jpg,https://autosleutel-specialist.nl/images/products/akey_3314_081c9114_0.jpg
3315,bk5l-1199l-0-ks10pp-bk5-00-bk6ps-bks-anlagenschlussel-universal,BK5L  1199L-0   KS10PP  BK5-00   BK6PS BKS Anlagenschlüssel Universal,Accessoire · BK5L 1199L-0 KS10PP BK5-00 BK6PS BKS Anlag,,,,1.43,https://autosleutel-specialist.nl/images/products/akey_3315_45dc9f0e_0.jpg,https://autosleutel-specialist.nl/images/products/akey_3315_45dc9f0e_0.jpg | https://autosleutel-specialist.nl/images/products/akey_3315_45dc9f0e_1.jpg
3316,bk7r-2-silca-1275-2-anlageschlussel,BK7R-2 Silca  1275/2  Anlageschlüssel,Accessoire · BK7R-2 Silca 1275/2 Anlageschlüssel,,,,1.07,https://autosleutel-specialist.nl/images/products/akey_3316_94ea9f89_0.jpg,https://autosleutel-specialist.nl/images/products/akey_3316_94ea9f89_0.jpg
3317,bohrmuldenschlussel-scm1r-scm3rp-silca,"Bohrmuldenschlüssel SCM1R,SCM3RP Silca",Accessoire · Bohrmuldenschlüssel SCM1R SCM3RP Silca,,,,2.98,https://autosleutel-specialist.nl/images/products/akey_3317_a14a37bd_0.jpg,https://autosleutel-specialist.nl/images/products/akey_3317_a14a37bd_0.jpg
3318,bur60r-anlagenschlussel,BUR60R  Anlagenschlüssel,Accessoire · BUR60R Anlagenschlüssel,,,,0.42,https://autosleutel-specialist.nl/images/products/akey_3318_8215c173_0.jpg,https://autosleutel-specialist.nl/images/products/akey_3318_8215c173_0.jpg
3319,bur61r-zylinderschlussel,BUR61R  Zylinderschlüssel,Accessoire · BUR61R Zylinderschlüssel,,,,0.42,https://autosleutel-specialist.nl/images/products/akey_3319_9a58143a_0.jpg,https://autosleutel-specialist.nl/images/products/akey_3319_9a58143a_0.jpg
3320,bur62-anlagenschlussel,BUR62  Anlagenschlüssel,Accessoire · BUR62 Anlagenschlüssel,,,,0.83,https://autosleutel-specialist.nl/images/products/akey_3320_bb7f9b84_0.jpg,https://autosleutel-specialist.nl/images/products/akey_3320_bb7f9b84_0.jpg
3321,ce14-17-cee17-1065a7-schlie-anlagenschlussel-fur-ces,CE14-17 - CEE17 -  1065A7  Schließanlagenschlüssel für CES,Accessoire · CE14-17 - CEE17 - 1065A7 Schließanlagensch,,,,0.83,https://autosleutel-specialist.nl/images/products/akey_3321_9b36864c_0.jpg,https://autosleutel-specialist.nl/images/products/akey_3321_9b36864c_0.jpg
3322,ce14ps-1065-0-ce129-77-cs129-77-universal-schlie-anlagenschlussel-fur-ces,"CE14PS -,1065-0 , CE129-77 -  CS129-77 Universal Schließanlagenschlüssel für CES",Accessoire · CE14PS - 1065-0 CE129-77 - CS129-77 Schlie,,,,1.43,https://autosleutel-specialist.nl/images/products/akey_3322_396b1656_0.jpg,https://autosleutel-specialist.nl/images/products/akey_3322_396b1656_0.jpg | https://autosleutel-specialist.nl/images/products/akey_3322_396b1656_1.jpg | https://autosleutel-specialist.nl/images/products/akey_3322_396b1656_2.jpg
3323,ce14rps-1065-0-universal-schlie-anlagenschlussel-fur-ces,CE14RPS  1065½-0   Universal Schließanlagenschlüssel für CES,Accessoire · CE14RPS 1065½-0 Schließanlagenschlüssel fü,,,,1.43,https://autosleutel-specialist.nl/images/products/akey_3323_38a246fa_0.jpg,https://autosleutel-specialist.nl/images/products/akey_3323_38a246fa_0.jpg
3324,ce36-1411-2-ce-101d-anlagenschlussel,CE36  1411/2   CE-101D   Anlagenschlüssel,Accessoire · CE36 1411/2 CE-101D Anlagenschlüssel,,,,1.07,https://autosleutel-specialist.nl/images/products/akey_3324_3f247f30_0.jpg,https://autosleutel-specialist.nl/images/products/akey_3324_3f247f30_0.jpg
3325,ce38wps-1912-0-universal-sonder-anlagenschlussel,CE38WPS 1912-0    Universal  Sonder-/Anlagenschlüssel,Accessoire · CE38WPS 1912-0 Sonder-/Anlagenschlüssel,,,,1.07,https://autosleutel-specialist.nl/images/products/akey_3325_5c8f86f8_0.jpg,https://autosleutel-specialist.nl/images/products/akey_3325_5c8f86f8_0.jpg
3326,ce38xw-ps-universalprofil-fur-cew-en-cex,CE38XW-PS Universalprofil für CEW en CEX,Accessoire · CE38XW-PS Universalprofil für CEW en CEX,,,,1.07,https://autosleutel-specialist.nl/images/products/akey_3326_bb453efa_0.jpg,https://autosleutel-specialist.nl/images/products/akey_3326_bb453efa_0.jpg | https://autosleutel-specialist.nl/images/products/akey_3326_bb453efa_1.jpg
3327,df4r-silca-df3-pdf11-bohrmuldenschlussel,DF4R Silca  DF3  PDF11  Bohrmuldenschlüssel,Accessoire · DF4R Silca DF3 PDF11 Bohrmuldenschlüssel,,,,1.43,https://autosleutel-specialist.nl/images/products/akey_3327_45bf3823_0.jpg,https://autosleutel-specialist.nl/images/products/akey_3327_45bf3823_0.jpg
3328,dm154-1948-0-dom-80d-anlagenschlussel-universa-alpaka,DM154  1948%-0  DOM-80D  Anlagenschlüssel Universa Alpaka,Accessoire · DM154 1948%-0 DOM-80D Anlagenschlüssel Uni,,,,1.75,https://autosleutel-specialist.nl/images/products/akey_3328_a0ca4233_0.jpg,https://autosleutel-specialist.nl/images/products/akey_3328_a0ca4233_0.jpg
3329,ab125rcp-silca-1980p-borkey-abus-original-profil-8n,AB125RCP Silca  1980P BÖRKEY   ABUS© Original Profil 8N,Accessoire · AB125RCP Silca 1980P BÖRKEY ABUS© Original,,,,1.92,https://autosleutel-specialist.nl/images/products/akey_3329_18dd9734_0.jpg,https://autosleutel-specialist.nl/images/products/akey_3329_18dd9734_0.jpg
3330,ax9cp-fahrzeugschlussel-bahnenschlussel,AX9CP Fahrzeugschlüssel - Bahnenschlüssel,Accessoire · AX9CP Fahrzeugschlüssel - Bahnenschlüssel,,,,1.79,https://autosleutel-specialist.nl/images/products/akey_3330_04b2bcd9_0.jpg,https://autosleutel-specialist.nl/images/products/akey_3330_04b2bcd9_0.jpg
3331,ev3ks-203a-ev107r-bahnenschlussel-evva,EV3KS-203A  EV107R   Bahnenschlüssel EVVA,Accessoire · EV3KS-203A EV107R Bahnenschlüssel EVVA,,,,4.17,https://autosleutel-specialist.nl/images/products/akey_3331_3864693a_0.jpg,https://autosleutel-specialist.nl/images/products/akey_3331_3864693a_0.jpg
3332,ul001-bohrmuldenschlussel-universal,UL001 Bohrmuldenschlüssel Universal,Accessoire · UL001 Bohrmuldenschlüssel,,,,1.07,https://autosleutel-specialist.nl/images/products/akey_3332_666e2879_0.jpg,https://autosleutel-specialist.nl/images/products/akey_3332_666e2879_0.jpg
3333,ul002-bohrmuldenschlussel-universal,UL002 Bohrmuldenschlüssel Universal,Accessoire · UL002 Bohrmuldenschlüssel,,,,1.07,https://autosleutel-specialist.nl/images/products/akey_3333_f8d3a870_0.jpg,https://autosleutel-specialist.nl/images/products/akey_3333_f8d3a870_0.jpg
3334,ie26p-ise17-ie26-ie14-ie15-bohrmuldenschlussel-universal,IE26P  ISE17 IE26 IE14 IE15 Bohrmuldenschlüssel UNIVERSAL,Accessoire · IE26P ISE17 IE26 IE14 IE15 Bohrmuldenschlü,,,,1.07,https://autosleutel-specialist.nl/images/products/akey_3334_2a68810c_0.jpg,https://autosleutel-specialist.nl/images/products/akey_3334_2a68810c_0.jpg
3335,ka4-kb3n-kaba-bohrmuldenschlussel,KA4   KB3N  KABA Bohrmuldenschlüssel,Accessoire · KA4 KB3N KABA Bohrmuldenschlüssel,,,,2.62,https://autosleutel-specialist.nl/images/products/akey_3335_6abb6488_0.jpg,https://autosleutel-specialist.nl/images/products/akey_3335_6abb6488_0.jpg
3336,ms20-mas8-m17r-ms8-zylinderschlussel,MS20   MAS8  M17R  MS8 - Zylinderschlüssel,Accessoire · MS20 MAS8 M17R MS8 - Zylinderschlüssel,,,,0.83,https://autosleutel-specialist.nl/images/products/akey_3336_7b5b49a8_0.jpg,https://autosleutel-specialist.nl/images/products/akey_3336_7b5b49a8_0.jpg
3337,ms20r-bohrmuldenschlussel,MS20R   Bohrmuldenschlüssel,Accessoire · MS20R Bohrmuldenschlüssel,,,,0.83,https://autosleutel-specialist.nl/images/products/akey_3337_63a673f8_0.jpg,https://autosleutel-specialist.nl/images/products/akey_3337_63a673f8_0.jpg
3338,100-stuck-buntbartschlussel-zimmerturschlussel,100 Stück Buntbartschlüssel Zimmertürschlüssel,Accessoire · 100 Stück Buntbartschlüssel Zimmertürschlü,,,,35.7,https://autosleutel-specialist.nl/images/products/akey_3338_4574e381_0.jpg,https://autosleutel-specialist.nl/images/products/akey_3338_4574e381_0.jpg | https://autosleutel-specialist.nl/images/products/akey_3338_4574e381_1.jpg | https://autosleutel-specialist.nl/images/products/akey_3338_4574e381_2.jpg
3339,ewg-l-keilbartschlussel,EWG L Keilbartschlüssel,Accessoire · EWG L Keilbartschlüssel,,,,1.79,https://autosleutel-specialist.nl/images/products/akey_3339_285ad045_0.jpg,https://autosleutel-specialist.nl/images/products/akey_3339_285ad045_0.jpg
3340,ewg-r-keilbartschlussel,EWG R Keilbartschlüssel,Accessoire · EWG R Keilbartschlüssel,,,,1.79,https://autosleutel-specialist.nl/images/products/akey_3340_58800c7a_0.jpg,https://autosleutel-specialist.nl/images/products/akey_3340_58800c7a_0.jpg
3341,xbw1-silca-kreuzbartschlussel,XBW1 Silca  Kreuzbartschlüssel,Accessoire · XBW1 Silca Kreuzbartschlüssel,,,,3.3,https://autosleutel-specialist.nl/images/products/akey_3341_7d70aa46_0.jpg,https://autosleutel-specialist.nl/images/products/akey_3341_7d70aa46_0.jpg
3342,art-310a,Art.:310A,Accessoire · Art.:310A,,,,5.83,https://autosleutel-specialist.nl/images/products/akey_3342_296b5265_0.jpg,https://autosleutel-specialist.nl/images/products/akey_3342_296b5265_0.jpg
3343,art-301-vierkant-6mm,Art.301 Vierkant 6mm,Accessoire · Art.301 Vierkant 6mm,,,,1.79,https://autosleutel-specialist.nl/images/products/akey_3343_fc9c82ae_0.jpg,https://autosleutel-specialist.nl/images/products/akey_3343_fc9c82ae_0.jpg | https://autosleutel-specialist.nl/images/products/akey_3343_fc9c82ae_1.jpg
3344,art-301-vierkant-7mm,Art.301 Vierkant 7mm,Accessoire · Art.301 Vierkant 7mm,,,,2.02,https://autosleutel-specialist.nl/images/products/akey_3344_e4794a3f_0.jpg,https://autosleutel-specialist.nl/images/products/akey_3344_e4794a3f_0.jpg | https://autosleutel-specialist.nl/images/products/akey_3344_e4794a3f_1.jpg
3345,art-176-ch6-nr-4,Art. 176 CH6 Nr.4,Accessoire · Art. 176 CH6 Nr.4,,,,1.49,https://autosleutel-specialist.nl/images/products/akey_3345_18a52471_0.jpg,https://autosleutel-specialist.nl/images/products/akey_3345_18a52471_0.jpg
3346,art-176-ch6-nr-5,Art. 176 CH6 Nr.5,Accessoire · Art. 176 CH6 Nr.5,,,,1.49,https://autosleutel-specialist.nl/images/products/akey_3346_9bc2c155_0.jpg,https://autosleutel-specialist.nl/images/products/akey_3346_9bc2c155_0.jpg
3347,art-176-ch6-nr-6,Art. 176 CH6 Nr.6,Accessoire · Art. 176 CH6 Nr.6,,,,1.49,https://autosleutel-specialist.nl/images/products/akey_3347_c553fa35_0.jpg,https://autosleutel-specialist.nl/images/products/akey_3347_c553fa35_0.jpg
3348,art-176-ch8-nr-3,Art. 176 CH8 Nr.3,Accessoire · Art. 176 CH8 Nr.3,,,,1.49,https://autosleutel-specialist.nl/images/products/akey_3348_4a6b5f6c_0.jpg,https://autosleutel-specialist.nl/images/products/akey_3348_4a6b5f6c_0.jpg | https://autosleutel-specialist.nl/images/products/akey_3348_4a6b5f6c_1.jpg
3349,art-176-ch8-nr-5,Art. 176 CH8 Nr.5,Accessoire · Art. 176 CH8 Nr.5,,,,1.49,https://autosleutel-specialist.nl/images/products/akey_3349_5bed2dba_0.jpg,https://autosleutel-specialist.nl/images/products/akey_3349_5bed2dba_0.jpg | https://autosleutel-specialist.nl/images/products/akey_3349_5bed2dba_1.jpg
3350,art-176-65-chubbschlussel,Art. 176/65 Chubbschlüssel,Accessoire · Art. 176/65 Chubbschlüssel,,,,1.49,https://autosleutel-specialist.nl/images/products/akey_3350_0700f106_0.jpg,https://autosleutel-specialist.nl/images/products/akey_3350_0700f106_0.jpg | https://autosleutel-specialist.nl/images/products/akey_3350_0700f106_1.jpg
3351,mobelschlussel-messing-glanzend,Möbelschlüssel Messing glänzend,Accessoire · Möbelschlüssel Messing glänzend,,,,1.07,https://autosleutel-specialist.nl/images/products/akey_3351_5ee231fa_0.jpg,https://autosleutel-specialist.nl/images/products/akey_3351_5ee231fa_0.jpg | https://autosleutel-specialist.nl/images/products/akey_3351_5ee231fa_1.jpg
3352,kym1p-kym1p-kym-1p-kymco-fahrzeugschlussel,KYM1P     KYM1P - KYM-1P -KYMCO-Fahrzeugschlüssel,Accessoire · KYM1P KYM1P - KYM-1P -KYMCO-Fahrzeugschlüs,,,,1.07,https://autosleutel-specialist.nl/images/products/akey_3352_8a20a6b0_0.jpg,https://autosleutel-specialist.nl/images/products/akey_3352_8a20a6b0_0.jpg
3353,stahlschlussel-9404-silca,Stahlschlüssel 9404 Silca,Accessoire · Stahlschlüssel 9404 Silca,,,,7.02,https://autosleutel-specialist.nl/images/products/akey_3353_0a2a5742_0.jpg,https://autosleutel-specialist.nl/images/products/akey_3353_0a2a5742_0.jpg
3354,stahlschlussel-si3gz-canas,Stahlschlüssel SI3GZ  Canas,Accessoire · Stahlschlüssel SI3GZ Canas,,,,1.43,https://autosleutel-specialist.nl/images/products/akey_3354_e7fe530e_0.jpg,https://autosleutel-specialist.nl/images/products/akey_3354_e7fe530e_0.jpg | https://autosleutel-specialist.nl/images/products/akey_3354_e7fe530e_1.jpg | https://autosleutel-specialist.nl/images/products/akey_3354_e7fe530e_2.jpg
3355,stahlschlussel-silca-5922p,Stahlschlüssel Silca 5922P,Accessoire · Stahlschlüssel Silca 5922P,,,,8.21,https://autosleutel-specialist.nl/images/products/akey_3355_0f091ca6_0.jpg,https://autosleutel-specialist.nl/images/products/akey_3355_0f091ca6_0.jpg
3356,stahlschlussel-vollbart-5-5mm-gerader-bart-gebohrt,"Stahlschlüssel Vollbart Ø5,5mm gerader Bart gebohrt",Accessoire · Stahlschlüssel Vollbart Ø5 5mm gerader Bar,,,,4.64,https://autosleutel-specialist.nl/images/products/akey_3356_05c67662_0.jpg,https://autosleutel-specialist.nl/images/products/akey_3356_05c67662_0.jpg
3357,stahlschlussel-vollbart-5mm-gerader-bart-buntbart,Stahlschlüssel Vollbart Ø5mm gerader Bart Buntbart,Accessoire · Stahlschlüssel Vollbart Ø5mm gerader Bart,,,,4.58,https://autosleutel-specialist.nl/images/products/akey_3357_564578cc_0.jpg,https://autosleutel-specialist.nl/images/products/akey_3357_564578cc_0.jpg
3358,stahlschlussel-vollbart-6-5mm-gerader-bart-gebohrt,"Stahlschlüssel Vollbart Ø6,5mm gerader Bart gebohrt",Accessoire · Stahlschlüssel Vollbart Ø6 5mm gerader Bar,,,,4.64,https://autosleutel-specialist.nl/images/products/akey_3358_3df5b190_0.jpg,https://autosleutel-specialist.nl/images/products/akey_3358_3df5b190_0.jpg
3359,stahlschlussel-vollbart-6mm-gerader-bart,Stahlschlüssel Vollbart Ø6mm gerader Bart,Accessoire · Stahlschlüssel Vollbart Ø6mm gerader Bart,,,,4.64,https://autosleutel-specialist.nl/images/products/akey_3359_43364595_0.jpg,https://autosleutel-specialist.nl/images/products/akey_3359_43364595_0.jpg
3360,stahlschlussel-vollbart-6mm-gerader-bart-gebohrt,Stahlschlüssel Vollbart Ø6mm gerader Bart gebohrt,Accessoire · Stahlschlüssel Vollbart Ø6mm gerader Bart,,,,4.64,https://autosleutel-specialist.nl/images/products/akey_3360_e00e7e71_0.jpg,https://autosleutel-specialist.nl/images/products/akey_3360_e00e7e71_0.jpg
3361,stahlschlussel-vollbart-7mm-gerader-bart-gebohrt,Stahlschlüssel Vollbart Ø7mm gerader Bart gebohrt,Accessoire · Stahlschlüssel Vollbart Ø7mm gerader Bart,,,,4.64,https://autosleutel-specialist.nl/images/products/akey_3361_4a626a8c_0.jpg,https://autosleutel-specialist.nl/images/products/akey_3361_4a626a8c_0.jpg
3362,5bde1-tresorschlussel-bankfachschlussel-bode,5BDE1 Tresorschlüssel Bankfachschlüssel BODE,Accessoire · 5BDE1 Tresorschlüssel Bankfachschlüssel BO,,,,9.16,https://autosleutel-specialist.nl/images/products/akey_3362_f221aed7_0.jpg,https://autosleutel-specialist.nl/images/products/akey_3362_f221aed7_0.jpg | https://autosleutel-specialist.nl/images/products/akey_3362_f221aed7_1.jpg
3363,5bur5-tresorschlussel,5BUR5 Tresorschlüssel,Accessoire · 5BUR5 Tresorschlüssel,,,,9.4,https://autosleutel-specialist.nl/images/products/akey_3363_213816a9_0.jpg,https://autosleutel-specialist.nl/images/products/akey_3363_213816a9_0.jpg | https://autosleutel-specialist.nl/images/products/akey_3363_213816a9_1.jpg
3364,6mau12-tresorschlussel-geeignet-fur-maurer,6MAU12 Tresorschlüssel geeignet für Maurer,Accessoire · 6MAU12 Tresorschlüssel geeignet für Maurer,,,,10.59,https://autosleutel-specialist.nl/images/products/akey_3364_6556270f_0.jpg,https://autosleutel-specialist.nl/images/products/akey_3364_6556270f_0.jpg
3365,akg04d-tresorschlussel-doppelbartschlussel,AKG04D  Tresorschlüssel Doppelbartschlüssel,Accessoire · AKG04D Tresorschlüssel Doppelbartschlüssel,,,,7.02,https://autosleutel-specialist.nl/images/products/akey_3365_48b9b8bd_0.jpg,https://autosleutel-specialist.nl/images/products/akey_3365_48b9b8bd_0.jpg
3366,akk012-tresorschlussel-doppelbartschlussel,AKK012  Tresorschlüssel Doppelbartschlüssel,Accessoire · AKK012 Tresorschlüssel Doppelbartschlüssel,,,,7.02,https://autosleutel-specialist.nl/images/products/akey_3366_9086f8f9_0.jpg,https://autosleutel-specialist.nl/images/products/akey_3366_9086f8f9_0.jpg
3367,akk06-tresorschlussel-doppelbartschlussel,AKK06 Tresorschlüssel Doppelbartschlüssel,Accessoire · AKK06 Tresorschlüssel Doppelbartschlüssel,,,,5.83,https://autosleutel-specialist.nl/images/products/akey_3367_0a56d040_0.jpg,https://autosleutel-specialist.nl/images/products/akey_3367_0a56d040_0.jpg
3368,akk08-tresorschlussel-doppelbartschlussel,AKK08  Tresorschlüssel Doppelbartschlüssel,Accessoire · AKK08 Tresorschlüssel Doppelbartschlüssel,,,,5.36,https://autosleutel-specialist.nl/images/products/akey_3368_905885e3_0.jpg,https://autosleutel-specialist.nl/images/products/akey_3368_905885e3_0.jpg
3369,gka3d-tresorschlussel-doppelbartschlussel,GKA3D Tresorschlüssel Doppelbartschlüssel,Accessoire · GKA3D Tresorschlüssel Doppelbartschlüssel,,,,5.83,https://autosleutel-specialist.nl/images/products/akey_3369_eb9411ef_0.jpg,https://autosleutel-specialist.nl/images/products/akey_3369_eb9411ef_0.jpg
3370,s800-tresorschlussel-gebohrt,S800 Tresorschlüssel gebohrt,Accessoire · S800 Tresorschlüssel gebohrt,,,,8.21,https://autosleutel-specialist.nl/images/products/akey_3370_cddd5ea3_0.jpg,https://autosleutel-specialist.nl/images/products/akey_3370_cddd5ea3_0.jpg
3371,tresorschlussel-5bur1-burg-wachter,Tresorschlüssel 5BUR1 Burg/Wächter,Accessoire · Tresorschlüssel 5BUR1 Burg/Wächter,,,,7.02,https://autosleutel-specialist.nl/images/products/akey_3371_8ca6e168_0.jpg,https://autosleutel-specialist.nl/images/products/akey_3371_8ca6e168_0.jpg | https://autosleutel-specialist.nl/images/products/akey_3371_8ca6e168_1.jpg
3372,tresorschlussel-5bur2-burg-wachter,Tresorschlüssel 5BUR2 Burg/Wächter,Accessoire · Tresorschlüssel 5BUR2 Burg/Wächter,,,,10.12,https://autosleutel-specialist.nl/images/products/akey_3372_50cab066_0.jpg,https://autosleutel-specialist.nl/images/products/akey_3372_50cab066_0.jpg
3373,tresorschlussel-5hrm1-silca-kassettenschlussel,Tresorschlüssel 5HRM1 Silca Kassettenschlüssel,Accessoire · Tresorschlüssel 5HRM1 Silca Kassettenschlü,,,,11.31,https://autosleutel-specialist.nl/images/products/akey_3373_9ff43dac_0.jpg,https://autosleutel-specialist.nl/images/products/akey_3373_9ff43dac_0.jpg
3374,tresorschlussel-7405-silca,Tresorschlüssel 7405 Silca,Accessoire · Tresorschlüssel 7405 Silca,,,,11.25,https://autosleutel-specialist.nl/images/products/akey_3374_3bef87d7_0.jpg,https://autosleutel-specialist.nl/images/products/akey_3374_3bef87d7_0.jpg
3375,tresorschlussel-aml-silca,Tresorschlüssel AML Silca,Accessoire · Tresorschlüssel AML Silca,,,,11.78,https://autosleutel-specialist.nl/images/products/akey_3375_c100190b_0.jpg,https://autosleutel-specialist.nl/images/products/akey_3375_c100190b_0.jpg
3376,tresorschlussel-ccl-silca,Tresorschlüssel CCL Silca,Accessoire · Tresorschlüssel CCL Silca,,,,10.59,https://autosleutel-specialist.nl/images/products/akey_3376_c32ab703_0.jpg,https://autosleutel-specialist.nl/images/products/akey_3376_c32ab703_0.jpg
3377,tresorschlussel-cfsm614,Tresorschlüssel CFSM614,Accessoire · Tresorschlüssel CFSM614,,,,12.73,https://autosleutel-specialist.nl/images/products/akey_3377_ee14731e_0.jpg,https://autosleutel-specialist.nl/images/products/akey_3377_ee14731e_0.jpg | https://autosleutel-specialist.nl/images/products/akey_3377_ee14731e_1.jpg
3378,tresorschlussel-cfsm624,Tresorschlüssel CFSM624,Accessoire · Tresorschlüssel CFSM624,,,,18.8,https://autosleutel-specialist.nl/images/products/akey_3378_41871dae_0.jpg,https://autosleutel-specialist.nl/images/products/akey_3378_41871dae_0.jpg
3379,tresorschlussel-geldkassettenschlussel-ostertag-6og1,Tresorschlüssel Geldkassettenschlüssel  Ostertag 6OG1,Accessoire · Tresorschlüssel Geldkassettenschlüssel Ost,,,,2.26,https://autosleutel-specialist.nl/images/products/akey_3379_abc124af_0.jpg,https://autosleutel-specialist.nl/images/products/akey_3379_abc124af_0.jpg
3380,tresorschlussel-jw70-2j6-7jw-j5m,Tresorschlüssel JW70 - 2J6 - 7JW - J5M,Accessoire · Tresorschlüssel JW70 - 2J6 - 7JW - J5M,,,,21.3,https://autosleutel-specialist.nl/images/products/akey_3380_07ada827_0.jpg,https://autosleutel-specialist.nl/images/products/akey_3380_07ada827_0.jpg
3381,1517-0-to52-to53-to60-to61-universal,"1517/0  - TO52,TO53,TO60,TO61 Universal",Accessoire · 1517/0 - TO52 TO53 TO60 TO61,,,,1.96,https://autosleutel-specialist.nl/images/products/akey_3381_3930fd0c_0.jpg,https://autosleutel-specialist.nl/images/products/akey_3381_3930fd0c_0.jpg
3382,1669-0-sonderanlageprofil-hauptschlussel,1669-0 Sonderanlageprofil  Hauptschlüssel,Accessoire · 1669-0 Sonderanlageprofil Hauptschlüssel,,,,1.07,https://autosleutel-specialist.nl/images/products/akey_3382_a94d5b97_0.jpg,https://autosleutel-specialist.nl/images/products/akey_3382_a94d5b97_0.jpg
3383,1669r-0-sonderanlageprofil-hauptschlussel,1669R-0 Sonderanlageprofil  Hauptschlüssel,Accessoire · 1669R-0 Sonderanlageprofil Hauptschlüssel,,,,1.07,https://autosleutel-specialist.nl/images/products/akey_3383_75d65573_0.jpg,https://autosleutel-specialist.nl/images/products/akey_3383_75d65573_0.jpg
3384,1715-0-universalschlussel-fur-abus,1715/0   Universalschlüssel für Abus,Accessoire · 1715/0 Universalschlüssel für Abus,,,,1.59,https://autosleutel-specialist.nl/images/products/akey_3384_f8d9ed61_0.jpg,https://autosleutel-specialist.nl/images/products/akey_3384_f8d9ed61_0.jpg
3385,1795-0-universal-zylilnderschlussel-geeignet-fur-evva-gpi,1795-0     Universal Zylilnderschlüssel geeignet für EVVA GPI,Accessoire · 1795-0 Zylilnderschlüssel geeignet für EVV,,,,1.96,https://autosleutel-specialist.nl/images/products/akey_3385_1b71d40b_0.jpg,https://autosleutel-specialist.nl/images/products/akey_3385_1b71d40b_0.jpg
3386,1901-0-bks-universalschlussel,1901-0  BKS Universalschlüssel,Accessoire · 1901-0 BKS Universalschlüssel,,,,1.96,https://autosleutel-specialist.nl/images/products/akey_3386_1e791e0b_0.jpg,https://autosleutel-specialist.nl/images/products/akey_3386_1e791e0b_0.jpg
3387,1997-0-sonderanlageprofil-hauptschlussel,1997-0 Sonderanlageprofil Hauptschlüssel,Accessoire · 1997-0 Sonderanlageprofil Hauptschlüssel,,,,1.96,https://autosleutel-specialist.nl/images/products/akey_3387_1af46f4c_0.jpg,https://autosleutel-specialist.nl/images/products/akey_3387_1af46f4c_0.jpg
3388,ab874-ab74-ab84-ab124-cs62-bohrmuldenschlussel-universal,AB874 AB74 AB84 AB124 CS62 Bohrmuldenschlüssel  Universal,Accessoire · AB874 AB74 AB84 AB124 CS62 Bohrmuldenschlü,,,,1.43,https://autosleutel-specialist.nl/images/products/akey_3388_608b1e45_0.jpg,https://autosleutel-specialist.nl/images/products/akey_3388_608b1e45_0.jpg | https://autosleutel-specialist.nl/images/products/akey_3388_608b1e45_1.jpg
3389,ce130-ps-sonderanlageprofil-hauptschlussel,CE130-PS Sonderanlageprofil Hauptschlüssel,Accessoire · CE130-PS Sonderanlageprofil Hauptschlüssel,,,,1.73,https://autosleutel-specialist.nl/images/products/akey_3389_56732314_0.jpg,https://autosleutel-specialist.nl/images/products/akey_3389_56732314_0.jpg
3390,ce38xps-uni-silca-zylinderschlussel,CE38XPS (uni.) Silca  - Zylinderschlüssel,Accessoire · CE38XPS uni. Silca - Zylinderschlüssel,,,,1.07,https://autosleutel-specialist.nl/images/products/akey_3390_7d155179_0.jpg,https://autosleutel-specialist.nl/images/products/akey_3390_7d155179_0.jpg
3391,ce8-ce34-ce35-ce36-silca-1411-0-ce2-ce-110-universal-zylinderschlussel,"CE8  CE34 CE35 CE36 Silca 1411-0,  CE2 , CE-110  - Universal Zylinderschlüssel",Accessoire · CE8 CE34 CE35 CE36 Silca 1411-0 CE2 CE-110,,,,0.83,https://autosleutel-specialist.nl/images/products/akey_3391_211cdff1_0.jpg,https://autosleutel-specialist.nl/images/products/akey_3391_211cdff1_0.jpg
3392,dm126-dom-40d-1363-0-dm1024pp-1363-0-bis-35-dm65-1-universalschlussel-borkey-alp,DM126 DOM-40D 1363-0 DM1024PP 1363/0 bis 35 DM65-1 -  Universalschlüssel Börkey Alpaka,Accessoire · DM126 DOM-40D 1363-0 DM1024PP 1363/0 bis 3,,,,1.43,https://autosleutel-specialist.nl/images/products/akey_3392_c3224943_0.jpg,https://autosleutel-specialist.nl/images/products/akey_3392_c3224943_0.jpg
3393,dm126r-1363-0-dom-40-dm1024ppr-1363-0-bis-35-dm65r-universal-zylinderschlussel,DM126R 1363%-0 DOM-40 DM1024PPR 1363%/0 bis 35  DM65R  - Universal-Zylinderschlüssel,Accessoire · DM126R 1363%-0 DOM-40 DM1024PPR 1363%/0 bi,,,,1.43,https://autosleutel-specialist.nl/images/products/akey_3393_6c93521b_0.jpg,https://autosleutel-specialist.nl/images/products/akey_3393_6c93521b_0.jpg
3394,dm154r-1948-0-dom-80-anlagenschlussel-universal,DM154R  1948-0   DOM-80   Anlagenschlüssel Universal,Accessoire · DM154R 1948-0 DOM-80 Anlagenschlüssel,,,,1.75,https://autosleutel-specialist.nl/images/products/akey_3394_8859ea99_0.jpg,https://autosleutel-specialist.nl/images/products/akey_3394_8859ea99_0.jpg
3395,dm167-do151-dom-sonder-anlageprofil-alpaka,"DM167,DO151 DOM Sonder- Anlageprofil Alpaka",Accessoire · DM167 DO151 DOM Sonder- Anlageprofil Alpak,,,,1.96,https://autosleutel-specialist.nl/images/products/akey_3395_e41823c2_0.jpg,https://autosleutel-specialist.nl/images/products/akey_3395_e41823c2_0.jpg
3396,dm167r-do151s-dom-sonder-anlageprofil-alpaka,"DM167R, DO151S DOM Sonder- Anlageprofil Alpaka",Accessoire · DM167R DO151S DOM Sonder- Anlageprofil Alp,,,,1.96,https://autosleutel-specialist.nl/images/products/akey_3396_fa1bdb1e_0.jpg,https://autosleutel-specialist.nl/images/products/akey_3396_fa1bdb1e_0.jpg
3397,dm24-dm64-dm122-ix-bohrmuldenschlussel-universalprofil,DM24  DM64  DM122 IX  Bohrmuldenschlüssel Universalprofil,Accessoire · DM24 DM64 DM122 IX Bohrmuldenschlüssel Uni,,,,1.79,https://autosleutel-specialist.nl/images/products/akey_3397_d25ffdbc_0.jpg,https://autosleutel-specialist.nl/images/products/akey_3397_d25ffdbc_0.jpg
3398,dm53-dm49-ix-bohrmuldenschlussel-universalprofil,DM53 DM49 IX   Bohrmuldenschlüssel  Universalprofil,Accessoire · DM53 DM49 IX Bohrmuldenschlüssel Universal,,,,2.26,https://autosleutel-specialist.nl/images/products/akey_3398_e3a29f20_0.jpg,https://autosleutel-specialist.nl/images/products/akey_3398_e3a29f20_0.jpg
3399,ev35-a-1715-0-1820-0-keyline-universal,EV35-A 1715-0- 1820-0 Keyline Universal,Accessoire · EV35-A 1715-0- 1820-0 Keyline,,,,1.73,https://autosleutel-specialist.nl/images/products/akey_3399_465094d3_0.jpg,https://autosleutel-specialist.nl/images/products/akey_3399_465094d3_0.jpg
3400,35-passend-fur-wk47r-anlageprofil,+35 passend für WK47R Anlageprofil,Accessoire · +35 passend für WK47R Anlageprofil,,,,1.59,https://autosleutel-specialist.nl/images/products/akey_3400_1232f5b5_0.jpg,https://autosleutel-specialist.nl/images/products/akey_3400_1232f5b5_0.jpg | https://autosleutel-specialist.nl/images/products/akey_3400_1232f5b5_1.jpg
3401,72-errebi-zylinderschlussel,+72 ERREBI - Zylinderschlüssel,Accessoire · +72 ERREBI - Zylinderschlüssel,,,,1.07,https://autosleutel-specialist.nl/images/products/akey_3401_7f0833b0_0.jpg,https://autosleutel-specialist.nl/images/products/akey_3401_7f0833b0_0.jpg
3402,1336-5-borkey-ev103x-5-zylinderschlussel,1336-5 BÖRKEY  -  EV103X-5 -  Zylinderschlüssel,Accessoire · 1336-5 BÖRKEY - EV103X-5 - Zylinderschlüss,,,,1.07,https://autosleutel-specialist.nl/images/products/akey_3402_4f88ece0_0.jpg,https://autosleutel-specialist.nl/images/products/akey_3402_4f88ece0_0.jpg
3403,1373r-0-5-sp20-tok-25-sonderanlageprofil-hauptschlussel,1373R-0  +5  SP20  TOK-25 Sonderanlageprofil Hauptschlüssel,Accessoire · 1373R-0 +5 SP20 TOK-25 Sonderanlageprofil,,,,1.96,https://autosleutel-specialist.nl/images/products/akey_3403_2370a46d_0.jpg,https://autosleutel-specialist.nl/images/products/akey_3403_2370a46d_0.jpg
3404,1721-1-borkey-zylinderschlussel-anlageschlussel,1721/1  BÖRKEY  - Zylinderschlüssel Anlageschlüssel,Accessoire · 1721/1 BÖRKEY - Zylinderschlüssel Anlagesc,,,,1.07,https://autosleutel-specialist.nl/images/products/akey_3404_7cb3737e_0.jpg,https://autosleutel-specialist.nl/images/products/akey_3404_7cb3737e_0.jpg
3405,1767-anlagenschlussel-geeignet-gur-assa-ruku,1767   Anlagenschlüssel geeignet gür ASSA / Ruku,Accessoire · 1767 Anlagenschlüssel geeignet gür ASSA /,,,,1.07,https://autosleutel-specialist.nl/images/products/akey_3405_01123a70_0.jpg,https://autosleutel-specialist.nl/images/products/akey_3405_01123a70_0.jpg
3406,1865-bai25r-zylinderschlussel,1865  BAI25R   Zylinderschlüssel,Accessoire · 1865 BAI25R Zylinderschlüssel,,,,0.71,https://autosleutel-specialist.nl/images/products/akey_3406_9c335784_0.jpg,https://autosleutel-specialist.nl/images/products/akey_3406_9c335784_0.jpg
3407,1865-bai25-zylinderschlussel,1865%  BAI25   Zylinderschlüssel,Accessoire · 1865% BAI25 Zylinderschlüssel,,,,0.71,https://autosleutel-specialist.nl/images/products/akey_3407_aef2c6ca_0.jpg,https://autosleutel-specialist.nl/images/products/akey_3407_aef2c6ca_0.jpg
3408,1939p-nw52-fahrradschlussel-abus-orginal,1939P  NW52   Fahrradschlüssel Abus Orginal,Accessoire · 1939P NW52 Fahrradschlüssel Abus Orginal,,,,1.49,https://autosleutel-specialist.nl/images/products/akey_3408_34d354fc_0.jpg,https://autosleutel-specialist.nl/images/products/akey_3408_34d354fc_0.jpg
3409,1975-zylinderschlussel-fur-l-f,1975 Zylinderschlüssel für L+F,Accessoire · 1975 Zylinderschlüssel für L+F,,,,0.48,https://autosleutel-specialist.nl/images/products/akey_3409_2884fd4e_0.jpg,https://autosleutel-specialist.nl/images/products/akey_3409_2884fd4e_0.jpg
3410,1975-zylinderschlussel-geeignet-fur-l-f,1975½  Zylinderschlüssel geeignet für L+F,Accessoire · 1975½ Zylinderschlüssel geeignet für L+F,,,,0.48,https://autosleutel-specialist.nl/images/products/akey_3410_ea5ecf3c_0.jpg,https://autosleutel-specialist.nl/images/products/akey_3410_ea5ecf3c_0.jpg
3411,ab10-silca-1082-au7-abu-2d-abu-1d-zylinderschlussel,AB10 Silca 1082 AU7 ABU-2D ABU-1D   - Zylinderschlüssel,Accessoire · AB10 Silca 1082 AU7 ABU-2D ABU-1D - Zylind,,,,0.48,https://autosleutel-specialist.nl/images/products/akey_3411_61460647_0.jpg,https://autosleutel-specialist.nl/images/products/akey_3411_61460647_0.jpg
3412,ab100-1855-kleinzylinderschlussel,AB100  1855   Kleinzylinderschlüssel,Accessoire · AB100 1855 Kleinzylinderschlüssel,,,,0.48,https://autosleutel-specialist.nl/images/products/akey_3412_8b746c94_0.jpg,https://autosleutel-specialist.nl/images/products/akey_3412_8b746c94_0.jpg
3413,ab100r-1855-kleinzylinderschlussel,AB100R  1855%   Kleinzylinderschlüssel,Accessoire · AB100R 1855% Kleinzylinderschlüssel,,,,0.42,https://autosleutel-specialist.nl/images/products/akey_3413_0cc46a69_0.jpg,https://autosleutel-specialist.nl/images/products/akey_3413_0cc46a69_0.jpg
3414,ab104r-ab101rx-1952-abu-86d,AB104R AB101RX  1952  ABU-86D,Accessoire · AB104R AB101RX 1952 ABU-86D,,,,0.48,https://autosleutel-specialist.nl/images/products/akey_3414_c4258657_0.jpg,https://autosleutel-specialist.nl/images/products/akey_3414_c4258657_0.jpg
3415,ab105r-abus-nw72-fahrradschloss-abus,AB105R ABUS NW72   Fahrradschloss ABUS,Accessoire · AB105R ABUS NW72 Fahrradschloss ABUS,,,,1.07,https://autosleutel-specialist.nl/images/products/akey_3415_103609a3_0.jpg,https://autosleutel-specialist.nl/images/products/akey_3415_103609a3_0.jpg
9000,xdnpr8gl-mqb-rh850-v850-adapter,XDNPR8GL,Accessoire · XDNPR8GL,accessoires,,,1.0,https://autosleutel-specialist.nl/images/products/xdnpr8gl-mqb-rh850-v850-adapter.jpg,https://autosleutel-specialist.nl/images/products/xdnpr8gl-mqb-rh850-v850-adapter.jpg
9001,zfph-rh850-mcu-reader-module,ZFPH-RH850 MCU Reader Module,Accessoire · ZFPH-RH850 MCU Reader Module,accessoires,,,1.0,https://autosleutel-specialist.nl/images/products/zfph-rh850-mcu-reader-module.jpg,https://autosleutel-specialist.nl/images/products/zfph-rh850-mcu-reader-module.jpg
9002,xdmpr8gl-mqb-rh850-v850-adapter,XDNPR8GL,Accessoire · XDNPR8GL,accessoires,,,1.0,https://autosleutel-specialist.nl/images/products/xdmpr8gl-mqb-rh850-v850-adapter.jpg,https://autosleutel-specialist.nl/images/products/xdmpr8gl-mqb-rh850-v850-adapter.jpg
9003,obdstar-key-master-g3-tablet,OBDSTAR Key Master G3 – Tablet,Accessoire · OBDSTAR Key Master G3 – Tablet,accessoires,,,1.0,https://autosleutel-specialist.nl/images/products/obdstar-key-master-g3-tablet.jpg,https://autosleutel-specialist.nl/images/products/obdstar-key-master-g3-tablet.jpg
9004,obdstar-toyota-30-kabel-fuer-all-key-lost,OBDSTAR Toyota-30 Kabel für All Key lost,Accessoire · OBDSTAR Toyota-30 Kabel für All Key lost,accessoires,,,1.0,https://autosleutel-specialist.nl/images/products/obdstar-toyota-30-kabel-fuer-all-key-lost.jpg,https://autosleutel-specialist.nl/images/products/obdstar-toyota-30-kabel-fuer-all-key-lost.jpg
9005,obdstar-c1022-can-direct-v2-kit,OBDSTAR C1022 CAN DIRECT-V2 Kit,Accessoire · OBDSTAR C1022 CAN DIRECT-V2 Kit,accessoires,,,1.0,https://autosleutel-specialist.nl/images/products/obdstar-c1022-can-direct-v2-kit.jpg,https://autosleutel-specialist.nl/images/products/obdstar-c1022-can-direct-v2-kit.jpg
9006,fbs3-kit-geeignet-fuer-mercedes-benz,FBS3 Kit geeignet für Mercedes Benz,Accessoire · FBS3 Kit geeignet für Mercedes Benz,accessoires,,,1.0,https://autosleutel-specialist.nl/images/products/fbs3-kit-geeignet-fuer-mercedes-benz.jpg,https://autosleutel-specialist.nl/images/products/fbs3-kit-geeignet-fuer-mercedes-benz.jpg
9007,obdstar-rh850-v850-kompletter-adapter-kit,OBDSTAR RH850 / V850 Kompletter Adapter Kit,Accessoire · OBDSTAR RH850 / V850 Kompletter Adapter Kit,accessoires,,,1.0,https://autosleutel-specialist.nl/images/products/obdstar-rh850-v850-kompletter-adapter-kit.jpg,https://autosleutel-specialist.nl/images/products/obdstar-rh850-v850-kompletter-adapter-kit.jpg
9008,xdmo20en-xhorse-vvdi-mini-obd-tool,XDMO20EN Xhorse VVDI MINI OBD Tool,Accessoire · XDMO20EN Xhorse VVDI MINI OBD Tool,accessoires,,,1.0,https://autosleutel-specialist.nl/images/products/xdmo20en-xhorse-vvdi-mini-obd-tool.jpg,https://autosleutel-specialist.nl/images/products/xdmo20en-xhorse-vvdi-mini-obd-tool.jpg
9009,xdkp00en-xhorse-vvdi-key-tool-plus-pad-full,XDKP00EN Xhorse VVDI Key Tool Plus Pad Full,Accessoire · XDKP00EN Xhorse VVDI Key Tool Plus Pad Full,accessoires,,,1.0,https://autosleutel-specialist.nl/images/products/xdkp00en-xhorse-vvdi-key-tool-plus-pad-full.jpg,https://autosleutel-specialist.nl/images/products/xdkp00en-xhorse-vvdi-key-tool-plus-pad-full.jpg
9010,ein-jahr-unbegrenzte-token-fuer-xhorse-vvdi-mb-bga-tool-benz,Ein Jahr unbegrenzte Token für Xhorse VVDI MB BGA TOOL BENZ,Accessoire · Ein Jahr unbegrenzte Token für Xhorse VVDI MB BGA TOOL BENZ,accessoires,,,1.0,https://autosleutel-specialist.nl/images/products/ein-jahr-unbegrenzte-token-fuer-xhorse-vvdi-mb-bga-tool-benz.jpg,https://autosleutel-specialist.nl/images/products/ein-jahr-unbegrenzte-token-fuer-xhorse-vvdi-mb-bga-tool-benz.jpg
9011,xdkt01en-xhorse-vvdi-key-tool-remote-programmier-kabel,XDKT01EN Xhorse VVDI KEY TOOL Remote Programmier Kabel,Accessoire · XDKT01EN Xhorse VVDI KEY TOOL Remote Programmier Kabel,accessoires,,,1.0,https://autosleutel-specialist.nl/images/products/xdkt01en-xhorse-vvdi-key-tool-remote-programmier-kabel.jpg,https://autosleutel-specialist.nl/images/products/xdkt01en-xhorse-vvdi-key-tool-remote-programmier-kabel.jpg
9012,zfhc-ea-externe-antenne-fuer-zedfull,ZFHC-EA Externe Antenne für ZedFull,Accessoire · ZFHC-EA Externe Antenne für ZedFull,accessoires,,,1.0,https://autosleutel-specialist.nl/images/products/zfhc-ea-externe-antenne-fuer-zedfull.jpg,https://autosleutel-specialist.nl/images/products/zfhc-ea-externe-antenne-fuer-zedfull.jpg
9013,zfh-ea1-eeprom-pcb-fuer-8-pins-zed-full,ZFH-EA1 - EEPROM PCB für 8 Pins [ Zed-FULL ],Accessoire · ZFH-EA1 - EEPROM PCB für 8 Pins [ Zed-FULL ],accessoires,,,1.0,https://autosleutel-specialist.nl/images/products/zfh-ea1-eeprom-pcb-fuer-8-pins-zed-full.jpg,https://autosleutel-specialist.nl/images/products/zfh-ea1-eeprom-pcb-fuer-8-pins-zed-full.jpg
9014,zfh-ea2-64-pins-mcu-adapter-zed-full,ZFH-EA2 - 64 PINS MCU ADAPTER [ Zed-FULL ],Accessoire · ZFH-EA2 - 64 PINS MCU ADAPTER [ Zed-FULL ],accessoires,,,1.0,https://autosleutel-specialist.nl/images/products/zfh-ea2-64-pins-mcu-adapter-zed-full.jpg,https://autosleutel-specialist.nl/images/products/zfh-ea2-64-pins-mcu-adapter-zed-full.jpg
9015,zfh-c02p-vag-uds-dashboard-kabel-zed-full,ZFH-C02P - VAG UDS DASHBOARD KABEL - [ Zed-FULL ],Accessoire · ZFH-C02P - VAG UDS DASHBOARD KABEL - [ Zed-FULL ],accessoires,,,1.0,https://autosleutel-specialist.nl/images/products/zfh-c02p-vag-uds-dashboard-kabel-zed-full.jpg,https://autosleutel-specialist.nl/images/products/zfh-c02p-vag-uds-dashboard-kabel-zed-full.jpg
9016,zfh-c05-circuit-kabel-kompatibel-fuer-vw-passat-zed-full,ZFH-C05 - CIRCUIT KABEL kompatibel für VW PASSAT - [Zed-FULL],Accessoire · ZFH-C05 - CIRCUIT KABEL kompatibel für VW PASSAT - [Zed-FULL],accessoires,,,1.0,https://autosleutel-specialist.nl/images/products/zfh-c05-circuit-kabel-kompatibel-fuer-vw-passat-zed-full.jpg,https://autosleutel-specialist.nl/images/products/zfh-c05-circuit-kabel-kompatibel-fuer-vw-passat-zed-full.jpg
9017,zed-full-credits-token,Zed FULL credits Token,Accessoire · Zed FULL credits Token,accessoires,,,1.0,https://autosleutel-specialist.nl/images/products/zed-full-credits-token.jpg,https://autosleutel-specialist.nl/images/products/zed-full-credits-token.jpg
9018,zed-full-year-lifs-jahresupdate-fuer-schluesselkopiermaschine,Zed FULL year lifs Jahresupdate für Schlüsselkopiermaschine,Accessoire · Zed FULL year lifs Jahresupdate für Schlüsselkopiermaschine,accessoires,,,1.0,https://autosleutel-specialist.nl/images/products/zed-full-year-lifs-jahresupdate-fuer-schluesselkopiermaschine.jpg,https://autosleutel-specialist.nl/images/products/zed-full-year-lifs-jahresupdate-fuer-schluesselkopiermaschine.jpg
9019,zfhc-obd2-obd-kabel-fuer-zedfull,ZFHC-OBD2 - OBD Kabel für ZedFull,Accessoire · ZFHC-OBD2 - OBD Kabel für ZedFull,accessoires,,,1.0,https://autosleutel-specialist.nl/images/products/zfhc-obd2-obd-kabel-fuer-zedfull.jpg,https://autosleutel-specialist.nl/images/products/zfhc-obd2-obd-kabel-fuer-zedfull.jpg
9020,netzadapter-eu-universal-fuer-autel-zedfull-ua,"Netzadapter EU Universal für Autel, ZedFull u.a.","Accessoire · Netzadapter EU Universal für Autel, ZedFull u.a.",accessoires,,,1.0,https://autosleutel-specialist.nl/images/products/netzadapter-eu-universal-fuer-autel-zedfull-ua.jpg,https://autosleutel-specialist.nl/images/products/netzadapter-eu-universal-fuer-autel-zedfull-ua.jpg
91101,zfh-usb-kabel,ZFH-USB Kabel,Accessoire · ZFH-USB Kabel,accessoires,,,1.0,https://autosleutel-specialist.nl/images/products/zfh-usb-kabel.jpg,https://autosleutel-specialist.nl/images/products/zfh-usb-kabel.jpg
91101,zfh-dongel-1-holden-commodore-dongle,ZFH-DONGEL-1 - HOLDEN COMMODORE DONGLE,Accessoire · ZFH-DONGEL-1 - HOLDEN COMMODORE DONGLE,accessoires,,,1.0,https://autosleutel-specialist.nl/images/products/zfh-dongel-1-holden-commodore-dongle.jpg,https://autosleutel-specialist.nl/images/products/zfh-dongel-1-holden-commodore-dongle.jpg
91101,zfh-ea3-bmw-ews3-test-clip,ZFH-EA3 BMW EWS3 Test Clip,Accessoire · ZFH-EA3 BMW EWS3 Test Clip,accessoires,,,1.0,https://autosleutel-specialist.nl/images/products/zfh-ea3-bmw-ews3-test-clip.jpg,https://autosleutel-specialist.nl/images/products/zfh-ea3-bmw-ews3-test-clip.jpg
91101,zfh-c03-motorbike-cabel,ZFH-C03 Motorbike Cabel,Accessoire · ZFH-C03 Motorbike Cabel,accessoires,,,1.0,https://autosleutel-specialist.nl/images/products/zfh-c03-motorbike-cabel.jpg,https://autosleutel-specialist.nl/images/products/zfh-c03-motorbike-cabel.jpg
91101,zfh-c04-bmw-case-cabel,ZFH-C04 BMW Case Cabel,Accessoire · ZFH-C04 BMW Case Cabel,accessoires,,,1.0,https://autosleutel-specialist.nl/images/products/zfh-c04-bmw-case-cabel.jpg,https://autosleutel-specialist.nl/images/products/zfh-c04-bmw-case-cabel.jpg
91101,zfh-c08-2-universal-20-pin-cable-for-eeprom-application,ZFH-C08-2 Universal 20 Pin Cable for eeprom application,Accessoire · ZFH-C08-2 Universal 20 Pin Cable for eeprom application,accessoires,,,1.0,https://autosleutel-specialist.nl/images/products/zfh-c08-2-universal-20-pin-cable-for-eeprom-application.jpg,https://autosleutel-specialist.nl/images/products/zfh-c08-2-universal-20-pin-cable-for-eeprom-application.jpg
91101,zfh-c09p-universal-obd2-dongle-cable,ZFH-C09P Universal OBD2-Dongle Cable,Accessoire · ZFH-C09P Universal OBD2-Dongle Cable,accessoires,,,1.0,https://autosleutel-specialist.nl/images/products/zfh-c09p-universal-obd2-dongle-cable.jpg,https://autosleutel-specialist.nl/images/products/zfh-c09p-universal-obd2-dongle-cable.jpg
91101,zfh-ea5-705b-pcb-adapter-zed-full,ZFH-EA5 - (7)05B PCB ADAPTER [ Zed-FULL],Accessoire · ZFH-EA5 - (7)05B PCB ADAPTER [ Zed-FULL],accessoires,,,1.0,https://autosleutel-specialist.nl/images/products/zfh-ea5-705b-pcb-adapter-zed-full.jpg,https://autosleutel-specialist.nl/images/products/zfh-ea5-705b-pcb-adapter-zed-full.jpg
91101,zfh-ea6-05e6-05p3-mcu-eeprom-adapter-zed-full,ZFH-EA6 - 05E6 / 05P3 MCU EEPROM ADAPTER [ Zed-FULL],Accessoire · ZFH-EA6 - 05E6 / 05P3 MCU EEPROM ADAPTER [ Zed-FULL],accessoires,,,1.0,https://autosleutel-specialist.nl/images/products/zfh-ea6-05e6-05p3-mcu-eeprom-adapter-zed-full.jpg,https://autosleutel-specialist.nl/images/products/zfh-ea6-05e6-05p3-mcu-eeprom-adapter-zed-full.jpg
91101,zfh-ea7-rev1-eeprom-adapter-zed-full,ZFH-EA7 (REV1) - EEPROM ADAPTER [ Zed-FULL],Accessoire · ZFH-EA7 (REV1) - EEPROM ADAPTER [ Zed-FULL],accessoires,,,1.0,https://autosleutel-specialist.nl/images/products/zfh-ea7-rev1-eeprom-adapter-zed-full.jpg,https://autosleutel-specialist.nl/images/products/zfh-ea7-rev1-eeprom-adapter-zed-full.jpg
91101,zfh-ea8-05e6-05p3-mcu-adapter-zed-full,ZFH-EA8 - 05E6/05P3 MCU ADAPTER [ Zed-FULL],Accessoire · ZFH-EA8 - 05E6/05P3 MCU ADAPTER [ Zed-FULL],accessoires,,,1.0,https://autosleutel-specialist.nl/images/products/zfh-ea8-05e6-05p3-mcu-adapter-zed-full.jpg,https://autosleutel-specialist.nl/images/products/zfh-ea8-05e6-05p3-mcu-adapter-zed-full.jpg
91101,zfh-ea9-08az-ab-908as-az-mcu-adapter-zed-full,ZFH-EA9 - 08AZ/AB-908AS/AZ MCU ADAPTER [ Zed-FULL],Accessoire · ZFH-EA9 - 08AZ/AB-908AS/AZ MCU ADAPTER [ Zed-FULL],accessoires,,,1.0,https://autosleutel-specialist.nl/images/products/zfh-ea9-08az-ab-908as-az-mcu-adapter-zed-full.jpg,https://autosleutel-specialist.nl/images/products/zfh-ea9-08az-ab-908as-az-mcu-adapter-zed-full.jpg
91101,zfh-ea10-08az-ab-908as-az-mcu-pcb-adapter-zed-full,ZFH-EA10 - 08AZ/AB-908AS/AZ MCU PCB ADAPTER [ Zed-FULL ],Accessoire · ZFH-EA10 - 08AZ/AB-908AS/AZ MCU PCB ADAPTER [ Zed-FULL ],accessoires,,,1.0,https://autosleutel-specialist.nl/images/products/zfh-ea10-08az-ab-908as-az-mcu-pcb-adapter-zed-full.jpg,https://autosleutel-specialist.nl/images/products/zfh-ea10-08az-ab-908as-az-mcu-pcb-adapter-zed-full.jpg
91101,zfh-ea11-05b-x-mcu-pcb-adapter-zed-full,ZFH-EA11 - 05B/X MCU PCB ADAPTER [ Zed-FULL ],Accessoire · ZFH-EA11 - 05B/X MCU PCB ADAPTER [ Zed-FULL ],accessoires,,,1.0,https://autosleutel-specialist.nl/images/products/zfh-ea11-05b-x-mcu-pcb-adapter-zed-full.jpg,https://autosleutel-specialist.nl/images/products/zfh-ea11-05b-x-mcu-pcb-adapter-zed-full.jpg
91101,zfh-ea12-zed-full,ZFH-EA12 - [ Zed-FULL ],Accessoire · ZFH-EA12 - [ Zed-FULL ],accessoires,,,1.0,https://autosleutel-specialist.nl/images/products/zfh-ea12-zed-full.jpg,https://autosleutel-specialist.nl/images/products/zfh-ea12-zed-full.jpg
91101,zfh-emi-emulator-adapter-zed-full,ZFH-EMI - EMULATOR ADAPTER [ Zed-FULL ],Accessoire · ZFH-EMI - EMULATOR ADAPTER [ Zed-FULL ],accessoires,,,1.0,https://autosleutel-specialist.nl/images/products/zfh-emi-emulator-adapter-zed-full.jpg,https://autosleutel-specialist.nl/images/products/zfh-emi-emulator-adapter-zed-full.jpg
91101,zed-net-wlan-adapter-stick-zed-full,Zed-NET- WLAN ADAPTER / STICK - [ Zed-FULL ],Accessoire · Zed-NET- WLAN ADAPTER / STICK - [ Zed-FULL ],accessoires,,,1.0,https://autosleutel-specialist.nl/images/products/zed-net-wlan-adapter-stick-zed-full.jpg,https://autosleutel-specialist.nl/images/products/zed-net-wlan-adapter-stick-zed-full.jpg
91101,zfh-pcf79xx-recycling-adapter-zed-full,ZFH-PCF79XX - RECYCLING ADAPTER [ Zed-FULL ],Accessoire · ZFH-PCF79XX - RECYCLING ADAPTER [ Zed-FULL ],accessoires,,,1.0,https://autosleutel-specialist.nl/images/products/zfh-pcf79xx-recycling-adapter-zed-full.jpg,https://autosleutel-specialist.nl/images/products/zfh-pcf79xx-recycling-adapter-zed-full.jpg
91101,zfh-c14-autobatteriekabel-12-dc-volt-versorgung-fuer-daf-lkw-zed-full,ZFH-C14 - AUTOBATTERIEKABEL 12 DC Volt-Versorgung - für DAF LKW - [Ze,Accessoire · ZFH-C14 - AUTOBATTERIEKABEL 12 DC Volt-Versorgung - für DAF LKW - [Ze,accessoires,,,1.0,https://autosleutel-specialist.nl/images/products/zfh-c14-autobatteriekabel-12-dc-volt-versorgung-fuer-daf-lkw-zed-full.jpg,https://autosleutel-specialist.nl/images/products/zfh-c14-autobatteriekabel-12-dc-volt-versorgung-fuer-daf-lkw-zed-full.jpg
91101,zfh-c15-zfh-ute-anschluss-kabel-zed-full,ZFH-C15 - ZFH/UTE ANSCHLUSS KABEL - [Zed-FULL],Accessoire · ZFH-C15 - ZFH/UTE ANSCHLUSS KABEL - [Zed-FULL],accessoires,,,1.0,https://autosleutel-specialist.nl/images/products/zfh-c15-zfh-ute-anschluss-kabel-zed-full.jpg,https://autosleutel-specialist.nl/images/products/zfh-c15-zfh-ute-anschluss-kabel-zed-full.jpg
91101,adapter-ews4-xhorse,Adapter EWS4 Xhorse,Accessoire · Adapter EWS4 Xhorse,accessoires,,,1.0,https://autosleutel-specialist.nl/images/products/adapter-ews4-xhorse.jpg,https://autosleutel-specialist.nl/images/products/adapter-ews4-xhorse.jpg
91101,xkto05en-xhorse-universal-fernbedienung,XKTO05EN Xhorse Universal Fernbedienung,Accessoire · XKTO05EN Xhorse Universal Fernbedienung,accessoires,,,1.0,https://autosleutel-specialist.nl/images/products/xkto05en-xhorse-universal-fernbedienung.jpg,https://autosleutel-specialist.nl/images/products/xkto05en-xhorse-universal-fernbedienung.jpg
91101,m1-klemme-spannbacke-xhorse,M1 Klemme Spannbacke Xhorse,Accessoire · M1 Klemme Spannbacke Xhorse,accessoires,,,1.0,https://autosleutel-specialist.nl/images/products/m1-klemme-spannbacke-xhorse.jpg,https://autosleutel-specialist.nl/images/products/m1-klemme-spannbacke-xhorse.jpg
91101,m2-klemme-spannbacke-xhorse,M2 Klemme Spannbacke Xhorse,Accessoire · M2 Klemme Spannbacke Xhorse,accessoires,,,1.0,https://autosleutel-specialist.nl/images/products/m2-klemme-spannbacke-xhorse.jpg,https://autosleutel-specialist.nl/images/products/m2-klemme-spannbacke-xhorse.jpg
91101,m3-klemme-spannbacke-xhorse,M3 Klemme Spannbacke Xhorse,Accessoire · M3 Klemme Spannbacke Xhorse,accessoires,,,1.0,https://autosleutel-specialist.nl/images/products/m3-klemme-spannbacke-xhorse.jpg,https://autosleutel-specialist.nl/images/products/m3-klemme-spannbacke-xhorse.jpg
91101,m4-klemme-spannbacke-xhorse,M4 Klemme Spannbacke Xhorse,Accessoire · M4 Klemme Spannbacke Xhorse,accessoires,,,1.0,https://autosleutel-specialist.nl/images/products/m4-klemme-spannbacke-xhorse.jpg,https://autosleutel-specialist.nl/images/products/m4-klemme-spannbacke-xhorse.jpg
91101,xnbz01en-funkschluessel-xhorse-remote-board,Funkschlüssel - Xhorse Remote Board - XNBZ01,Accessoire · Funkschlüssel - Xhorse Remote Board - XNBZ01,accessoires,,,1.0,https://autosleutel-specialist.nl/images/products/xnbz01en-funkschluessel-xhorse-remote-board~2.jpg,https://autosleutel-specialist.nl/images/products/xnbz01en-funkschluessel-xhorse-remote-board~2.jpg
91101,xsbz01en-funkschluessel-xhorse-remote-board-fbs3-keylessgoo,Funkschlüssel - Xhorse Remote Board - FBS3 Keylessgoo,Accessoire · Funkschlüssel - Xhorse Remote Board - FBS3 Keylessgoo,accessoires,,,1.0,https://autosleutel-specialist.nl/images/products/xsbz01en-funkschluessel-xhorse-remote-board-fbs3-keylessgoo.jpg,https://autosleutel-specialist.nl/images/products/xsbz01en-funkschluessel-xhorse-remote-board-fbs3-keylessgoo.jpg
91101,zfh-c18-chrysler-2018-dasboard-and-star-connector-cable,ZFH-C18 Chrysler 2018+ DASBOARD and Star Connector Cable,Accessoire · ZFH-C18 Chrysler 2018+ DASBOARD and Star Connector Cable,accessoires,,,1.0,https://autosleutel-specialist.nl/images/products/zfh-c18-chrysler-2018-dasboard-and-star-connector-cable.jpg,https://autosleutel-specialist.nl/images/products/zfh-c18-chrysler-2018-dasboard-and-star-connector-cable.jpg
91101,autel-maxicheck-mx808,Autel MaxiCheck MX808,Accessoire · Autel MaxiCheck MX808,accessoires,,,1.0,https://autosleutel-specialist.nl/images/products/autel-maxicheck-mx808.jpg,https://autosleutel-specialist.nl/images/products/autel-maxicheck-mx808.jpg
91101,xdppr0en-xhorse-mini-prog,XDPPR0EN Xhorse Mini Prog,Accessoire · XDPPR0EN Xhorse Mini Prog,accessoires,,,1.0,https://autosleutel-specialist.nl/images/products/xdppr0en-xhorse-mini-prog.jpg,https://autosleutel-specialist.nl/images/products/xdppr0en-xhorse-mini-prog.jpg
91101,xc0201en-xhorse-condor-xc-002-multifunktionale-spannbacke-xhorse,XC0201EN Xhorse Condor XC-002 Multifunktionale Spannbacke Xhorse,Accessoire · XC0201EN Xhorse Condor XC-002 Multifunktionale Spannbacke Xhorse,accessoires,,,1.0,https://autosleutel-specialist.nl/images/products/xc0201en-xhorse-condor-xc-002-multifunktionale-spannbacke-xhorse.jpg,https://autosleutel-specialist.nl/images/products/xc0201en-xhorse-condor-xc-002-multifunktionale-spannbacke-xhorse.jpg
91101,xsto00gl-xhorse-geeignet-fuer-toyota-universal-smart-key-pcb,Xhorse geeignet für Toyota Universal Smart Key PCB,Accessoire · Xhorse geeignet für Toyota Universal Smart Key PCB,accessoires,,,1.0,https://autosleutel-specialist.nl/images/products/xsto00gl-xhorse-geeignet-fuer-toyota-universal-smart-key-pcb.jpg,https://autosleutel-specialist.nl/images/products/xsto00gl-xhorse-geeignet-fuer-toyota-universal-smart-key-pcb.jpg
91101,xhorse-smart-remote-watch,Xhorse Smart Remote Watch,Accessoire · Xhorse Smart Remote Watch,accessoires,,,1.0,https://autosleutel-specialist.nl/images/products/xhorse-smart-remote-watch.jpg,https://autosleutel-specialist.nl/images/products/xhorse-smart-remote-watch.jpg
91101,xhorse-dolphin-2-xp-005l,XHORSE DOLPHIN 2 XP-005L,Accessoire · XHORSE DOLPHIN 2 XP-005L,accessoires,,,1.0,https://autosleutel-specialist.nl/images/products/xhorse-dolphin-2-xp-005l.jpg,https://autosleutel-specialist.nl/images/products/xhorse-dolphin-2-xp-005l.jpg
91101,zed-full-plus,Zed FULL Plus,Accessoire · Zed FULL Plus,accessoires,,,1.0,https://autosleutel-specialist.nl/images/products/zed-full-plus.jpg,https://autosleutel-specialist.nl/images/products/zed-full-plus.jpg
91101,key-reader-xhorse,Key Reader Xhorse,Accessoire · Key Reader Xhorse,accessoires,,,1.0,https://autosleutel-specialist.nl/images/products/key-reader-xhorse.jpg,https://autosleutel-specialist.nl/images/products/key-reader-xhorse.jpg
91101,1632-gateway-adapter-for-nissan-fuer-alle-geraete,16+32 Gateway Adapter for Nissan - für alle Geräte,Accessoire · 16+32 Gateway Adapter for Nissan - für alle Geräte,accessoires,,,1.0,https://autosleutel-specialist.nl/images/products/1632-gateway-adapter-for-nissan-fuer-alle-geraete.jpg,https://autosleutel-specialist.nl/images/products/1632-gateway-adapter-for-nissan-fuer-alle-geraete.jpg
91101,zfh-ute-2-universal-transponder-emulator-zed-full,ZFH-UTE-2 UNIVERSAL TRANSPONDER EMULATOR - [Zed-FULL],Accessoire · ZFH-UTE-2 UNIVERSAL TRANSPONDER EMULATOR - [Zed-FULL],accessoires,,,1.0,https://autosleutel-specialist.nl/images/products/zfh-ute-2-universal-transponder-emulator-zed-full.jpg,https://autosleutel-specialist.nl/images/products/zfh-ute-2-universal-transponder-emulator-zed-full.jpg
91101,zfh-ews3-2-adapter-zed-full-plus,ZFH-EWS3-2 - ADAPTER [ Zed-FULL &amp; Plus ],Accessoire · ZFH-EWS3-2 - ADAPTER [ Zed-FULL &amp; Plus ],accessoires,,,1.0,https://autosleutel-specialist.nl/images/products/zfh-ews3-2-adapter-zed-full-plus.jpg,https://autosleutel-specialist.nl/images/products/zfh-ews3-2-adapter-zed-full-plus.jpg
91101,xskc04en-xhorse-king-card-4-tasten-universal-smart-remote-key,Xhorse King Card 4 Tasten Universal Smart Remote Key,Accessoire · Xhorse King Card 4 Tasten Universal Smart Remote Key,accessoires,,,1.0,https://autosleutel-specialist.nl/images/products/xskc04en-xhorse-king-card-4-tasten-universal-smart-remote-key.jpg,https://autosleutel-specialist.nl/images/products/xskc04en-xhorse-king-card-4-tasten-universal-smart-remote-key.jpg
91101,xsto01en-xhorse-geeignet-fuer-toyota,XSTO01EN,Accessoire · XSTO01EN,accessoires,,,1.0,https://autosleutel-specialist.nl/images/products/xsto01en-xhorse-geeignet-fuer-toyota.jpg,https://autosleutel-specialist.nl/images/products/xsto01en-xhorse-geeignet-fuer-toyota.jpg
91101,xhorse-xklks0en-universal-fernbedienung,Xhorse XKLKS0EN Universal Fernbedienung,Accessoire · Xhorse XKLKS0EN Universal Fernbedienung,accessoires,,,1.0,https://autosleutel-specialist.nl/images/products/xhorse-xklks0en-universal-fernbedienung.jpg,https://autosleutel-specialist.nl/images/products/xhorse-xklks0en-universal-fernbedienung.jpg
91101,xhorse-dolphin-xp-008-schluesselfraesmaschine-fuer-spezialbart-doppelbartschluessel,"Xhorse Dolphin XP-008 Schlüsselfräsmaschine für Spezialbart-, Doppelb","Accessoire · Xhorse Dolphin XP-008 Schlüsselfräsmaschine für Spezialbart-, Doppelb",accessoires,,,1.0,https://autosleutel-specialist.nl/images/products/xhorse-dolphin-xp-008-schluesselfraesmaschine-fuer-spezialbart-doppelbartschluessel.jpg,https://autosleutel-specialist.nl/images/products/xhorse-dolphin-xp-008-schluesselfraesmaschine-fuer-spezialbart-doppelbartschluessel.jpg
91101,xnbzt1gl-funkschluessel-xhorse-remote-board,XNBZT1GL Funkschlüssel - Xhorse Remote Board,Accessoire · XNBZT1GL Funkschlüssel - Xhorse Remote Board,accessoires,,,1.0,https://autosleutel-specialist.nl/images/products/xnbzt1gl-funkschluessel-xhorse-remote-board.jpg,https://autosleutel-specialist.nl/images/products/xnbzt1gl-funkschluessel-xhorse-remote-board.jpg
91101,autel-km100,Autel KM100,Accessoire · Autel KM100,accessoires,,,1.0,https://autosleutel-specialist.nl/images/products/autel-km100.jpg,https://autosleutel-specialist.nl/images/products/autel-km100.jpg
91101,xp-400-pro-autel,XP-400 PRO Autel,Accessoire · XP-400 PRO Autel,accessoires,,,1.0,https://autosleutel-specialist.nl/images/products/xp-400-pro-autel.jpg,https://autosleutel-specialist.nl/images/products/xp-400-pro-autel.jpg
91101,zfh-c07-2-neuartiges-c07-kabel-mit-rundkabel-10-pins,ZFH-C07-2 Neuartiges C07-Kabel mit Rundkabel-10 Pins,Accessoire · ZFH-C07-2 Neuartiges C07-Kabel mit Rundkabel-10 Pins,accessoires,,,1.0,https://autosleutel-specialist.nl/images/products/zfh-c07-2-neuartiges-c07-kabel-mit-rundkabel-10-pins.jpg,https://autosleutel-specialist.nl/images/products/zfh-c07-2-neuartiges-c07-kabel-mit-rundkabel-10-pins.jpg
91101,zfhc-hkrp-zed-full-hyu-kia-fernbedienungskabel,ZFHC-HKRP - Zed-FULL HYU-KIA FERNBEDIENUNGSKABEL,Accessoire · ZFHC-HKRP - Zed-FULL HYU-KIA FERNBEDIENUNGSKABEL,accessoires,,,1.0,https://autosleutel-specialist.nl/images/products/zfhc-hkrp-zed-full-hyu-kia-fernbedienungskabel.jpg,https://autosleutel-specialist.nl/images/products/zfhc-hkrp-zed-full-hyu-kia-fernbedienungskabel.jpg
91101,autel-universal-smartkey-geeignet-fuer-chrysler-fiat,IKEYCL004AL,Accessoire · IKEYCL004AL,accessoires,,,1.0,https://autosleutel-specialist.nl/images/products/autel-universal-smartkey-geeignet-fuer-chrysler-fiat.jpg,https://autosleutel-specialist.nl/images/products/autel-universal-smartkey-geeignet-fuer-chrysler-fiat.jpg
91101,autel-universal-smartkey-geeignet-fuer-chrysler-fiat_1,IKEYCL005AL,Accessoire · IKEYCL005AL,accessoires,,,1.0,https://autosleutel-specialist.nl/images/products/autel-universal-smartkey-geeignet-fuer-chrysler-fiat_1.jpg,https://autosleutel-specialist.nl/images/products/autel-universal-smartkey-geeignet-fuer-chrysler-fiat_1.jpg
91101,autel-universal-smartkey,IKEYAT004CL,Accessoire · IKEYAT004CL,accessoires,,,1.0,https://autosleutel-specialist.nl/images/products/autel-universal-smartkey.jpg,https://autosleutel-specialist.nl/images/products/autel-universal-smartkey.jpg
91101,autel-universal-smartkey_1,IKEYAT003AL,Accessoire · IKEYAT003AL,accessoires,,,1.0,https://autosleutel-specialist.nl/images/products/autel-universal-smartkey_1.jpg,https://autosleutel-specialist.nl/images/products/autel-universal-smartkey_1.jpg
91101,autel-universal-smartkey_2,IKEYAT002AL,Accessoire · IKEYAT002AL,accessoires,,,1.0,https://autosleutel-specialist.nl/images/products/autel-universal-smartkey_2.jpg,https://autosleutel-specialist.nl/images/products/autel-universal-smartkey_2.jpg
91101,autel-can-fd-adapter,AUTEL CAN-FD Adapter,Accessoire · AUTEL CAN-FD Adapter,accessoires,,,1.0,https://autosleutel-specialist.nl/images/products/autel-can-fd-adapter.jpg,https://autosleutel-specialist.nl/images/products/autel-can-fd-adapter.jpg
91101,autel-key-programming-adapter-kit,Autel Key Programming Adapter Kit,Accessoire · Autel Key Programming Adapter Kit,accessoires,,,1.0,https://autosleutel-specialist.nl/images/products/autel-key-programming-adapter-kit.jpg,https://autosleutel-specialist.nl/images/products/autel-key-programming-adapter-kit.jpg
91101,xskc05en-xhorse-king-card-4-tasten-universal-smart-remote-key,XSKC05EN Xhorse King Card 4 Tasten Universal Smart Remote Key,Accessoire · XSKC05EN Xhorse King Card 4 Tasten Universal Smart Remote Key,accessoires,,,1.0,https://autosleutel-specialist.nl/images/products/xskc05en-xhorse-king-card-4-tasten-universal-smart-remote-key.jpg,https://autosleutel-specialist.nl/images/products/xskc05en-xhorse-king-card-4-tasten-universal-smart-remote-key.jpg
91101,xt15-7935-xhorse-vvdi-7935-chip-xt15-transponder,XT15 7935 Xhorse VVDI 7935 Chip XT15 Transponder,Accessoire · XT15 7935 Xhorse VVDI 7935 Chip XT15 Transponder,accessoires,,,1.0,https://autosleutel-specialist.nl/images/products/xt15-7935-xhorse-vvdi-7935-chip-xt15-transponder.jpg,https://autosleutel-specialist.nl/images/products/xt15-7935-xhorse-vvdi-7935-chip-xt15-transponder.jpg
91101,xhorse-mb-token-fuer-vvdi-mb-tool,Xhorse MB Token für VVDI MB Tool,Accessoire · Xhorse MB Token für VVDI MB Tool,accessoires,,,1.0,https://autosleutel-specialist.nl/images/products/xhorse-mb-token-fuer-vvdi-mb-tool.jpg,https://autosleutel-specialist.nl/images/products/xhorse-mb-token-fuer-vvdi-mb-tool.jpg
91101,xhorse-mb-token-fuer-vvdi-mb-tool-fuer-1-jahr,Xhorse MB Token für VVDI MB Tool - für 1 Jahr,Accessoire · Xhorse MB Token für VVDI MB Tool - für 1 Jahr,accessoires,,,1.0,https://autosleutel-specialist.nl/images/products/xhorse-mb-token-fuer-vvdi-mb-tool-fuer-1-jahr.jpg,https://autosleutel-specialist.nl/images/products/xhorse-mb-token-fuer-vvdi-mb-tool-fuer-1-jahr.jpg
91101,xsch01en-geeignet-fuer-chrysler-xhorse,XSKF20EN geeignet für BMW XHORSE,Accessoire · XSKF20EN geeignet für BMW XHORSE,accessoires,,,1.0,https://autosleutel-specialist.nl/images/products/xsch01en-geeignet-fuer-chrysler-xhorse.jpg,https://autosleutel-specialist.nl/images/products/xsch01en-geeignet-fuer-chrysler-xhorse.jpg
91101,xsnis2en-geeignet-fuer-nissan-xhorse,XSKF20EN geeignet für BMW XHORSE,Accessoire · XSKF20EN geeignet für BMW XHORSE,accessoires,,,1.0,https://autosleutel-specialist.nl/images/products/xsnis2en-geeignet-fuer-nissan-xhorse.jpg,https://autosleutel-specialist.nl/images/products/xsnis2en-geeignet-fuer-nissan-xhorse.jpg
91101,zedfull-powerkabel,Zedfull Powerkabel,Accessoire · Zedfull Powerkabel,accessoires,,,1.0,https://autosleutel-specialist.nl/images/products/zedfull-powerkabel.jpg,https://autosleutel-specialist.nl/images/products/zedfull-powerkabel.jpg
91101,xkghg3en-garagentoroeffner-xhorse-universal,XKGHG3EN Garagentoröffner XHORSE Universal,Accessoire · XKGHG3EN Garagentoröffner XHORSE Universal,accessoires,,,1.0,https://autosleutel-specialist.nl/images/products/xkghg3en-garagentoroeffner-xhorse-universal.jpg,https://autosleutel-specialist.nl/images/products/xkghg3en-garagentoroeffner-xhorse-universal.jpg
91101,xkgmj1en-garagentoroeffner-xhorse-universal,XKGMJ1EN Garagentoröffner XHORSE Universal,Accessoire · XKGMJ1EN Garagentoröffner XHORSE Universal,accessoires,,,1.0,https://autosleutel-specialist.nl/images/products/xkgmj1en-garagentoroeffner-xhorse-universal.jpg,https://autosleutel-specialist.nl/images/products/xkgmj1en-garagentoroeffner-xhorse-universal.jpg
91101,zfh-mbc-set,ZFH-MBC Set,Accessoire · ZFH-MBC Set,accessoires,,,1.0,https://autosleutel-specialist.nl/images/products/zfh-mbc-set.jpg,https://autosleutel-specialist.nl/images/products/zfh-mbc-set.jpg
91101,xdmb14-en-xhorse-vvdi-oeffnungswerkzeug-ezs,XDMB14 EN Xhorse VVDI Öffnungswerkzeug EZS,Accessoire · XDMB14 EN Xhorse VVDI Öffnungswerkzeug EZS,accessoires,,,1.0,https://autosleutel-specialist.nl/images/products/xdmb14-en-xhorse-vvdi-oeffnungswerkzeug-ezs.jpg,https://autosleutel-specialist.nl/images/products/xdmb14-en-xhorse-vvdi-oeffnungswerkzeug-ezs.jpg
91101,autel-universal-smartkey_3,IKEYAT004EL,Accessoire · IKEYAT004EL,accessoires,,,1.0,https://autosleutel-specialist.nl/images/products/autel-universal-smartkey_3.jpg,https://autosleutel-specialist.nl/images/products/autel-universal-smartkey_3.jpg
91101,autel-im608-pro-ii,Autel IM608 PRO II,Accessoire · Autel IM608 PRO II,accessoires,,,1.0,https://autosleutel-specialist.nl/images/products/autel-im608-pro-ii.jpg,https://autosleutel-specialist.nl/images/products/autel-im608-pro-ii.jpg
91101,autel-im508s,Autel IM508S,Accessoire · Autel IM508S,accessoires,,,1.0,https://autosleutel-specialist.nl/images/products/autel-im508s.jpg,https://autosleutel-specialist.nl/images/products/autel-im508s.jpg
91101,autel-1-jahr-software-update-fuer-im608,Autel 1 Jahr Software Update für IM608,Accessoire · Autel 1 Jahr Software Update für IM608,accessoires,,,1.0,https://autosleutel-specialist.nl/images/products/autel-1-jahr-software-update-fuer-im608.jpg,https://autosleutel-specialist.nl/images/products/autel-1-jahr-software-update-fuer-im608.jpg
91101,xhorse-xccd30gl-25-mm-gravurfraeser-fuer-condor-ii,"Xhorse XCCD30GL 2,5 mm Gravurfräser für Condor II","Accessoire · Xhorse XCCD30GL 2,5 mm Gravurfräser für Condor II",accessoires,,,1.0,https://autosleutel-specialist.nl/images/products/xhorse-xccd30gl-25-mm-gravurfraeser-fuer-condor-ii.jpg,https://autosleutel-specialist.nl/images/products/xhorse-xccd30gl-25-mm-gravurfraeser-fuer-condor-ii.jpg
91101,g-box3-autel,G-BOX3 Autel,Accessoire · G-BOX3 Autel,accessoires,,,1.0,https://autosleutel-specialist.nl/images/products/g-box3-autel.jpg,https://autosleutel-specialist.nl/images/products/g-box3-autel.jpg
91101,autel-toyota-8a-blade-akl-kit,Autel Toyota 8A Blade AKL Kit,Accessoire · Autel Toyota 8A Blade AKL Kit,accessoires,,,1.0,https://autosleutel-specialist.nl/images/products/autel-toyota-8a-blade-akl-kit.jpg,https://autosleutel-specialist.nl/images/products/autel-toyota-8a-blade-akl-kit.jpg
91101,xkm800en-xhorse-universal-fernbedienung,XKM800EN Xhorse Universal Fernbedienung,Accessoire · XKM800EN Xhorse Universal Fernbedienung,accessoires,,,1.0,https://autosleutel-specialist.nl/images/products/xkm800en-xhorse-universal-fernbedienung.jpg,https://autosleutel-specialist.nl/images/products/xkm800en-xhorse-universal-fernbedienung.jpg
91101,fraeser-fuer-xhorse-xc-009-o-70mm,Fräser für Xhorse XC-009 Ø 70mm,Accessoire · Fräser für Xhorse XC-009 Ø 70mm,accessoires,,,1.0,https://autosleutel-specialist.nl/images/products/fraeser-fuer-xhorse-xc-009-o-70mm.jpg,https://autosleutel-specialist.nl/images/products/fraeser-fuer-xhorse-xc-009-o-70mm.jpg
91101,xdmot0gl-xhorse-mini-obd-tool,XDMOT0GL Xhorse MINI OBD Tool,Accessoire · XDMOT0GL Xhorse MINI OBD Tool,accessoires,,,1.0,https://autosleutel-specialist.nl/images/products/xdmot0gl-xhorse-mini-obd-tool.jpg,https://autosleutel-specialist.nl/images/products/xdmot0gl-xhorse-mini-obd-tool.jpg
91101,xnds00en-xhorse-universal-fernbedienung,XNFO01EN,Accessoire · XNFO01EN,accessoires,,,1.0,https://autosleutel-specialist.nl/images/products/xnds00en-xhorse-universal-fernbedienung.jpg,https://autosleutel-specialist.nl/images/products/xnds00en-xhorse-universal-fernbedienung.jpg
91101,xscd01en-geeignet-fuer-cadillac-xhorse,XSKF20EN geeignet für BMW XHORSE,Accessoire · XSKF20EN geeignet für BMW XHORSE,accessoires,,,1.0,https://autosleutel-specialist.nl/images/products/xscd01en-geeignet-fuer-cadillac-xhorse.jpg,https://autosleutel-specialist.nl/images/products/xscd01en-geeignet-fuer-cadillac-xhorse.jpg
91101,xdpg11en-adapter-xhorse-m35080-d80,XDPG11EN Adapter Xhorse M35080/D80,Accessoire · XDPG11EN Adapter Xhorse M35080/D80,accessoires,,,1.0,https://autosleutel-specialist.nl/images/products/xdpg11en-adapter-xhorse-m35080-d80.jpg,https://autosleutel-specialist.nl/images/products/xdpg11en-adapter-xhorse-m35080-d80.jpg
91101,xdmp05gl-eeprom-und-flash-loetadapter-fuer-xhorse-multi-prog,XDMP05GL EEPROM- und FLASH-Lötadapter für Xhorse Multi-Prog,Accessoire · XDMP05GL EEPROM- und FLASH-Lötadapter für Xhorse Multi-Prog,accessoires,,,1.0,https://autosleutel-specialist.nl/images/products/xdmp05gl-eeprom-und-flash-loetadapter-fuer-xhorse-multi-prog.jpg,https://autosleutel-specialist.nl/images/products/xdmp05gl-eeprom-und-flash-loetadapter-fuer-xhorse-multi-prog.jpg
91101,xdmp04gl-sop44-tsop48-loetadapter-fuer-xhorse-multi-prog,XDMP04GL SOP44 &amp; TSOP48 Lötadapter für Xhorse Multi-Prog,Accessoire · XDMP04GL SOP44 &amp; TSOP48 Lötadapter für Xhorse Multi-Prog,accessoires,,,1.0,https://autosleutel-specialist.nl/images/products/xdmp04gl-sop44-tsop48-loetadapter-fuer-xhorse-multi-prog.jpg,https://autosleutel-specialist.nl/images/products/xdmp04gl-sop44-tsop48-loetadapter-fuer-xhorse-multi-prog.jpg
91101,xdmp06gl-vh30-sop44-loetadapter-fuer-xhorse-multi-prog,XDMP06GL VH30 SOP44 Lötadapter für Xhorse Multi-Prog,Accessoire · XDMP06GL VH30 SOP44 Lötadapter für Xhorse Multi-Prog,accessoires,,,1.0,https://autosleutel-specialist.nl/images/products/xdmp06gl-vh30-sop44-loetadapter-fuer-xhorse-multi-prog.jpg,https://autosleutel-specialist.nl/images/products/xdmp06gl-vh30-sop44-loetadapter-fuer-xhorse-multi-prog.jpg
91101,xdmp07gl-vh31-tsop48-loetadapter-fuer-xhorse-multi-prog,XDMP07GL VH31 TSOP48 Lötadapter für Xhorse Multi-Prog,Accessoire · XDMP07GL VH31 TSOP48 Lötadapter für Xhorse Multi-Prog,accessoires,,,1.0,https://autosleutel-specialist.nl/images/products/xdmp07gl-vh31-tsop48-loetadapter-fuer-xhorse-multi-prog.jpg,https://autosleutel-specialist.nl/images/products/xdmp07gl-vh31-tsop48-loetadapter-fuer-xhorse-multi-prog.jpg
91101,xhorse-vvdi-key-tool-max-pro-tpms-sensor,Xhorse VVDI Key Tool Max Pro TPMS Sensor,Accessoire · Xhorse VVDI Key Tool Max Pro TPMS Sensor,accessoires,,,1.0,https://autosleutel-specialist.nl/images/products/xhorse-vvdi-key-tool-max-pro-tpms-sensor.jpg,https://autosleutel-specialist.nl/images/products/xhorse-vvdi-key-tool-max-pro-tpms-sensor.jpg
91101,autel-universal-smartkey_4,Autel Universal Smartkey,Accessoire · Autel Universal Smartkey,accessoires,,,1.0,https://autosleutel-specialist.nl/images/products/autel-universal-smartkey_4.jpg,https://autosleutel-specialist.nl/images/products/autel-universal-smartkey_4.jpg
91101,xhorse-xdmlb0-vvdi-mlb-tool-zum-hinzufuegen-von-schluesseln,Xhorse XDMLB0 VVDI MLB Tool zum Hinzufügen von Schlüsseln,Accessoire · Xhorse XDMLB0 VVDI MLB Tool zum Hinzufügen von Schlüsseln,accessoires,,,1.0,https://autosleutel-specialist.nl/images/products/xhorse-xdmlb0-vvdi-mlb-tool-zum-hinzufuegen-von-schluesseln.jpg,https://autosleutel-specialist.nl/images/products/xhorse-xdmlb0-vvdi-mlb-tool-zum-hinzufuegen-von-schluesseln.jpg
91101,xhorse-spezial-pcb-platine-exklusiv-geeignet-fuer-peugeot-citroen-und-ds-modelle,"Xhorse Spezial-PCB-Platine exklusiv geeignet für Peugeot-, Citroen- u","Accessoire · Xhorse Spezial-PCB-Platine exklusiv geeignet für Peugeot-, Citroen- u",accessoires,,,1.0,https://autosleutel-specialist.nl/images/products/xhorse-spezial-pcb-platine-exklusiv-geeignet-fuer-peugeot-citroen-und-ds-modelle.jpg,https://autosleutel-specialist.nl/images/products/xhorse-spezial-pcb-platine-exklusiv-geeignet-fuer-peugeot-citroen-und-ds-modelle.jpg
91101,apb131-adapter-erweitertes-schluesselprogrammierzubehoer-fuer-autel-xp400-pro,APB 112,Accessoire · APB 112,accessoires,,,1.0,https://autosleutel-specialist.nl/images/products/apb131-adapter-erweitertes-schluesselprogrammierzubehoer-fuer-autel-xp400-pro.jpg,https://autosleutel-specialist.nl/images/products/apb131-adapter-erweitertes-schluesselprogrammierzubehoer-fuer-autel-xp400-pro.jpg
91101,autel-universal-smartkey-geeignet-fuer-opel-buick,IKEYAT004EL,Accessoire · IKEYAT004EL,accessoires,,,1.0,https://autosleutel-specialist.nl/images/products/autel-universal-smartkey-geeignet-fuer-opel-buick.jpg,https://autosleutel-specialist.nl/images/products/autel-universal-smartkey-geeignet-fuer-opel-buick.jpg
91101,autel-universal-smartkey-geeignet-fuer-opel-buick_1,IKEYAT004EL,Accessoire · IKEYAT004EL,accessoires,,,1.0,https://autosleutel-specialist.nl/images/products/autel-universal-smartkey-geeignet-fuer-opel-buick_1.jpg,https://autosleutel-specialist.nl/images/products/autel-universal-smartkey-geeignet-fuer-opel-buick_1.jpg
91101,autel-universal-smartkey-geeignet-fuer-toyota,IKEYAT004EL,Accessoire · IKEYAT004EL,accessoires,,,1.0,https://autosleutel-specialist.nl/images/products/autel-universal-smartkey-geeignet-fuer-toyota.jpg,https://autosleutel-specialist.nl/images/products/autel-universal-smartkey-geeignet-fuer-toyota.jpg
91101,autel-universal-smartkey_5,IKEYAT004EL,Accessoire · IKEYAT004EL,accessoires,,,1.0,https://autosleutel-specialist.nl/images/products/autel-universal-smartkey_5.jpg,https://autosleutel-specialist.nl/images/products/autel-universal-smartkey_5.jpg
91101,autel-universal-smartkey_6,IKEYAT004EL,Accessoire · IKEYAT004EL,accessoires,,,1.0,https://autosleutel-specialist.nl/images/products/autel-universal-smartkey_6.jpg,https://autosleutel-specialist.nl/images/products/autel-universal-smartkey_6.jpg
91101,volvo-pincode-berechnungsmodul-fuer-zed-full-plus,Volvo PinCode-Berechnungsmodul für Zed-FULL plus,Accessoire · Volvo PinCode-Berechnungsmodul für Zed-FULL plus,accessoires,,,1.0,https://autosleutel-specialist.nl/images/products/volvo-pincode-berechnungsmodul-fuer-zed-full-plus.jpg,https://autosleutel-specialist.nl/images/products/volvo-pincode-berechnungsmodul-fuer-zed-full-plus.jpg
91101,autel-kabel-zum-codieren-und-flashen-geignet-fuer-bmw,Autel Kabel zum Codieren und Flashen geignet für BMW,Accessoire · Autel Kabel zum Codieren und Flashen geignet für BMW,accessoires,,,1.0,https://autosleutel-specialist.nl/images/products/autel-kabel-zum-codieren-und-flashen-geignet-fuer-bmw.jpg,https://autosleutel-specialist.nl/images/products/autel-kabel-zum-codieren-und-flashen-geignet-fuer-bmw.jpg
91101,xhorse-xsdfx1en-3-tasten-universal-smart-remote-key,Xhorse XSDFX1EN 3 Tasten Universal Smart Remote Key,Accessoire · Xhorse XSDFX1EN 3 Tasten Universal Smart Remote Key,accessoires,,,1.0,https://autosleutel-specialist.nl/images/products/xhorse-xsdfx1en-3-tasten-universal-smart-remote-key.jpg,https://autosleutel-specialist.nl/images/products/xhorse-xsdfx1en-3-tasten-universal-smart-remote-key.jpg
91101,xhorse-xsdfx2xn-31-tasten-universal-smart-remote-key,Xhorse XSDFX2XN 3+1 Tasten Universal Smart Remote Key,Accessoire · Xhorse XSDFX2XN 3+1 Tasten Universal Smart Remote Key,accessoires,,,1.0,https://autosleutel-specialist.nl/images/products/xhorse-xsdfx2xn-31-tasten-universal-smart-remote-key.jpg,https://autosleutel-specialist.nl/images/products/xhorse-xsdfx2xn-31-tasten-universal-smart-remote-key.jpg
91101,xssbr0en-geeignet-fuer-xhorse,XSKF20EN geeignet für BMW XHORSE,Accessoire · XSKF20EN geeignet für BMW XHORSE,accessoires,,,1.0,https://autosleutel-specialist.nl/images/products/xssbr0en-geeignet-fuer-xhorse.jpg,https://autosleutel-specialist.nl/images/products/xssbr0en-geeignet-fuer-xhorse.jpg
91101,xdkp20gl-xhorse-leser-geeignet-fuer-mercedes-benz-ir,XDKP20GL Xhorse Leser geeignet für Mercedes Benz IR,Accessoire · XDKP20GL Xhorse Leser geeignet für Mercedes Benz IR,accessoires,,,1.0,https://autosleutel-specialist.nl/images/products/xdkp20gl-xhorse-leser-geeignet-fuer-mercedes-benz-ir.jpg,https://autosleutel-specialist.nl/images/products/xdkp20gl-xhorse-leser-geeignet-fuer-mercedes-benz-ir.jpg
91101,xkxh00en-unversal-fernbedienung-fuer-xhorse,XKXH00EN Unversal Fernbedienung für XHORSE,Accessoire · XKXH00EN Unversal Fernbedienung für XHORSE,accessoires,,,1.0,https://autosleutel-specialist.nl/images/products/xkxh00en-unversal-fernbedienung-fuer-xhorse.jpg,https://autosleutel-specialist.nl/images/products/xkxh00en-unversal-fernbedienung-fuer-xhorse.jpg
91101,xssc01en-geeignet-fuer-xhorse,XSKF20EN geeignet für BMW XHORSE,Accessoire · XSKF20EN geeignet für BMW XHORSE,accessoires,,,1.0,https://autosleutel-specialist.nl/images/products/xssc01en-geeignet-fuer-xhorse.jpg,https://autosleutel-specialist.nl/images/products/xssc01en-geeignet-fuer-xhorse.jpg
91101,xssc05en-geeignet-fuer-xhorse,XSKF20EN geeignet für BMW XHORSE,Accessoire · XSKF20EN geeignet für BMW XHORSE,accessoires,,,1.0,https://autosleutel-specialist.nl/images/products/xssc05en-geeignet-fuer-xhorse.jpg,https://autosleutel-specialist.nl/images/products/xssc05en-geeignet-fuer-xhorse.jpg
91101,xhorse-xdmlbp-loetfreies-adapterkit-vvdi-mlb-werkzeug,Xhorse XDMLBP Lötfreies Adapterkit VVDI MLB-Werkzeug,Accessoire · Xhorse XDMLBP Lötfreies Adapterkit VVDI MLB-Werkzeug,accessoires,,,1.0,https://autosleutel-specialist.nl/images/products/xhorse-xdmlbp-loetfreies-adapterkit-vvdi-mlb-werkzeug.jpg,https://autosleutel-specialist.nl/images/products/xhorse-xdmlbp-loetfreies-adapterkit-vvdi-mlb-werkzeug.jpg
91101,zfh-eic-schaltkreisleserkabel,ZFH-EIC Schaltkreisleserkabel,Accessoire · ZFH-EIC Schaltkreisleserkabel,accessoires,,,1.0,https://autosleutel-specialist.nl/images/products/zfh-eic-schaltkreisleserkabel.jpg,https://autosleutel-specialist.nl/images/products/zfh-eic-schaltkreisleserkabel.jpg
91101,xhorse-ersatzspannbacke-fuer-dolphin-xp-007,Xhorse Ersatzspannbacke für Dolphin XP-007,Accessoire · Xhorse Ersatzspannbacke für Dolphin XP-007,accessoires,,,1.0,https://autosleutel-specialist.nl/images/products/xhorse-ersatzspannbacke-fuer-dolphin-xp-007.jpg,https://autosleutel-specialist.nl/images/products/xhorse-ersatzspannbacke-fuer-dolphin-xp-007.jpg
91101,xkhy25en-hyundai-style-xhorse,XKHY05EN Hyundai Style XHORSE,Accessoire · XKHY05EN Hyundai Style XHORSE,accessoires,,,1.0,https://autosleutel-specialist.nl/images/products/xkhy25en-hyundai-style-xhorse.jpg,https://autosleutel-specialist.nl/images/products/xkhy25en-hyundai-style-xhorse.jpg
91101,xkgd22en-garagentor-garagentoroeffner-xhorse-universal,XKGD22EN Garagentor Garagentoröffner XHORSE Universal,Accessoire · XKGD22EN Garagentor Garagentoröffner XHORSE Universal,accessoires,,,1.0,https://autosleutel-specialist.nl/images/products/xkgd22en-garagentor-garagentoroeffner-xhorse-universal.jpg,https://autosleutel-specialist.nl/images/products/xkgd22en-garagentor-garagentoroeffner-xhorse-universal.jpg
91101,autel-universal-transponder-chip,Autel Universal Transponder Chip,Accessoire · Autel Universal Transponder Chip,accessoires,,,1.0,https://autosleutel-specialist.nl/images/products/autel-universal-transponder-chip.jpg,https://autosleutel-specialist.nl/images/products/autel-universal-transponder-chip.jpg
91101,xhorse-bdc2-bmw-g-lizenz-aktivierung,XHORSE BDC2 BMW-G Lizenz Aktivierung,Accessoire · XHORSE BDC2 BMW-G Lizenz Aktivierung,accessoires,,,1.0,https://autosleutel-specialist.nl/images/products/xhorse-bdc2-bmw-g-lizenz-aktivierung.jpg,https://autosleutel-specialist.nl/images/products/xhorse-bdc2-bmw-g-lizenz-aktivierung.jpg
91101,xssc05en-geeignet-fuer-xhorse_1,XSKF20EN geeignet für BMW XHORSE,Accessoire · XSKF20EN geeignet für BMW XHORSE,accessoires,,,1.0,https://autosleutel-specialist.nl/images/products/xssc05en-geeignet-fuer-xhorse_1.jpg,https://autosleutel-specialist.nl/images/products/xssc05en-geeignet-fuer-xhorse_1.jpg
91101,akku-fuer-das-xhorse-key-tool-plus-tablet,Akku für das XHORSE KEY TOOL PLUS Tablet,Accessoire · Akku für das XHORSE KEY TOOL PLUS Tablet,accessoires,,,1.0,https://autosleutel-specialist.nl/images/products/akku-fuer-das-xhorse-key-tool-plus-tablet.jpg,https://autosleutel-specialist.nl/images/products/akku-fuer-das-xhorse-key-tool-plus-tablet.jpg
91101,autel-maxiflash-jvci-sae-j2534-rp1210-iso-22900-geraet,Autel MaxiFlash JVCI+ SAE J2534 RP1210 ISO 22900 Gerät,Accessoire · Autel MaxiFlash JVCI+ SAE J2534 RP1210 ISO 22900 Gerät,accessoires,,,1.0,https://autosleutel-specialist.nl/images/products/autel-maxiflash-jvci-sae-j2534-rp1210-iso-22900-geraet.jpg,https://autosleutel-specialist.nl/images/products/autel-maxiflash-jvci-sae-j2534-rp1210-iso-22900-geraet.jpg
91101,netzteil-fuer-autel,Netzteil für Autel,Accessoire · Netzteil für Autel,accessoires,,,1.0,https://autosleutel-specialist.nl/images/products/netzteil-fuer-autel.jpg,https://autosleutel-specialist.nl/images/products/netzteil-fuer-autel.jpg
91101,xdkp91gl-40-poliges-gateway-kabel-geeignet-fuer-nissan-und-mitsubishi,XDKP91GL 40-poliges Gateway-Kabel geeignet für Nissan und Mitsubishi,Accessoire · XDKP91GL 40-poliges Gateway-Kabel geeignet für Nissan und Mitsubishi,accessoires,,,1.0,https://autosleutel-specialist.nl/images/products/xdkp91gl-40-poliges-gateway-kabel-geeignet-fuer-nissan-und-mitsubishi.jpg,https://autosleutel-specialist.nl/images/products/xdkp91gl-40-poliges-gateway-kabel-geeignet-fuer-nissan-und-mitsubishi.jpg
91101,k5515lb-fraeser-geeignet-fuer-xhorse-condor,AX-CUT,Accessoire · AX-CUT,accessoires,,,1.0,https://autosleutel-specialist.nl/images/products/k5515lb-fraeser-geeignet-fuer-xhorse-condor~3.jpg,https://autosleutel-specialist.nl/images/products/k5515lb-fraeser-geeignet-fuer-xhorse-condor~3.jpg
91101,k5520lb-fraeser-geeignet-fuer-xhorse-condor,AX-CUT,Accessoire · AX-CUT,accessoires,,,1.0,https://autosleutel-specialist.nl/images/products/k5520lb-fraeser-geeignet-fuer-xhorse-condor.jpg,https://autosleutel-specialist.nl/images/products/k5520lb-fraeser-geeignet-fuer-xhorse-condor.jpg
91101,xhorse-bosch-ecu-adapter,Xhorse - Bosch ECU Adapter,Accessoire · Xhorse - Bosch ECU Adapter,accessoires,,,1.0,https://autosleutel-specialist.nl/images/products/xhorse-bosch-ecu-adapter.jpg,https://autosleutel-specialist.nl/images/products/xhorse-bosch-ecu-adapter.jpg
91101,xhorse-vvdi-bee-key-tool-lite,Xhorse VVDI BEE Key Tool Lite,Accessoire · Xhorse VVDI BEE Key Tool Lite,accessoires,,,1.0,https://autosleutel-specialist.nl/images/products/xhorse-vvdi-bee-key-tool-lite.jpg,https://autosleutel-specialist.nl/images/products/xhorse-vvdi-bee-key-tool-lite.jpg
91101,xdkp21gl-xhorse-solder-free-adapter,XDKP21GL Xhorse Solder Free Adapter,Accessoire · XDKP21GL Xhorse Solder Free Adapter,accessoires,,,1.0,https://autosleutel-specialist.nl/images/products/xdkp21gl-xhorse-solder-free-adapter.jpg,https://autosleutel-specialist.nl/images/products/xdkp21gl-xhorse-solder-free-adapter.jpg
91101,xdkp22gl-xhorse-solder-free-adapter,XDKP22GL Xhorse Solder Free Adapter,Accessoire · XDKP22GL Xhorse Solder Free Adapter,accessoires,,,1.0,https://autosleutel-specialist.nl/images/products/xdkp22gl-xhorse-solder-free-adapter.jpg,https://autosleutel-specialist.nl/images/products/xdkp22gl-xhorse-solder-free-adapter.jpg
91101,xdkp23gl-xhorse-solder-free-adapter,XDKP23GL Xhorse Solder Free Adapter,Accessoire · XDKP23GL Xhorse Solder Free Adapter,accessoires,,,1.0,https://autosleutel-specialist.nl/images/products/xdkp23gl-xhorse-solder-free-adapter~3.jpg,https://autosleutel-specialist.nl/images/products/xdkp23gl-xhorse-solder-free-adapter~3.jpg
91101,xhorse,Xhorse,Accessoire · Xhorse,accessoires,,,1.0,https://autosleutel-specialist.nl/images/products/logo.png,https://autosleutel-specialist.nl/images/products/logo.png
91101,zed-full-zubehoer,Zed-FULL Zubehör,Accessoire · Zed-FULL Zubehör,accessoires,,,1.0,https://autosleutel-specialist.nl/images/products/logo.png,https://autosleutel-specialist.nl/images/products/logo.png
91101,xhorse-zubehoer,XHORSE Zubehör,Accessoire · XHORSE Zubehör,accessoires,,,1.0,https://autosleutel-specialist.nl/images/products/logo.png,https://autosleutel-specialist.nl/images/products/logo.png
91101,xhorse-universal,XHORSE Universal,Accessoire · XHORSE Universal,accessoires,,,1.0,https://autosleutel-specialist.nl/images/products/logo.png,https://autosleutel-specialist.nl/images/products/logo.png
91101,xhorse_2,Xhorse,Accessoire · Xhorse,accessoires,,,1.0,https://autosleutel-specialist.nl/images/products/logo.png,https://autosleutel-specialist.nl/images/products/logo.png
91101,autel-universal,AUTEL Universal,Accessoire · AUTEL Universal,accessoires,,,1.0,https://autosleutel-specialist.nl/images/products/logo.png,https://autosleutel-specialist.nl/images/products/logo.png
91101,autel-zubehoer,Autel Zubehör,Accessoire · Autel Zubehör,accessoires,,,1.0,https://autosleutel-specialist.nl/images/products/logo.png,https://autosleutel-specialist.nl/images/products/logo.png
91101,spannbacke-xhorse,Spannbacke Xhorse,Accessoire · Spannbacke Xhorse,accessoires,,,1.0,https://autosleutel-specialist.nl/images/products/logo.png,https://autosleutel-specialist.nl/images/products/logo.png
91101,obdstar-zubehoer,OBDSTAR Zubehör,Accessoire · OBDSTAR Zubehör,accessoires,,,1.0,https://autosleutel-specialist.nl/images/products/logo.png,https://autosleutel-specialist.nl/images/products/logo.png
91101,xhorse_1,XHORSE,Accessoire · XHORSE,accessoires,,,1.0,https://autosleutel-specialist.nl/images/products/logo.png,https://autosleutel-specialist.nl/images/products/logo.png
91101,xhorse_3,Grosshandel für Autoschlüssel Codiergeräte Schlüssel,Accessoire · Grosshandel für Autoschlüssel Codiergeräte Schlüssel,accessoires,,,1.0,https://autosleutel-specialist.nl/images/products/logo.png,https://autosleutel-specialist.nl/images/products/logo.png
91101,autel_1,AUTEL,Accessoire · AUTEL,accessoires,,,1.0,https://autosleutel-specialist.nl/images/products/logo.png,https://autosleutel-specialist.nl/images/products/logo.png
91101,autel_2,Grosshandel für Autoschlüssel Codiergeräte Schlüssel,Accessoire · Grosshandel für Autoschlüssel Codiergeräte Schlüssel,accessoires,,,1.0,https://autosleutel-specialist.nl/images/products/logo.png,https://autosleutel-specialist.nl/images/products/logo.png
91101,otofix-autel,Grosshandel für Autoschlüssel Codiergeräte Schlüssel,Accessoire · Grosshandel für Autoschlüssel Codiergeräte Schlüssel,accessoires,,,1.0,https://autosleutel-specialist.nl/images/products/otofix-watch-smart-start_preview.jpg,https://autosleutel-specialist.nl/images/products/otofix-watch-smart-start_preview.jpg
